Player,Surface,Period,Matches,Wins,Losses,WinRate,Elo
Arruabarrena-Vecino L.,Hard,all,15,6,9,0.6,1522.0815408836718
Arruabarrena-Vecino L.,Hard,last_year,0,0,0,0.0,1500.0
Arruabarrena-Vecino L.,Hard,last_month,0,0,0,0.0,1500.0
Arruabarrena-Vecino L.,Carpet,all,0,0,0,0.0,1500.0
Arruabarrena-Vecino L.,Carpet,last_year,0,0,0,0.0,1500.0
Arruabarrena-Vecino L.,Carpet,last_month,0,0,0,0.0,1500.0
Arruabarrena-Vecino L.,Clay,all,18,9,9,0.5,1486.0814729585054
Arruabarrena-Vecino L.,Clay,last_year,0,0,0,0.0,1500.0
Arruabarrena-Vecino L.,Clay,last_month,0,0,0,0.0,1500.0
Arruabarrena-Vecino L.,Grass,all,1,0,1,1.0,1486.2382256531523
Arruabarrena-Vecino L.,Grass,last_year,0,0,0,0.0,1500.0
Arruabarrena-Vecino L.,Grass,last_month,0,0,0,0.0,1500.0
Arruabarrena-Vecino L.,Greenset,all,0,0,0,0.0,1500.0
Arruabarrena-Vecino L.,Greenset,last_year,0,0,0,0.0,1500.0
Arruabarrena-Vecino L.,Greenset,last_month,0,0,0,0.0,1500.0
Fita Boluda A.,Hard,all,0,0,0,0.0,1500.0
Fita Boluda A.,Hard,last_year,0,0,0,0.0,1500.0
Fita Boluda A.,Hard,last_month,0,0,0,0.0,1500.0
Fita Boluda A.,Carpet,all,0,0,0,0.0,1500.0
Fita Boluda A.,Carpet,last_year,0,0,0,0.0,1500.0
Fita Boluda A.,Carpet,last_month,0,0,0,0.0,1500.0
Fita Boluda A.,Clay,all,1,0,1,1.0,1480.3736312805092
Fita Boluda A.,Clay,last_year,0,0,0,0.0,1500.0
Fita Boluda A.,Clay,last_month,0,0,0,0.0,1500.0
Fita Boluda A.,Grass,all,0,0,0,0.0,1500.0
Fita Boluda A.,Grass,last_year,0,0,0,0.0,1500.0
Fita Boluda A.,Grass,last_month,0,0,0,0.0,1500.0
Fita Boluda A.,Greenset,all,0,0,0,0.0,1500.0
Fita Boluda A.,Greenset,last_year,0,0,0,0.0,1500.0
Fita Boluda A.,Greenset,last_month,0,0,0,0.0,1500.0
Bandecchi S.,Hard,all,0,0,0,0.0,1500.0
Bandecchi S.,Hard,last_year,0,0,0,0.0,1500.0
Bandecchi S.,Hard,last_month,0,0,0,0.0,1500.0
Bandecchi S.,Carpet,all,0,0,0,0.0,1500.0
Bandecchi S.,Carpet,last_year,0,0,0,0.0,1500.0
Bandecchi S.,Carpet,last_month,0,0,0,0.0,1500.0
Bandecchi S.,Clay,all,4,1,3,0.75,1529.0567825813807
Bandecchi S.,Clay,last_year,0,0,0,0.0,1500.0
Bandecchi S.,Clay,last_month,0,0,0,0.0,1500.0
Bandecchi S.,Grass,all,1,0,1,1.0,1484.0
Bandecchi S.,Grass,last_year,0,0,0,0.0,1500.0
Bandecchi S.,Grass,last_month,0,0,0,0.0,1500.0
Bandecchi S.,Greenset,all,0,0,0,0.0,1500.0
Bandecchi S.,Greenset,last_year,0,0,0,0.0,1500.0
Bandecchi S.,Greenset,last_month,0,0,0,0.0,1500.0
Bouzkova M.,Hard,all,152,81,71,0.46710526315789475,1500.099037482156
Bouzkova M.,Hard,last_year,28,15,13,0.4642857142857143,1507.5719332450951
Bouzkova M.,Hard,last_month,0,0,0,0.0,1500.0
Bouzkova M.,Carpet,all,0,0,0,0.0,1500.0
Bouzkova M.,Carpet,last_year,0,0,0,0.0,1500.0
Bouzkova M.,Carpet,last_month,0,0,0,0.0,1500.0
Bouzkova M.,Clay,all,45,22,23,0.5111111111111111,1473.4128500411623
Bouzkova M.,Clay,last_year,12,8,4,0.3333333333333333,1487.065782705145
Bouzkova M.,Clay,last_month,0,0,0,0.0,1500.0
Bouzkova M.,Grass,all,27,13,14,0.5185185185185185,1474.5661041076294
Bouzkova M.,Grass,last_year,5,2,3,0.6,1514.2076128429212
Bouzkova M.,Grass,last_month,3,1,2,0.6666666666666666,1513.127889660171
Bouzkova M.,Greenset,all,0,0,0,0.0,1500.0
Bouzkova M.,Greenset,last_year,0,0,0,0.0,1500.0
Bouzkova M.,Greenset,last_month,0,0,0,0.0,1500.0
Tatishvili A.,Hard,all,61,17,44,0.7213114754098361,1363.7633510773596
Tatishvili A.,Hard,last_year,0,0,0,0.0,1500.0
Tatishvili A.,Hard,last_month,0,0,0,0.0,1500.0
Tatishvili A.,Carpet,all,0,0,0,0.0,1500.0
Tatishvili A.,Carpet,last_year,0,0,0,0.0,1500.0
Tatishvili A.,Carpet,last_month,0,0,0,0.0,1500.0
Tatishvili A.,Clay,all,46,17,29,0.6304347826086957,1554.190479243149
Tatishvili A.,Clay,last_year,0,0,0,0.0,1500.0
Tatishvili A.,Clay,last_month,0,0,0,0.0,1500.0
Tatishvili A.,Grass,all,12,4,8,0.6666666666666666,1491.6848737677221
Tatishvili A.,Grass,last_year,0,0,0,0.0,1500.0
Tatishvili A.,Grass,last_month,0,0,0,0.0,1500.0
Tatishvili A.,Greenset,all,0,0,0,0.0,1500.0
Tatishvili A.,Greenset,last_year,0,0,0,0.0,1500.0
Tatishvili A.,Greenset,last_month,0,0,0,0.0,1500.0
Reix S.,Hard,all,1,0,1,1.0,1484.7257648621087
Reix S.,Hard,last_year,0,0,0,0.0,1500.0
Reix S.,Hard,last_month,0,0,0,0.0,1500.0
Reix S.,Carpet,all,0,0,0,0.0,1500.0
Reix S.,Carpet,last_year,0,0,0,0.0,1500.0
Reix S.,Carpet,last_month,0,0,0,0.0,1500.0
Reix S.,Clay,all,2,1,1,0.5,1529.9885450701054
Reix S.,Clay,last_year,0,0,0,0.0,1500.0
Reix S.,Clay,last_month,0,0,0,0.0,1500.0
Reix S.,Grass,all,0,0,0,0.0,1500.0
Reix S.,Grass,last_year,0,0,0,0.0,1500.0
Reix S.,Grass,last_month,0,0,0,0.0,1500.0
Reix S.,Greenset,all,0,0,0,0.0,1500.0
Reix S.,Greenset,last_year,0,0,0,0.0,1500.0
Reix S.,Greenset,last_month,0,0,0,0.0,1500.0
Ostapenko J.,Hard,all,271,150,121,0.44649446494464945,1490.5450900992507
Ostapenko J.,Hard,last_year,19,7,12,0.631578947368421,1501.6962100271244
Ostapenko J.,Hard,last_month,0,0,0,0.0,1500.0
Ostapenko J.,Carpet,all,0,0,0,0.0,1500.0
Ostapenko J.,Carpet,last_year,0,0,0,0.0,1500.0
Ostapenko J.,Carpet,last_month,0,0,0,0.0,1500.0
Ostapenko J.,Clay,all,102,59,43,0.4215686274509804,1564.2514244217666
Ostapenko J.,Clay,last_year,11,8,3,0.2727272727272727,1524.63219533179
Ostapenko J.,Clay,last_month,0,0,0,0.0,1500.0
Ostapenko J.,Grass,all,71,50,21,0.29577464788732394,1454.9704959608691
Ostapenko J.,Grass,last_year,7,5,2,0.2857142857142857,1514.9212124622852
Ostapenko J.,Grass,last_month,2,1,1,0.5,1530.6593823199269
Ostapenko J.,Greenset,all,0,0,0,0.0,1500.0
Ostapenko J.,Greenset,last_year,0,0,0,0.0,1500.0
Ostapenko J.,Greenset,last_month,0,0,0,0.0,1500.0
Stosur S.,Hard,all,394,219,175,0.44416243654822335,1442.1336641102373
Stosur S.,Hard,last_year,0,0,0,0.0,1500.0
Stosur S.,Hard,last_month,0,0,0,0.0,1500.0
Stosur S.,Carpet,all,3,2,1,0.3333333333333333,1513.8955860414674
Stosur S.,Carpet,last_year,0,0,0,0.0,1500.0
Stosur S.,Carpet,last_month,0,0,0,0.0,1500.0
Stosur S.,Clay,all,187,127,60,0.32085561497326204,1591.1284920111434
Stosur S.,Clay,last_year,0,0,0,0.0,1500.0
Stosur S.,Clay,last_month,0,0,0,0.0,1500.0
Stosur S.,Grass,all,60,28,32,0.5333333333333333,1560.9297864404732
Stosur S.,Grass,last_year,0,0,0,0.0,1500.0
Stosur S.,Grass,last_month,0,0,0,0.0,1500.0
Stosur S.,Greenset,all,0,0,0,0.0,1500.0
Stosur S.,Greenset,last_year,0,0,0,0.0,1500.0
Stosur S.,Greenset,last_month,0,0,0,0.0,1500.0
Yoo M.,Hard,all,1,0,1,1.0,1516.1720777931023
Yoo M.,Hard,last_year,0,0,0,0.0,1500.0
Yoo M.,Hard,last_month,0,0,0,0.0,1500.0
Yoo M.,Carpet,all,0,0,0,0.0,1500.0
Yoo M.,Carpet,last_year,0,0,0,0.0,1500.0
Yoo M.,Carpet,last_month,0,0,0,0.0,1500.0
Yoo M.,Clay,all,0,0,0,0.0,1500.0
Yoo M.,Clay,last_year,0,0,0,0.0,1500.0
Yoo M.,Clay,last_month,0,0,0,0.0,1500.0
Yoo M.,Grass,all,0,0,0,0.0,1500.0
Yoo M.,Grass,last_year,0,0,0,0.0,1500.0
Yoo M.,Grass,last_month,0,0,0,0.0,1500.0
Yoo M.,Greenset,all,0,0,0,0.0,1500.0
Yoo M.,Greenset,last_year,0,0,0,0.0,1500.0
Yoo M.,Greenset,last_month,0,0,0,0.0,1500.0
Leykina P.,Hard,all,0,0,0,0.0,1500.0
Leykina P.,Hard,last_year,0,0,0,0.0,1500.0
Leykina P.,Hard,last_month,0,0,0,0.0,1500.0
Leykina P.,Carpet,all,0,0,0,0.0,1500.0
Leykina P.,Carpet,last_year,0,0,0,0.0,1500.0
Leykina P.,Carpet,last_month,0,0,0,0.0,1500.0
Leykina P.,Clay,all,2,1,1,0.5,1470.817223553137
Leykina P.,Clay,last_year,0,0,0,0.0,1500.0
Leykina P.,Clay,last_month,0,0,0,0.0,1500.0
Leykina P.,Grass,all,0,0,0,0.0,1500.0
Leykina P.,Grass,last_year,0,0,0,0.0,1500.0
Leykina P.,Grass,last_month,0,0,0,0.0,1500.0
Leykina P.,Greenset,all,0,0,0,0.0,1500.0
Leykina P.,Greenset,last_year,0,0,0,0.0,1500.0
Leykina P.,Greenset,last_month,0,0,0,0.0,1500.0
Minor B.,Hard,all,1,0,1,1.0,1514.216581891219
Minor B.,Hard,last_year,0,0,0,0.0,1500.0
Minor B.,Hard,last_month,0,0,0,0.0,1500.0
Minor B.,Carpet,all,0,0,0,0.0,1500.0
Minor B.,Carpet,last_year,0,0,0,0.0,1500.0
Minor B.,Carpet,last_month,0,0,0,0.0,1500.0
Minor B.,Clay,all,0,0,0,0.0,1500.0
Minor B.,Clay,last_year,0,0,0,0.0,1500.0
Minor B.,Clay,last_month,0,0,0,0.0,1500.0
Minor B.,Grass,all,0,0,0,0.0,1500.0
Minor B.,Grass,last_year,0,0,0,0.0,1500.0
Minor B.,Grass,last_month,0,0,0,0.0,1500.0
Minor B.,Greenset,all,0,0,0,0.0,1500.0
Minor B.,Greenset,last_year,0,0,0,0.0,1500.0
Minor B.,Greenset,last_month,0,0,0,0.0,1500.0
Rus A.,Hard,all,106,32,74,0.6981132075471698,1527.2186666301297
Rus A.,Hard,last_year,14,5,9,0.6428571428571429,1544.9400099617662
Rus A.,Hard,last_month,0,0,0,0.0,1500.0
Rus A.,Carpet,all,0,0,0,0.0,1500.0
Rus A.,Carpet,last_year,0,0,0,0.0,1500.0
Rus A.,Carpet,last_month,0,0,0,0.0,1500.0
Rus A.,Clay,all,104,42,62,0.5961538461538461,1557.0292636104814
Rus A.,Clay,last_year,7,3,4,0.5714285714285714,1511.4298735120394
Rus A.,Clay,last_month,0,0,0,0.0,1500.0
Rus A.,Grass,all,29,9,20,0.6896551724137931,1425.5148048759495
Rus A.,Grass,last_year,3,1,2,0.6666666666666666,1484.125472284105
Rus A.,Grass,last_month,1,0,1,1.0,1484.736306793522
Rus A.,Greenset,all,0,0,0,0.0,1500.0
Rus A.,Greenset,last_year,0,0,0,0.0,1500.0
Rus A.,Greenset,last_month,0,0,0,0.0,1500.0
Dushevina V.,Hard,all,132,61,71,0.5378787878787878,1453.3775973433012
Dushevina V.,Hard,last_year,0,0,0,0.0,1500.0
Dushevina V.,Hard,last_month,0,0,0,0.0,1500.0
Dushevina V.,Carpet,all,5,3,2,0.4,1484.846093392028
Dushevina V.,Carpet,last_year,0,0,0,0.0,1500.0
Dushevina V.,Carpet,last_month,0,0,0,0.0,1500.0
Dushevina V.,Clay,all,49,22,27,0.5510204081632653,1480.6525613298163
Dushevina V.,Clay,last_year,0,0,0,0.0,1500.0
Dushevina V.,Clay,last_month,0,0,0,0.0,1500.0
Dushevina V.,Grass,all,15,5,10,0.6666666666666666,1509.228162008965
Dushevina V.,Grass,last_year,0,0,0,0.0,1500.0
Dushevina V.,Grass,last_month,0,0,0,0.0,1500.0
Dushevina V.,Greenset,all,0,0,0,0.0,1500.0
Dushevina V.,Greenset,last_year,0,0,0,0.0,1500.0
Dushevina V.,Greenset,last_month,0,0,0,0.0,1500.0
Bratchikova N.,Hard,all,25,8,17,0.68,1503.7621708824913
Bratchikova N.,Hard,last_year,0,0,0,0.0,1500.0
Bratchikova N.,Hard,last_month,0,0,0,0.0,1500.0
Bratchikova N.,Carpet,all,0,0,0,0.0,1500.0
Bratchikova N.,Carpet,last_year,0,0,0,0.0,1500.0
Bratchikova N.,Carpet,last_month,0,0,0,0.0,1500.0
Bratchikova N.,Clay,all,18,4,14,0.7777777777777778,1491.7567495842793
Bratchikova N.,Clay,last_year,0,0,0,0.0,1500.0
Bratchikova N.,Clay,last_month,0,0,0,0.0,1500.0
Bratchikova N.,Grass,all,2,0,2,1.0,1467.645620212593
Bratchikova N.,Grass,last_year,0,0,0,0.0,1500.0
Bratchikova N.,Grass,last_month,0,0,0,0.0,1500.0
Bratchikova N.,Greenset,all,0,0,0,0.0,1500.0
Bratchikova N.,Greenset,last_year,0,0,0,0.0,1500.0
Bratchikova N.,Greenset,last_month,0,0,0,0.0,1500.0
Czink M. ,Hard,all,2,0,2,1.0,1468.766810297684
Czink M. ,Hard,last_year,0,0,0,0.0,1500.0
Czink M. ,Hard,last_month,0,0,0,0.0,1500.0
Czink M. ,Carpet,all,0,0,0,0.0,1500.0
Czink M. ,Carpet,last_year,0,0,0,0.0,1500.0
Czink M. ,Carpet,last_month,0,0,0,0.0,1500.0
Czink M. ,Clay,all,0,0,0,0.0,1500.0
Czink M. ,Clay,last_year,0,0,0,0.0,1500.0
Czink M. ,Clay,last_month,0,0,0,0.0,1500.0
Czink M. ,Grass,all,0,0,0,0.0,1500.0
Czink M. ,Grass,last_year,0,0,0,0.0,1500.0
Czink M. ,Grass,last_month,0,0,0,0.0,1500.0
Czink M. ,Greenset,all,0,0,0,0.0,1500.0
Czink M. ,Greenset,last_year,0,0,0,0.0,1500.0
Czink M. ,Greenset,last_month,0,0,0,0.0,1500.0
Bai A.,Hard,all,1,0,1,1.0,1515.7443374651154
Bai A.,Hard,last_year,0,0,0,0.0,1500.0
Bai A.,Hard,last_month,0,0,0,0.0,1500.0
Bai A.,Carpet,all,0,0,0,0.0,1500.0
Bai A.,Carpet,last_year,0,0,0,0.0,1500.0
Bai A.,Carpet,last_month,0,0,0,0.0,1500.0
Bai A.,Clay,all,0,0,0,0.0,1500.0
Bai A.,Clay,last_year,0,0,0,0.0,1500.0
Bai A.,Clay,last_month,0,0,0,0.0,1500.0
Bai A.,Grass,all,0,0,0,0.0,1500.0
Bai A.,Grass,last_year,0,0,0,0.0,1500.0
Bai A.,Grass,last_month,0,0,0,0.0,1500.0
Bai A.,Greenset,all,0,0,0,0.0,1500.0
Bai A.,Greenset,last_year,0,0,0,0.0,1500.0
Bai A.,Greenset,last_month,0,0,0,0.0,1500.0
Appleton E.,Hard,all,0,0,0,0.0,1500.0
Appleton E.,Hard,last_year,0,0,0,0.0,1500.0
Appleton E.,Hard,last_month,0,0,0,0.0,1500.0
Appleton E.,Carpet,all,0,0,0,0.0,1500.0
Appleton E.,Carpet,last_year,0,0,0,0.0,1500.0
Appleton E.,Carpet,last_month,0,0,0,0.0,1500.0
Appleton E.,Clay,all,0,0,0,0.0,1500.0
Appleton E.,Clay,last_year,0,0,0,0.0,1500.0
Appleton E.,Clay,last_month,0,0,0,0.0,1500.0
Appleton E.,Grass,all,2,0,2,1.0,1501.7461163852618
Appleton E.,Grass,last_year,0,0,0,0.0,1500.0
Appleton E.,Grass,last_month,0,0,0,0.0,1500.0
Appleton E.,Greenset,all,0,0,0,0.0,1500.0
Appleton E.,Greenset,last_year,0,0,0,0.0,1500.0
Appleton E.,Greenset,last_month,0,0,0,0.0,1500.0
Georgatou E.,Hard,all,2,0,2,1.0,1467.2393474198425
Georgatou E.,Hard,last_year,0,0,0,0.0,1500.0
Georgatou E.,Hard,last_month,0,0,0,0.0,1500.0
Georgatou E.,Carpet,all,0,0,0,0.0,1500.0
Georgatou E.,Carpet,last_year,0,0,0,0.0,1500.0
Georgatou E.,Carpet,last_month,0,0,0,0.0,1500.0
Georgatou E.,Clay,all,0,0,0,0.0,1500.0
Georgatou E.,Clay,last_year,0,0,0,0.0,1500.0
Georgatou E.,Clay,last_month,0,0,0,0.0,1500.0
Georgatou E.,Grass,all,0,0,0,0.0,1500.0
Georgatou E.,Grass,last_year,0,0,0,0.0,1500.0
Georgatou E.,Grass,last_month,0,0,0,0.0,1500.0
Georgatou E.,Greenset,all,0,0,0,0.0,1500.0
Georgatou E.,Greenset,last_year,0,0,0,0.0,1500.0
Georgatou E.,Greenset,last_month,0,0,0,0.0,1500.0
Kerber A.,Hard,all,454,283,171,0.3766519823788546,1578.728453636518
Kerber A.,Hard,last_year,0,0,0,0.0,1500.0
Kerber A.,Hard,last_month,0,0,0,0.0,1500.0
Kerber A.,Carpet,all,0,0,0,0.0,1500.0
Kerber A.,Carpet,last_year,0,0,0,0.0,1500.0
Kerber A.,Carpet,last_month,0,0,0,0.0,1500.0
Kerber A.,Clay,all,143,86,57,0.3986013986013986,1626.406353880646
Kerber A.,Clay,last_year,0,0,0,0.0,1500.0
Kerber A.,Clay,last_month,0,0,0,0.0,1500.0
Kerber A.,Grass,all,114,81,33,0.2894736842105263,1587.6710422897304
Kerber A.,Grass,last_year,1,0,1,1.0,1516.0
Kerber A.,Grass,last_month,0,0,0,0.0,1500.0
Kerber A.,Greenset,all,0,0,0,0.0,1500.0
Kerber A.,Greenset,last_year,0,0,0,0.0,1500.0
Kerber A.,Greenset,last_month,0,0,0,0.0,1500.0
Bolkvadze M.,Hard,all,3,1,2,0.6666666666666666,1514.4737701450504
Bolkvadze M.,Hard,last_year,0,0,0,0.0,1500.0
Bolkvadze M.,Hard,last_month,0,0,0,0.0,1500.0
Bolkvadze M.,Carpet,all,0,0,0,0.0,1500.0
Bolkvadze M.,Carpet,last_year,0,0,0,0.0,1500.0
Bolkvadze M.,Carpet,last_month,0,0,0,0.0,1500.0
Bolkvadze M.,Clay,all,1,0,1,1.0,1518.6098741190096
Bolkvadze M.,Clay,last_year,0,0,0,0.0,1500.0
Bolkvadze M.,Clay,last_month,0,0,0,0.0,1500.0
Bolkvadze M.,Grass,all,1,0,1,1.0,1519.7443182746829
Bolkvadze M.,Grass,last_year,1,0,1,1.0,1516.0
Bolkvadze M.,Grass,last_month,1,0,1,1.0,1516.0
Bolkvadze M.,Greenset,all,0,0,0,0.0,1500.0
Bolkvadze M.,Greenset,last_year,0,0,0,0.0,1500.0
Bolkvadze M.,Greenset,last_month,0,0,0,0.0,1500.0
Chvojkova V.,Hard,all,0,0,0,0.0,1500.0
Chvojkova V.,Hard,last_year,0,0,0,0.0,1500.0
Chvojkova V.,Hard,last_month,0,0,0,0.0,1500.0
Chvojkova V.,Carpet,all,0,0,0,0.0,1500.0
Chvojkova V.,Carpet,last_year,0,0,0,0.0,1500.0
Chvojkova V.,Carpet,last_month,0,0,0,0.0,1500.0
Chvojkova V.,Clay,all,3,1,2,0.6666666666666666,1509.9894367334177
Chvojkova V.,Clay,last_year,0,0,0,0.0,1500.0
Chvojkova V.,Clay,last_month,0,0,0,0.0,1500.0
Chvojkova V.,Grass,all,0,0,0,0.0,1500.0
Chvojkova V.,Grass,last_year,0,0,0,0.0,1500.0
Chvojkova V.,Grass,last_month,0,0,0,0.0,1500.0
Chvojkova V.,Greenset,all,0,0,0,0.0,1500.0
Chvojkova V.,Greenset,last_year,0,0,0,0.0,1500.0
Chvojkova V.,Greenset,last_month,0,0,0,0.0,1500.0
Rampre P.,Hard,all,3,1,2,0.6666666666666666,1519.0710542957065
Rampre P.,Hard,last_year,0,0,0,0.0,1500.0
Rampre P.,Hard,last_month,0,0,0,0.0,1500.0
Rampre P.,Carpet,all,0,0,0,0.0,1500.0
Rampre P.,Carpet,last_year,0,0,0,0.0,1500.0
Rampre P.,Carpet,last_month,0,0,0,0.0,1500.0
Rampre P.,Clay,all,3,1,2,0.6666666666666666,1514.8735831073654
Rampre P.,Clay,last_year,0,0,0,0.0,1500.0
Rampre P.,Clay,last_month,0,0,0,0.0,1500.0
Rampre P.,Grass,all,0,0,0,0.0,1500.0
Rampre P.,Grass,last_year,0,0,0,0.0,1500.0
Rampre P.,Grass,last_month,0,0,0,0.0,1500.0
Rampre P.,Greenset,all,0,0,0,0.0,1500.0
Rampre P.,Greenset,last_year,0,0,0,0.0,1500.0
Rampre P.,Greenset,last_month,0,0,0,0.0,1500.0
Rueffer L.,Hard,all,0,0,0,0.0,1500.0
Rueffer L.,Hard,last_year,0,0,0,0.0,1500.0
Rueffer L.,Hard,last_month,0,0,0,0.0,1500.0
Rueffer L.,Carpet,all,0,0,0,0.0,1500.0
Rueffer L.,Carpet,last_year,0,0,0,0.0,1500.0
Rueffer L.,Carpet,last_month,0,0,0,0.0,1500.0
Rueffer L.,Clay,all,1,0,1,1.0,1484.4965252875254
Rueffer L.,Clay,last_year,0,0,0,0.0,1500.0
Rueffer L.,Clay,last_month,0,0,0,0.0,1500.0
Rueffer L.,Grass,all,0,0,0,0.0,1500.0
Rueffer L.,Grass,last_year,0,0,0,0.0,1500.0
Rueffer L.,Grass,last_month,0,0,0,0.0,1500.0
Rueffer L.,Greenset,all,0,0,0,0.0,1500.0
Rueffer L.,Greenset,last_year,0,0,0,0.0,1500.0
Rueffer L.,Greenset,last_month,0,0,0,0.0,1500.0
Guarachi A.,Hard,all,1,0,1,1.0,1480.361895733462
Guarachi A.,Hard,last_year,0,0,0,0.0,1500.0
Guarachi A.,Hard,last_month,0,0,0,0.0,1500.0
Guarachi A.,Carpet,all,0,0,0,0.0,1500.0
Guarachi A.,Carpet,last_year,0,0,0,0.0,1500.0
Guarachi A.,Carpet,last_month,0,0,0,0.0,1500.0
Guarachi A.,Clay,all,0,0,0,0.0,1500.0
Guarachi A.,Clay,last_year,0,0,0,0.0,1500.0
Guarachi A.,Clay,last_month,0,0,0,0.0,1500.0
Guarachi A.,Grass,all,0,0,0,0.0,1500.0
Guarachi A.,Grass,last_year,0,0,0,0.0,1500.0
Guarachi A.,Grass,last_month,0,0,0,0.0,1500.0
Guarachi A.,Greenset,all,0,0,0,0.0,1500.0
Guarachi A.,Greenset,last_year,0,0,0,0.0,1500.0
Guarachi A.,Greenset,last_month,0,0,0,0.0,1500.0
Melander H.,Hard,all,0,0,0,0.0,1500.0
Melander H.,Hard,last_year,0,0,0,0.0,1500.0
Melander H.,Hard,last_month,0,0,0,0.0,1500.0
Melander H.,Carpet,all,0,0,0,0.0,1500.0
Melander H.,Carpet,last_year,0,0,0,0.0,1500.0
Melander H.,Carpet,last_month,0,0,0,0.0,1500.0
Melander H.,Clay,all,1,0,1,1.0,1513.748566858871
Melander H.,Clay,last_year,0,0,0,0.0,1500.0
Melander H.,Clay,last_month,0,0,0,0.0,1500.0
Melander H.,Grass,all,0,0,0,0.0,1500.0
Melander H.,Grass,last_year,0,0,0,0.0,1500.0
Melander H.,Grass,last_month,0,0,0,0.0,1500.0
Melander H.,Greenset,all,0,0,0,0.0,1500.0
Melander H.,Greenset,last_year,0,0,0,0.0,1500.0
Melander H.,Greenset,last_month,0,0,0,0.0,1500.0
Ren Y.,Hard,all,1,0,1,1.0,1486.8666262938007
Ren Y.,Hard,last_year,1,0,1,1.0,1485.6970550681333
Ren Y.,Hard,last_month,0,0,0,0.0,1500.0
Ren Y.,Carpet,all,0,0,0,0.0,1500.0
Ren Y.,Carpet,last_year,0,0,0,0.0,1500.0
Ren Y.,Carpet,last_month,0,0,0,0.0,1500.0
Ren Y.,Clay,all,0,0,0,0.0,1500.0
Ren Y.,Clay,last_year,0,0,0,0.0,1500.0
Ren Y.,Clay,last_month,0,0,0,0.0,1500.0
Ren Y.,Grass,all,0,0,0,0.0,1500.0
Ren Y.,Grass,last_year,0,0,0,0.0,1500.0
Ren Y.,Grass,last_month,0,0,0,0.0,1500.0
Ren Y.,Greenset,all,0,0,0,0.0,1500.0
Ren Y.,Greenset,last_year,0,0,0,0.0,1500.0
Ren Y.,Greenset,last_month,0,0,0,0.0,1500.0
Makarova E.,Hard,all,307,158,149,0.48534201954397393,1589.1403227642954
Makarova E.,Hard,last_year,0,0,0,0.0,1500.0
Makarova E.,Hard,last_month,0,0,0,0.0,1500.0
Makarova E.,Carpet,all,3,1,2,0.6666666666666666,1513.5332801132731
Makarova E.,Carpet,last_year,0,0,0,0.0,1500.0
Makarova E.,Carpet,last_month,0,0,0,0.0,1500.0
Makarova E.,Clay,all,95,48,47,0.49473684210526314,1456.691289591291
Makarova E.,Clay,last_year,3,1,2,0.6666666666666666,1484.736306793522
Makarova E.,Clay,last_month,0,0,0,0.0,1500.0
Makarova E.,Grass,all,70,42,28,0.4,1507.0739057377614
Makarova E.,Grass,last_year,0,0,0,0.0,1500.0
Makarova E.,Grass,last_month,0,0,0,0.0,1500.0
Makarova E.,Greenset,all,0,0,0,0.0,1500.0
Makarova E.,Greenset,last_year,0,0,0,0.0,1500.0
Makarova E.,Greenset,last_month,0,0,0,0.0,1500.0
Sugiyama A.,Hard,all,72,32,40,0.5555555555555556,1522.2768121716274
Sugiyama A.,Hard,last_year,0,0,0,0.0,1500.0
Sugiyama A.,Hard,last_month,0,0,0,0.0,1500.0
Sugiyama A.,Carpet,all,3,2,1,0.3333333333333333,1545.8955860414674
Sugiyama A.,Carpet,last_year,0,0,0,0.0,1500.0
Sugiyama A.,Carpet,last_month,0,0,0,0.0,1500.0
Sugiyama A.,Clay,all,18,7,11,0.6111111111111112,1566.154845866598
Sugiyama A.,Clay,last_year,0,0,0,0.0,1500.0
Sugiyama A.,Clay,last_month,0,0,0,0.0,1500.0
Sugiyama A.,Grass,all,13,6,7,0.5384615384615384,1518.8379034199106
Sugiyama A.,Grass,last_year,0,0,0,0.0,1500.0
Sugiyama A.,Grass,last_month,0,0,0,0.0,1500.0
Sugiyama A.,Greenset,all,0,0,0,0.0,1500.0
Sugiyama A.,Greenset,last_year,0,0,0,0.0,1500.0
Sugiyama A.,Greenset,last_month,0,0,0,0.0,1500.0
Jovanovski B.,Hard,all,155,72,83,0.535483870967742,1531.0249760778834
Jovanovski B.,Hard,last_year,0,0,0,0.0,1500.0
Jovanovski B.,Hard,last_month,0,0,0,0.0,1500.0
Jovanovski B.,Carpet,all,0,0,0,0.0,1500.0
Jovanovski B.,Carpet,last_year,0,0,0,0.0,1500.0
Jovanovski B.,Carpet,last_month,0,0,0,0.0,1500.0
Jovanovski B.,Clay,all,39,13,26,0.6666666666666666,1527.4967297722926
Jovanovski B.,Clay,last_year,0,0,0,0.0,1500.0
Jovanovski B.,Clay,last_month,0,0,0,0.0,1500.0
Jovanovski B.,Grass,all,23,8,15,0.6521739130434783,1409.124318093509
Jovanovski B.,Grass,last_year,0,0,0,0.0,1500.0
Jovanovski B.,Grass,last_month,0,0,0,0.0,1500.0
Jovanovski B.,Greenset,all,0,0,0,0.0,1500.0
Jovanovski B.,Greenset,last_year,0,0,0,0.0,1500.0
Jovanovski B.,Greenset,last_month,0,0,0,0.0,1500.0
Ce G.,Hard,all,5,2,3,0.6,1480.747130917294
Ce G.,Hard,last_year,0,0,0,0.0,1500.0
Ce G.,Hard,last_month,0,0,0,0.0,1500.0
Ce G.,Carpet,all,0,0,0,0.0,1500.0
Ce G.,Carpet,last_year,0,0,0,0.0,1500.0
Ce G.,Carpet,last_month,0,0,0,0.0,1500.0
Ce G.,Clay,all,5,2,3,0.6,1520.0650003357532
Ce G.,Clay,last_year,0,0,0,0.0,1500.0
Ce G.,Clay,last_month,0,0,0,0.0,1500.0
Ce G.,Grass,all,0,0,0,0.0,1500.0
Ce G.,Grass,last_year,0,0,0,0.0,1500.0
Ce G.,Grass,last_month,0,0,0,0.0,1500.0
Ce G.,Greenset,all,0,0,0,0.0,1500.0
Ce G.,Greenset,last_year,0,0,0,0.0,1500.0
Ce G.,Greenset,last_month,0,0,0,0.0,1500.0
Hozumi E.,Hard,all,11,3,8,0.7272727272727273,1483.988915257135
Hozumi E.,Hard,last_year,0,0,0,0.0,1500.0
Hozumi E.,Hard,last_month,0,0,0,0.0,1500.0
Hozumi E.,Carpet,all,0,0,0,0.0,1500.0
Hozumi E.,Carpet,last_year,0,0,0,0.0,1500.0
Hozumi E.,Carpet,last_month,0,0,0,0.0,1500.0
Hozumi E.,Clay,all,0,0,0,0.0,1500.0
Hozumi E.,Clay,last_year,0,0,0,0.0,1500.0
Hozumi E.,Clay,last_month,0,0,0,0.0,1500.0
Hozumi E.,Grass,all,1,0,1,1.0,1516.0373604131044
Hozumi E.,Grass,last_year,0,0,0,0.0,1500.0
Hozumi E.,Grass,last_month,0,0,0,0.0,1500.0
Hozumi E.,Greenset,all,0,0,0,0.0,1500.0
Hozumi E.,Greenset,last_year,0,0,0,0.0,1500.0
Hozumi E.,Greenset,last_month,0,0,0,0.0,1500.0
Pavlovic I.,Hard,all,2,0,2,1.0,1500.9399691657766
Pavlovic I.,Hard,last_year,0,0,0,0.0,1500.0
Pavlovic I.,Hard,last_month,0,0,0,0.0,1500.0
Pavlovic I.,Carpet,all,0,0,0,0.0,1500.0
Pavlovic I.,Carpet,last_year,0,0,0,0.0,1500.0
Pavlovic I.,Carpet,last_month,0,0,0,0.0,1500.0
Pavlovic I.,Clay,all,5,1,4,0.8,1483.1316171433846
Pavlovic I.,Clay,last_year,0,0,0,0.0,1500.0
Pavlovic I.,Clay,last_month,0,0,0,0.0,1500.0
Pavlovic I.,Grass,all,0,0,0,0.0,1500.0
Pavlovic I.,Grass,last_year,0,0,0,0.0,1500.0
Pavlovic I.,Grass,last_month,0,0,0,0.0,1500.0
Pavlovic I.,Greenset,all,0,0,0,0.0,1500.0
Pavlovic I.,Greenset,last_year,0,0,0,0.0,1500.0
Pavlovic I.,Greenset,last_month,0,0,0,0.0,1500.0
Hatouka Y.,Hard,all,1,0,1,1.0,1482.4136525582335
Hatouka Y.,Hard,last_year,0,0,0,0.0,1500.0
Hatouka Y.,Hard,last_month,0,0,0,0.0,1500.0
Hatouka Y.,Carpet,all,0,0,0,0.0,1500.0
Hatouka Y.,Carpet,last_year,0,0,0,0.0,1500.0
Hatouka Y.,Carpet,last_month,0,0,0,0.0,1500.0
Hatouka Y.,Clay,all,3,1,2,0.6666666666666666,1489.8978729246803
Hatouka Y.,Clay,last_year,0,0,0,0.0,1500.0
Hatouka Y.,Clay,last_month,0,0,0,0.0,1500.0
Hatouka Y.,Grass,all,2,0,2,1.0,1501.5424584322823
Hatouka Y.,Grass,last_year,0,0,0,0.0,1500.0
Hatouka Y.,Grass,last_month,0,0,0,0.0,1500.0
Hatouka Y.,Greenset,all,0,0,0,0.0,1500.0
Hatouka Y.,Greenset,last_year,0,0,0,0.0,1500.0
Hatouka Y.,Greenset,last_month,0,0,0,0.0,1500.0
Folts A.,Hard,all,1,0,1,1.0,1518.5626024896364
Folts A.,Hard,last_year,0,0,0,0.0,1500.0
Folts A.,Hard,last_month,0,0,0,0.0,1500.0
Folts A.,Carpet,all,0,0,0,0.0,1500.0
Folts A.,Carpet,last_year,0,0,0,0.0,1500.0
Folts A.,Carpet,last_month,0,0,0,0.0,1500.0
Folts A.,Clay,all,0,0,0,0.0,1500.0
Folts A.,Clay,last_year,0,0,0,0.0,1500.0
Folts A.,Clay,last_month,0,0,0,0.0,1500.0
Folts A.,Grass,all,0,0,0,0.0,1500.0
Folts A.,Grass,last_year,0,0,0,0.0,1500.0
Folts A.,Grass,last_month,0,0,0,0.0,1500.0
Folts A.,Greenset,all,0,0,0,0.0,1500.0
Folts A.,Greenset,last_year,0,0,0,0.0,1500.0
Folts A.,Greenset,last_month,0,0,0,0.0,1500.0
Dementieva E.,Hard,all,149,110,39,0.26174496644295303,1516.9564227767523
Dementieva E.,Hard,last_year,0,0,0,0.0,1500.0
Dementieva E.,Hard,last_month,0,0,0,0.0,1500.0
Dementieva E.,Carpet,all,18,14,4,0.2222222222222222,1469.312500788579
Dementieva E.,Carpet,last_year,0,0,0,0.0,1500.0
Dementieva E.,Carpet,last_month,0,0,0,0.0,1500.0
Dementieva E.,Clay,all,54,39,15,0.7222222222222222,1515.9958114938677
Dementieva E.,Clay,last_year,0,0,0,0.0,1500.0
Dementieva E.,Clay,last_month,0,0,0,0.0,1500.0
Dementieva E.,Grass,all,22,16,6,0.2727272727272727,1503.8150204806823
Dementieva E.,Grass,last_year,0,0,0,0.0,1500.0
Dementieva E.,Grass,last_month,0,0,0,0.0,1500.0
Dementieva E.,Greenset,all,0,0,0,0.0,1500.0
Dementieva E.,Greenset,last_year,0,0,0,0.0,1500.0
Dementieva E.,Greenset,last_month,0,0,0,0.0,1500.0
Marrero M.,Hard,all,0,0,0,0.0,1500.0
Marrero M.,Hard,last_year,0,0,0,0.0,1500.0
Marrero M.,Hard,last_month,0,0,0,0.0,1500.0
Marrero M.,Carpet,all,0,0,0,0.0,1500.0
Marrero M.,Carpet,last_year,0,0,0,0.0,1500.0
Marrero M.,Carpet,last_month,0,0,0,0.0,1500.0
Marrero M.,Clay,all,1,0,1,1.0,1516.0
Marrero M.,Clay,last_year,0,0,0,0.0,1500.0
Marrero M.,Clay,last_month,0,0,0,0.0,1500.0
Marrero M.,Grass,all,0,0,0,0.0,1500.0
Marrero M.,Grass,last_year,0,0,0,0.0,1500.0
Marrero M.,Grass,last_month,0,0,0,0.0,1500.0
Marrero M.,Greenset,all,0,0,0,0.0,1500.0
Marrero M.,Greenset,last_year,0,0,0,0.0,1500.0
Marrero M.,Greenset,last_month,0,0,0,0.0,1500.0
Duque-Marino M.,Hard,all,11,2,9,0.8181818181818182,1576.3335793921317
Duque-Marino M.,Hard,last_year,0,0,0,0.0,1500.0
Duque-Marino M.,Hard,last_month,0,0,0,0.0,1500.0
Duque-Marino M.,Carpet,all,0,0,0,0.0,1500.0
Duque-Marino M.,Carpet,last_year,0,0,0,0.0,1500.0
Duque-Marino M.,Carpet,last_month,0,0,0,0.0,1500.0
Duque-Marino M.,Clay,all,21,10,11,0.5238095238095238,1485.7251230005463
Duque-Marino M.,Clay,last_year,0,0,0,0.0,1500.0
Duque-Marino M.,Clay,last_month,0,0,0,0.0,1500.0
Duque-Marino M.,Grass,all,5,2,3,0.6,1548.033006765163
Duque-Marino M.,Grass,last_year,0,0,0,0.0,1500.0
Duque-Marino M.,Grass,last_month,0,0,0,0.0,1500.0
Duque-Marino M.,Greenset,all,0,0,0,0.0,1500.0
Duque-Marino M.,Greenset,last_year,0,0,0,0.0,1500.0
Duque-Marino M.,Greenset,last_month,0,0,0,0.0,1500.0
Kucova K.,Hard,all,49,16,33,0.673469387755102,1499.825375820389
Kucova K.,Hard,last_year,0,0,0,0.0,1500.0
Kucova K.,Hard,last_month,0,0,0,0.0,1500.0
Kucova K.,Carpet,all,0,0,0,0.0,1500.0
Kucova K.,Carpet,last_year,0,0,0,0.0,1500.0
Kucova K.,Carpet,last_month,0,0,0,0.0,1500.0
Kucova K.,Clay,all,43,17,26,0.6046511627906976,1456.9237730140642
Kucova K.,Clay,last_year,0,0,0,0.0,1500.0
Kucova K.,Clay,last_month,0,0,0,0.0,1500.0
Kucova K.,Grass,all,8,3,5,0.625,1528.6387031672255
Kucova K.,Grass,last_year,0,0,0,0.0,1500.0
Kucova K.,Grass,last_month,0,0,0,0.0,1500.0
Kucova K.,Greenset,all,0,0,0,0.0,1500.0
Kucova K.,Greenset,last_year,0,0,0,0.0,1500.0
Kucova K.,Greenset,last_month,0,0,0,0.0,1500.0
Raina A.,Hard,all,14,3,11,0.7857142857142857,1567.9480089253877
Raina A.,Hard,last_year,0,0,0,0.0,1500.0
Raina A.,Hard,last_month,0,0,0,0.0,1500.0
Raina A.,Carpet,all,0,0,0,0.0,1500.0
Raina A.,Carpet,last_year,0,0,0,0.0,1500.0
Raina A.,Carpet,last_month,0,0,0,0.0,1500.0
Raina A.,Clay,all,2,0,2,1.0,1499.2280199057504
Raina A.,Clay,last_year,0,0,0,0.0,1500.0
Raina A.,Clay,last_month,0,0,0,0.0,1500.0
Raina A.,Grass,all,2,0,2,1.0,1469.3936330312497
Raina A.,Grass,last_year,0,0,0,0.0,1500.0
Raina A.,Grass,last_month,0,0,0,0.0,1500.0
Raina A.,Greenset,all,0,0,0,0.0,1500.0
Raina A.,Greenset,last_year,0,0,0,0.0,1500.0
Raina A.,Greenset,last_month,0,0,0,0.0,1500.0
Gatto-Monticone G.,Hard,all,7,2,5,0.7142857142857143,1531.5987408993944
Gatto-Monticone G.,Hard,last_year,0,0,0,0.0,1500.0
Gatto-Monticone G.,Hard,last_month,0,0,0,0.0,1500.0
Gatto-Monticone G.,Carpet,all,0,0,0,0.0,1500.0
Gatto-Monticone G.,Carpet,last_year,0,0,0,0.0,1500.0
Gatto-Monticone G.,Carpet,last_month,0,0,0,0.0,1500.0
Gatto-Monticone G.,Clay,all,10,1,9,0.9,1468.2660081039592
Gatto-Monticone G.,Clay,last_year,0,0,0,0.0,1500.0
Gatto-Monticone G.,Clay,last_month,0,0,0,0.0,1500.0
Gatto-Monticone G.,Grass,all,3,0,3,1.0,1457.6148429232564
Gatto-Monticone G.,Grass,last_year,0,0,0,0.0,1500.0
Gatto-Monticone G.,Grass,last_month,0,0,0,0.0,1500.0
Gatto-Monticone G.,Greenset,all,0,0,0,0.0,1500.0
Gatto-Monticone G.,Greenset,last_year,0,0,0,0.0,1500.0
Gatto-Monticone G.,Greenset,last_month,0,0,0,0.0,1500.0
Vikhlyantseva N.,Hard,all,43,15,28,0.6511627906976745,1416.7701955435246
Vikhlyantseva N.,Hard,last_year,0,0,0,0.0,1500.0
Vikhlyantseva N.,Hard,last_month,0,0,0,0.0,1500.0
Vikhlyantseva N.,Carpet,all,0,0,0,0.0,1500.0
Vikhlyantseva N.,Carpet,last_year,0,0,0,0.0,1500.0
Vikhlyantseva N.,Carpet,last_month,0,0,0,0.0,1500.0
Vikhlyantseva N.,Clay,all,29,11,18,0.6206896551724138,1477.8495601724082
Vikhlyantseva N.,Clay,last_year,0,0,0,0.0,1500.0
Vikhlyantseva N.,Clay,last_month,0,0,0,0.0,1500.0
Vikhlyantseva N.,Grass,all,15,7,8,0.5333333333333333,1468.7141830838734
Vikhlyantseva N.,Grass,last_year,0,0,0,0.0,1500.0
Vikhlyantseva N.,Grass,last_month,0,0,0,0.0,1500.0
Vikhlyantseva N.,Greenset,all,0,0,0,0.0,1500.0
Vikhlyantseva N.,Greenset,last_year,0,0,0,0.0,1500.0
Vikhlyantseva N.,Greenset,last_month,0,0,0,0.0,1500.0
Dart H.,Hard,all,57,19,38,0.6666666666666666,1493.4941745022218
Dart H.,Hard,last_year,10,3,7,0.7,1487.6347505891545
Dart H.,Hard,last_month,0,0,0,0.0,1500.0
Dart H.,Carpet,all,0,0,0,0.0,1500.0
Dart H.,Carpet,last_year,0,0,0,0.0,1500.0
Dart H.,Carpet,last_month,0,0,0,0.0,1500.0
Dart H.,Clay,all,8,0,8,1.0,1504.174128282387
Dart H.,Clay,last_year,2,0,2,1.0,1501.4387739660467
Dart H.,Clay,last_month,0,0,0,0.0,1500.0
Dart H.,Grass,all,48,22,26,0.5416666666666666,1363.8588574731846
Dart H.,Grass,last_year,6,2,4,0.6666666666666666,1412.798972927845
Dart H.,Grass,last_month,3,0,3,1.0,1452.799170668025
Dart H.,Greenset,all,0,0,0,0.0,1500.0
Dart H.,Greenset,last_year,0,0,0,0.0,1500.0
Dart H.,Greenset,last_month,0,0,0,0.0,1500.0
Sanders S.,Hard,all,27,7,20,0.7407407407407407,1516.201269943779
Sanders S.,Hard,last_year,0,0,0,0.0,1500.0
Sanders S.,Hard,last_month,0,0,0,0.0,1500.0
Sanders S.,Carpet,all,0,0,0,0.0,1500.0
Sanders S.,Carpet,last_year,0,0,0,0.0,1500.0
Sanders S.,Carpet,last_month,0,0,0,0.0,1500.0
Sanders S.,Clay,all,7,1,6,0.8571428571428571,1518.325520322195
Sanders S.,Clay,last_year,0,0,0,0.0,1500.0
Sanders S.,Clay,last_month,0,0,0,0.0,1500.0
Sanders S.,Grass,all,1,0,1,1.0,1481.5811672531736
Sanders S.,Grass,last_year,0,0,0,0.0,1500.0
Sanders S.,Grass,last_month,0,0,0,0.0,1500.0
Sanders S.,Greenset,all,0,0,0,0.0,1500.0
Sanders S.,Greenset,last_year,0,0,0,0.0,1500.0
Sanders S.,Greenset,last_month,0,0,0,0.0,1500.0
Anisimova A.,Hard,all,122,75,47,0.38524590163934425,1486.542572929622
Anisimova A.,Hard,last_year,30,21,9,0.3,1478.6624093919338
Anisimova A.,Hard,last_month,0,0,0,0.0,1500.0
Anisimova A.,Carpet,all,0,0,0,0.0,1500.0
Anisimova A.,Carpet,last_year,0,0,0,0.0,1500.0
Anisimova A.,Carpet,last_month,0,0,0,0.0,1500.0
Anisimova A.,Clay,all,62,37,25,0.4032258064516129,1468.2735425379133
Anisimova A.,Clay,last_year,8,5,3,0.375,1475.520242155658
Anisimova A.,Clay,last_month,1,0,1,1.0,1516.0
Anisimova A.,Grass,all,33,23,10,0.30303030303030304,1547.6731924573232
Anisimova A.,Grass,last_year,15,12,3,0.2,1535.9700829806557
Anisimova A.,Grass,last_month,15,12,3,0.2,1537.2426016889817
Anisimova A.,Greenset,all,0,0,0,0.0,1500.0
Anisimova A.,Greenset,last_year,0,0,0,0.0,1500.0
Anisimova A.,Greenset,last_month,0,0,0,0.0,1500.0
Zhou Y.M.,Hard,all,9,3,6,0.6666666666666666,1505.5408929468047
Zhou Y.M.,Hard,last_year,0,0,0,0.0,1500.0
Zhou Y.M.,Hard,last_month,0,0,0,0.0,1500.0
Zhou Y.M.,Carpet,all,0,0,0,0.0,1500.0
Zhou Y.M.,Carpet,last_year,0,0,0,0.0,1500.0
Zhou Y.M.,Carpet,last_month,0,0,0,0.0,1500.0
Zhou Y.M.,Clay,all,0,0,0,0.0,1500.0
Zhou Y.M.,Clay,last_year,0,0,0,0.0,1500.0
Zhou Y.M.,Clay,last_month,0,0,0,0.0,1500.0
Zhou Y.M.,Grass,all,0,0,0,0.0,1500.0
Zhou Y.M.,Grass,last_year,0,0,0,0.0,1500.0
Zhou Y.M.,Grass,last_month,0,0,0,0.0,1500.0
Zhou Y.M.,Greenset,all,0,0,0,0.0,1500.0
Zhou Y.M.,Greenset,last_year,0,0,0,0.0,1500.0
Zhou Y.M.,Greenset,last_month,0,0,0,0.0,1500.0
Yang V.,Hard,all,1,0,1,1.0,1514.0009020234402
Yang V.,Hard,last_year,1,0,1,1.0,1516.0
Yang V.,Hard,last_month,0,0,0,0.0,1500.0
Yang V.,Carpet,all,0,0,0,0.0,1500.0
Yang V.,Carpet,last_year,0,0,0,0.0,1500.0
Yang V.,Carpet,last_month,0,0,0,0.0,1500.0
Yang V.,Clay,all,0,0,0,0.0,1500.0
Yang V.,Clay,last_year,0,0,0,0.0,1500.0
Yang V.,Clay,last_month,0,0,0,0.0,1500.0
Yang V.,Grass,all,0,0,0,0.0,1500.0
Yang V.,Grass,last_year,0,0,0,0.0,1500.0
Yang V.,Grass,last_month,0,0,0,0.0,1500.0
Yang V.,Greenset,all,0,0,0,0.0,1500.0
Yang V.,Greenset,last_year,0,0,0,0.0,1500.0
Yang V.,Greenset,last_month,0,0,0,0.0,1500.0
Thandi K.,Hard,all,5,2,3,0.6,1518.284590964102
Thandi K.,Hard,last_year,0,0,0,0.0,1500.0
Thandi K.,Hard,last_month,0,0,0,0.0,1500.0
Thandi K.,Carpet,all,0,0,0,0.0,1500.0
Thandi K.,Carpet,last_year,0,0,0,0.0,1500.0
Thandi K.,Carpet,last_month,0,0,0,0.0,1500.0
Thandi K.,Clay,all,0,0,0,0.0,1500.0
Thandi K.,Clay,last_year,0,0,0,0.0,1500.0
Thandi K.,Clay,last_month,0,0,0,0.0,1500.0
Thandi K.,Grass,all,0,0,0,0.0,1500.0
Thandi K.,Grass,last_year,0,0,0,0.0,1500.0
Thandi K.,Grass,last_month,0,0,0,0.0,1500.0
Thandi K.,Greenset,all,0,0,0,0.0,1500.0
Thandi K.,Greenset,last_year,0,0,0,0.0,1500.0
Thandi K.,Greenset,last_month,0,0,0,0.0,1500.0
Sebov K.,Hard,all,7,2,5,0.7142857142857143,1460.963761743184
Sebov K.,Hard,last_year,0,0,0,0.0,1500.0
Sebov K.,Hard,last_month,0,0,0,0.0,1500.0
Sebov K.,Carpet,all,0,0,0,0.0,1500.0
Sebov K.,Carpet,last_year,0,0,0,0.0,1500.0
Sebov K.,Carpet,last_month,0,0,0,0.0,1500.0
Sebov K.,Clay,all,3,1,2,0.6666666666666666,1486.9168721219057
Sebov K.,Clay,last_year,1,0,1,1.0,1516.0
Sebov K.,Clay,last_month,0,0,0,0.0,1500.0
Sebov K.,Grass,all,0,0,0,0.0,1500.0
Sebov K.,Grass,last_year,0,0,0,0.0,1500.0
Sebov K.,Grass,last_month,0,0,0,0.0,1500.0
Sebov K.,Greenset,all,0,0,0,0.0,1500.0
Sebov K.,Greenset,last_year,0,0,0,0.0,1500.0
Sebov K.,Greenset,last_month,0,0,0,0.0,1500.0
Vinci R.,Hard,all,303,158,145,0.47854785478547857,1397.5584335711333
Vinci R.,Hard,last_year,0,0,0,0.0,1500.0
Vinci R.,Hard,last_month,0,0,0,0.0,1500.0
Vinci R.,Carpet,all,3,2,1,0.3333333333333333,1483.3004953020768
Vinci R.,Carpet,last_year,0,0,0,0.0,1500.0
Vinci R.,Carpet,last_month,0,0,0,0.0,1500.0
Vinci R.,Clay,all,154,89,65,0.42207792207792205,1504.5641415582122
Vinci R.,Clay,last_year,0,0,0,0.0,1500.0
Vinci R.,Clay,last_month,0,0,0,0.0,1500.0
Vinci R.,Grass,all,53,29,24,0.4528301886792453,1643.5524052714718
Vinci R.,Grass,last_year,0,0,0,0.0,1500.0
Vinci R.,Grass,last_month,0,0,0,0.0,1500.0
Vinci R.,Greenset,all,0,0,0,0.0,1500.0
Vinci R.,Greenset,last_year,0,0,0,0.0,1500.0
Vinci R.,Greenset,last_month,0,0,0,0.0,1500.0
Rogers S.,Hard,all,150,72,78,0.52,1473.9306156138946
Rogers S.,Hard,last_year,3,0,3,1.0,1485.47974790499
Rogers S.,Hard,last_month,0,0,0,0.0,1500.0
Rogers S.,Carpet,all,0,0,0,0.0,1500.0
Rogers S.,Carpet,last_year,0,0,0,0.0,1500.0
Rogers S.,Carpet,last_month,0,0,0,0.0,1500.0
Rogers S.,Clay,all,81,38,43,0.5308641975308642,1497.2873244915102
Rogers S.,Clay,last_year,0,0,0,0.0,1500.0
Rogers S.,Clay,last_month,0,0,0,0.0,1500.0
Rogers S.,Grass,all,28,11,17,0.6071428571428571,1473.2873219233918
Rogers S.,Grass,last_year,0,0,0,0.0,1500.0
Rogers S.,Grass,last_month,0,0,0,0.0,1500.0
Rogers S.,Greenset,all,0,0,0,0.0,1500.0
Rogers S.,Greenset,last_year,0,0,0,0.0,1500.0
Rogers S.,Greenset,last_month,0,0,0,0.0,1500.0
Kabbaj Y.,Hard,all,0,0,0,0.0,1500.0
Kabbaj Y.,Hard,last_year,0,0,0,0.0,1500.0
Kabbaj Y.,Hard,last_month,0,0,0,0.0,1500.0
Kabbaj Y.,Carpet,all,0,0,0,0.0,1500.0
Kabbaj Y.,Carpet,last_year,0,0,0,0.0,1500.0
Kabbaj Y.,Carpet,last_month,0,0,0,0.0,1500.0
Kabbaj Y.,Clay,all,2,0,2,1.0,1500.4439062834942
Kabbaj Y.,Clay,last_year,1,0,1,1.0,1484.789541065868
Kabbaj Y.,Clay,last_month,0,0,0,0.0,1500.0
Kabbaj Y.,Grass,all,0,0,0,0.0,1500.0
Kabbaj Y.,Grass,last_year,0,0,0,0.0,1500.0
Kabbaj Y.,Grass,last_month,0,0,0,0.0,1500.0
Kabbaj Y.,Greenset,all,0,0,0,0.0,1500.0
Kabbaj Y.,Greenset,last_year,0,0,0,0.0,1500.0
Kabbaj Y.,Greenset,last_month,0,0,0,0.0,1500.0
Mertens E.,Hard,all,279,172,107,0.3835125448028674,1527.7872386251695
Mertens E.,Hard,last_year,35,22,13,0.37142857142857144,1513.7869541848804
Mertens E.,Hard,last_month,0,0,0,0.0,1500.0
Mertens E.,Carpet,all,0,0,0,0.0,1500.0
Mertens E.,Carpet,last_year,0,0,0,0.0,1500.0
Mertens E.,Carpet,last_month,0,0,0,0.0,1500.0
Mertens E.,Clay,all,108,69,39,0.3611111111111111,1477.1706618837536
Mertens E.,Clay,last_year,11,6,5,0.45454545454545453,1486.0221610555268
Mertens E.,Clay,last_month,0,0,0,0.0,1500.0
Mertens E.,Grass,all,58,32,26,0.4482758620689655,1485.9080424496708
Mertens E.,Grass,last_year,12,9,3,0.25,1511.2825739301604
Mertens E.,Grass,last_month,10,8,2,0.2,1533.4981202828217
Mertens E.,Greenset,all,0,0,0,0.0,1500.0
Mertens E.,Greenset,last_year,0,0,0,0.0,1500.0
Mertens E.,Greenset,last_month,0,0,0,0.0,1500.0
Pochabova M.,Hard,all,0,0,0,0.0,1500.0
Pochabova M.,Hard,last_year,0,0,0,0.0,1500.0
Pochabova M.,Hard,last_month,0,0,0,0.0,1500.0
Pochabova M.,Carpet,all,0,0,0,0.0,1500.0
Pochabova M.,Carpet,last_year,0,0,0,0.0,1500.0
Pochabova M.,Carpet,last_month,0,0,0,0.0,1500.0
Pochabova M.,Clay,all,1,0,1,1.0,1516.358801974909
Pochabova M.,Clay,last_year,0,0,0,0.0,1500.0
Pochabova M.,Clay,last_month,0,0,0,0.0,1500.0
Pochabova M.,Grass,all,0,0,0,0.0,1500.0
Pochabova M.,Grass,last_year,0,0,0,0.0,1500.0
Pochabova M.,Grass,last_month,0,0,0,0.0,1500.0
Pochabova M.,Greenset,all,0,0,0,0.0,1500.0
Pochabova M.,Greenset,last_year,0,0,0,0.0,1500.0
Pochabova M.,Greenset,last_month,0,0,0,0.0,1500.0
Schmiedlova K.,Hard,all,0,0,0,0.0,1500.0
Schmiedlova K.,Hard,last_year,0,0,0,0.0,1500.0
Schmiedlova K.,Hard,last_month,0,0,0,0.0,1500.0
Schmiedlova K.,Carpet,all,0,0,0,0.0,1500.0
Schmiedlova K.,Carpet,last_year,0,0,0,0.0,1500.0
Schmiedlova K.,Carpet,last_month,0,0,0,0.0,1500.0
Schmiedlova K.,Clay,all,1,0,1,1.0,1514.212762182454
Schmiedlova K.,Clay,last_year,0,0,0,0.0,1500.0
Schmiedlova K.,Clay,last_month,0,0,0,0.0,1500.0
Schmiedlova K.,Grass,all,0,0,0,0.0,1500.0
Schmiedlova K.,Grass,last_year,0,0,0,0.0,1500.0
Schmiedlova K.,Grass,last_month,0,0,0,0.0,1500.0
Schmiedlova K.,Greenset,all,0,0,0,0.0,1500.0
Schmiedlova K.,Greenset,last_year,0,0,0,0.0,1500.0
Schmiedlova K.,Greenset,last_month,0,0,0,0.0,1500.0
Hogenkamp R.,Hard,all,16,4,12,0.75,1554.8873076640002
Hogenkamp R.,Hard,last_year,0,0,0,0.0,1500.0
Hogenkamp R.,Hard,last_month,0,0,0,0.0,1500.0
Hogenkamp R.,Carpet,all,0,0,0,0.0,1500.0
Hogenkamp R.,Carpet,last_year,0,0,0,0.0,1500.0
Hogenkamp R.,Carpet,last_month,0,0,0,0.0,1500.0
Hogenkamp R.,Clay,all,18,7,11,0.6111111111111112,1464.1637935901801
Hogenkamp R.,Clay,last_year,0,0,0,0.0,1500.0
Hogenkamp R.,Clay,last_month,0,0,0,0.0,1500.0
Hogenkamp R.,Grass,all,8,3,5,0.625,1467.8709465934587
Hogenkamp R.,Grass,last_year,0,0,0,0.0,1500.0
Hogenkamp R.,Grass,last_month,0,0,0,0.0,1500.0
Hogenkamp R.,Greenset,all,0,0,0,0.0,1500.0
Hogenkamp R.,Greenset,last_year,0,0,0,0.0,1500.0
Hogenkamp R.,Greenset,last_month,0,0,0,0.0,1500.0
Milevskaya K.,Hard,all,1,0,1,1.0,1514.72392377959
Milevskaya K.,Hard,last_year,0,0,0,0.0,1500.0
Milevskaya K.,Hard,last_month,0,0,0,0.0,1500.0
Milevskaya K.,Carpet,all,0,0,0,0.0,1500.0
Milevskaya K.,Carpet,last_year,0,0,0,0.0,1500.0
Milevskaya K.,Carpet,last_month,0,0,0,0.0,1500.0
Milevskaya K.,Clay,all,0,0,0,0.0,1500.0
Milevskaya K.,Clay,last_year,0,0,0,0.0,1500.0
Milevskaya K.,Clay,last_month,0,0,0,0.0,1500.0
Milevskaya K.,Grass,all,0,0,0,0.0,1500.0
Milevskaya K.,Grass,last_year,0,0,0,0.0,1500.0
Milevskaya K.,Grass,last_month,0,0,0,0.0,1500.0
Milevskaya K.,Greenset,all,0,0,0,0.0,1500.0
Milevskaya K.,Greenset,last_year,0,0,0,0.0,1500.0
Milevskaya K.,Greenset,last_month,0,0,0,0.0,1500.0
Rodriguez V.,Hard,all,4,0,4,1.0,1562.4411824590866
Rodriguez V.,Hard,last_year,1,0,1,1.0,1516.0
Rodriguez V.,Hard,last_month,0,0,0,0.0,1500.0
Rodriguez V.,Carpet,all,0,0,0,0.0,1500.0
Rodriguez V.,Carpet,last_year,0,0,0,0.0,1500.0
Rodriguez V.,Carpet,last_month,0,0,0,0.0,1500.0
Rodriguez V.,Clay,all,2,0,2,1.0,1531.363373750456
Rodriguez V.,Clay,last_year,0,0,0,0.0,1500.0
Rodriguez V.,Clay,last_month,0,0,0,0.0,1500.0
Rodriguez V.,Grass,all,0,0,0,0.0,1500.0
Rodriguez V.,Grass,last_year,0,0,0,0.0,1500.0
Rodriguez V.,Grass,last_month,0,0,0,0.0,1500.0
Rodriguez V.,Greenset,all,0,0,0,0.0,1500.0
Rodriguez V.,Greenset,last_year,0,0,0,0.0,1500.0
Rodriguez V.,Greenset,last_month,0,0,0,0.0,1500.0
Zhang L.,Hard,all,12,2,10,0.8333333333333334,1549.478866807864
Zhang L.,Hard,last_year,0,0,0,0.0,1500.0
Zhang L.,Hard,last_month,0,0,0,0.0,1500.0
Zhang L.,Carpet,all,0,0,0,0.0,1500.0
Zhang L.,Carpet,last_year,0,0,0,0.0,1500.0
Zhang L.,Carpet,last_month,0,0,0,0.0,1500.0
Zhang L.,Clay,all,0,0,0,0.0,1500.0
Zhang L.,Clay,last_year,0,0,0,0.0,1500.0
Zhang L.,Clay,last_month,0,0,0,0.0,1500.0
Zhang L.,Grass,all,0,0,0,0.0,1500.0
Zhang L.,Grass,last_year,0,0,0,0.0,1500.0
Zhang L.,Grass,last_month,0,0,0,0.0,1500.0
Zhang L.,Greenset,all,0,0,0,0.0,1500.0
Zhang L.,Greenset,last_year,0,0,0,0.0,1500.0
Zhang L.,Greenset,last_month,0,0,0,0.0,1500.0
Fondevila Castro P.,Hard,all,0,0,0,0.0,1500.0
Fondevila Castro P.,Hard,last_year,0,0,0,0.0,1500.0
Fondevila Castro P.,Hard,last_month,0,0,0,0.0,1500.0
Fondevila Castro P.,Carpet,all,0,0,0,0.0,1500.0
Fondevila Castro P.,Carpet,last_year,0,0,0,0.0,1500.0
Fondevila Castro P.,Carpet,last_month,0,0,0,0.0,1500.0
Fondevila Castro P.,Clay,all,1,0,1,1.0,1516.0
Fondevila Castro P.,Clay,last_year,0,0,0,0.0,1500.0
Fondevila Castro P.,Clay,last_month,0,0,0,0.0,1500.0
Fondevila Castro P.,Grass,all,0,0,0,0.0,1500.0
Fondevila Castro P.,Grass,last_year,0,0,0,0.0,1500.0
Fondevila Castro P.,Grass,last_month,0,0,0,0.0,1500.0
Fondevila Castro P.,Greenset,all,0,0,0,0.0,1500.0
Fondevila Castro P.,Greenset,last_year,0,0,0,0.0,1500.0
Fondevila Castro P.,Greenset,last_month,0,0,0,0.0,1500.0
Buryachok I.,Hard,all,0,0,0,0.0,1500.0
Buryachok I.,Hard,last_year,0,0,0,0.0,1500.0
Buryachok I.,Hard,last_month,0,0,0,0.0,1500.0
Buryachok I.,Carpet,all,0,0,0,0.0,1500.0
Buryachok I.,Carpet,last_year,0,0,0,0.0,1500.0
Buryachok I.,Carpet,last_month,0,0,0,0.0,1500.0
Buryachok I.,Clay,all,1,0,1,1.0,1513.5639213938734
Buryachok I.,Clay,last_year,0,0,0,0.0,1500.0
Buryachok I.,Clay,last_month,0,0,0,0.0,1500.0
Buryachok I.,Grass,all,0,0,0,0.0,1500.0
Buryachok I.,Grass,last_year,0,0,0,0.0,1500.0
Buryachok I.,Grass,last_month,0,0,0,0.0,1500.0
Buryachok I.,Greenset,all,0,0,0,0.0,1500.0
Buryachok I.,Greenset,last_year,0,0,0,0.0,1500.0
Buryachok I.,Greenset,last_month,0,0,0,0.0,1500.0
Higuita Barraza M.,Hard,all,0,0,0,0.0,1500.0
Higuita Barraza M.,Hard,last_year,0,0,0,0.0,1500.0
Higuita Barraza M.,Hard,last_month,0,0,0,0.0,1500.0
Higuita Barraza M.,Carpet,all,0,0,0,0.0,1500.0
Higuita Barraza M.,Carpet,last_year,0,0,0,0.0,1500.0
Higuita Barraza M.,Carpet,last_month,0,0,0,0.0,1500.0
Higuita Barraza M.,Clay,all,1,0,1,1.0,1486.3249957528544
Higuita Barraza M.,Clay,last_year,1,0,1,1.0,1484.0
Higuita Barraza M.,Clay,last_month,0,0,0,0.0,1500.0
Higuita Barraza M.,Grass,all,0,0,0,0.0,1500.0
Higuita Barraza M.,Grass,last_year,0,0,0,0.0,1500.0
Higuita Barraza M.,Grass,last_month,0,0,0,0.0,1500.0
Higuita Barraza M.,Greenset,all,0,0,0,0.0,1500.0
Higuita Barraza M.,Greenset,last_year,0,0,0,0.0,1500.0
Higuita Barraza M.,Greenset,last_month,0,0,0,0.0,1500.0
Lu Jing-Jing,Hard,all,2,1,1,0.5,1530.5068572632704
Lu Jing-Jing,Hard,last_year,0,0,0,0.0,1500.0
Lu Jing-Jing,Hard,last_month,0,0,0,0.0,1500.0
Lu Jing-Jing,Carpet,all,0,0,0,0.0,1500.0
Lu Jing-Jing,Carpet,last_year,0,0,0,0.0,1500.0
Lu Jing-Jing,Carpet,last_month,0,0,0,0.0,1500.0
Lu Jing-Jing,Clay,all,0,0,0,0.0,1500.0
Lu Jing-Jing,Clay,last_year,0,0,0,0.0,1500.0
Lu Jing-Jing,Clay,last_month,0,0,0,0.0,1500.0
Lu Jing-Jing,Grass,all,0,0,0,0.0,1500.0
Lu Jing-Jing,Grass,last_year,0,0,0,0.0,1500.0
Lu Jing-Jing,Grass,last_month,0,0,0,0.0,1500.0
Lu Jing-Jing,Greenset,all,0,0,0,0.0,1500.0
Lu Jing-Jing,Greenset,last_year,0,0,0,0.0,1500.0
Lu Jing-Jing,Greenset,last_month,0,0,0,0.0,1500.0
Hovde L.,Hard,all,1,0,1,1.0,1487.496011682972
Hovde L.,Hard,last_year,0,0,0,0.0,1500.0
Hovde L.,Hard,last_month,0,0,0,0.0,1500.0
Hovde L.,Carpet,all,0,0,0,0.0,1500.0
Hovde L.,Carpet,last_year,0,0,0,0.0,1500.0
Hovde L.,Carpet,last_month,0,0,0,0.0,1500.0
Hovde L.,Clay,all,0,0,0,0.0,1500.0
Hovde L.,Clay,last_year,0,0,0,0.0,1500.0
Hovde L.,Clay,last_month,0,0,0,0.0,1500.0
Hovde L.,Grass,all,0,0,0,0.0,1500.0
Hovde L.,Grass,last_year,0,0,0,0.0,1500.0
Hovde L.,Grass,last_month,0,0,0,0.0,1500.0
Hovde L.,Greenset,all,0,0,0,0.0,1500.0
Hovde L.,Greenset,last_year,0,0,0,0.0,1500.0
Hovde L.,Greenset,last_month,0,0,0,0.0,1500.0
Kolar N.,Hard,all,1,0,1,1.0,1514.7849773001706
Kolar N.,Hard,last_year,0,0,0,0.0,1500.0
Kolar N.,Hard,last_month,0,0,0,0.0,1500.0
Kolar N.,Carpet,all,0,0,0,0.0,1500.0
Kolar N.,Carpet,last_year,0,0,0,0.0,1500.0
Kolar N.,Carpet,last_month,0,0,0,0.0,1500.0
Kolar N.,Clay,all,3,1,2,0.6666666666666666,1516.1737245815737
Kolar N.,Clay,last_year,0,0,0,0.0,1500.0
Kolar N.,Clay,last_month,0,0,0,0.0,1500.0
Kolar N.,Grass,all,0,0,0,0.0,1500.0
Kolar N.,Grass,last_year,0,0,0,0.0,1500.0
Kolar N.,Grass,last_month,0,0,0,0.0,1500.0
Kolar N.,Greenset,all,0,0,0,0.0,1500.0
Kolar N.,Greenset,last_year,0,0,0,0.0,1500.0
Kolar N.,Greenset,last_month,0,0,0,0.0,1500.0
Govortsova O.,Hard,all,179,77,102,0.5698324022346368,1530.6152269673564
Govortsova O.,Hard,last_year,0,0,0,0.0,1500.0
Govortsova O.,Hard,last_month,0,0,0,0.0,1500.0
Govortsova O.,Carpet,all,1,0,1,1.0,1484.736306793522
Govortsova O.,Carpet,last_year,0,0,0,0.0,1500.0
Govortsova O.,Carpet,last_month,0,0,0,0.0,1500.0
Govortsova O.,Clay,all,78,29,49,0.6282051282051282,1481.2871690866625
Govortsova O.,Clay,last_year,0,0,0,0.0,1500.0
Govortsova O.,Clay,last_month,0,0,0,0.0,1500.0
Govortsova O.,Grass,all,34,13,21,0.6176470588235294,1577.7754219775668
Govortsova O.,Grass,last_year,0,0,0,0.0,1500.0
Govortsova O.,Grass,last_month,0,0,0,0.0,1500.0
Govortsova O.,Greenset,all,0,0,0,0.0,1500.0
Govortsova O.,Greenset,last_year,0,0,0,0.0,1500.0
Govortsova O.,Greenset,last_month,0,0,0,0.0,1500.0
Pous-T. L.,Hard,all,3,0,3,1.0,1479.578957887639
Pous-T. L.,Hard,last_year,0,0,0,0.0,1500.0
Pous-T. L.,Hard,last_month,0,0,0,0.0,1500.0
Pous-T. L.,Carpet,all,0,0,0,0.0,1500.0
Pous-T. L.,Carpet,last_year,0,0,0,0.0,1500.0
Pous-T. L.,Carpet,last_month,0,0,0,0.0,1500.0
Pous-T. L.,Clay,all,0,0,0,0.0,1500.0
Pous-T. L.,Clay,last_year,0,0,0,0.0,1500.0
Pous-T. L.,Clay,last_month,0,0,0,0.0,1500.0
Pous-T. L.,Grass,all,0,0,0,0.0,1500.0
Pous-T. L.,Grass,last_year,0,0,0,0.0,1500.0
Pous-T. L.,Grass,last_month,0,0,0,0.0,1500.0
Pous-T. L.,Greenset,all,0,0,0,0.0,1500.0
Pous-T. L.,Greenset,last_year,0,0,0,0.0,1500.0
Pous-T. L.,Greenset,last_month,0,0,0,0.0,1500.0
Ferguson S.,Hard,all,15,1,14,0.9333333333333333,1504.40489563951
Ferguson S.,Hard,last_year,0,0,0,0.0,1500.0
Ferguson S.,Hard,last_month,0,0,0,0.0,1500.0
Ferguson S.,Carpet,all,0,0,0,0.0,1500.0
Ferguson S.,Carpet,last_year,0,0,0,0.0,1500.0
Ferguson S.,Carpet,last_month,0,0,0,0.0,1500.0
Ferguson S.,Clay,all,5,2,3,0.6,1452.703342655701
Ferguson S.,Clay,last_year,0,0,0,0.0,1500.0
Ferguson S.,Clay,last_month,0,0,0,0.0,1500.0
Ferguson S.,Grass,all,1,0,1,1.0,1513.073894566749
Ferguson S.,Grass,last_year,0,0,0,0.0,1500.0
Ferguson S.,Grass,last_month,0,0,0,0.0,1500.0
Ferguson S.,Greenset,all,0,0,0,0.0,1500.0
Ferguson S.,Greenset,last_year,0,0,0,0.0,1500.0
Ferguson S.,Greenset,last_month,0,0,0,0.0,1500.0
Andreeva E.,Hard,all,32,11,21,0.65625,1492.348202990409
Andreeva E.,Hard,last_year,17,6,11,0.6470588235294118,1485.8110119878386
Andreeva E.,Hard,last_month,0,0,0,0.0,1500.0
Andreeva E.,Carpet,all,0,0,0,0.0,1500.0
Andreeva E.,Carpet,last_year,0,0,0,0.0,1500.0
Andreeva E.,Carpet,last_month,0,0,0,0.0,1500.0
Andreeva E.,Clay,all,13,3,10,0.7692307692307693,1467.2913612040556
Andreeva E.,Clay,last_year,4,1,3,0.75,1529.9751306902263
Andreeva E.,Clay,last_month,0,0,0,0.0,1500.0
Andreeva E.,Grass,all,2,1,1,0.5,1495.4146061525414
Andreeva E.,Grass,last_year,2,1,1,0.5,1498.5304984710244
Andreeva E.,Grass,last_month,0,0,0,0.0,1500.0
Andreeva E.,Greenset,all,0,0,0,0.0,1500.0
Andreeva E.,Greenset,last_year,0,0,0,0.0,1500.0
Andreeva E.,Greenset,last_month,0,0,0,0.0,1500.0
Halep S.,Hard,all,367,254,113,0.3079019073569482,1361.2679025163309
Halep S.,Hard,last_year,2,0,2,1.0,1469.9202553152986
Halep S.,Hard,last_month,0,0,0,0.0,1500.0
Halep S.,Carpet,all,0,0,0,0.0,1500.0
Halep S.,Carpet,last_year,0,0,0,0.0,1500.0
Halep S.,Carpet,last_month,0,0,0,0.0,1500.0
Halep S.,Clay,all,182,134,48,0.26373626373626374,1494.0672086199856
Halep S.,Clay,last_year,0,0,0,0.0,1500.0
Halep S.,Clay,last_month,0,0,0,0.0,1500.0
Halep S.,Grass,all,62,47,15,0.24193548387096775,1487.8395315926641
Halep S.,Grass,last_year,0,0,0,0.0,1500.0
Halep S.,Grass,last_month,0,0,0,0.0,1500.0
Halep S.,Greenset,all,0,0,0,0.0,1500.0
Halep S.,Greenset,last_year,0,0,0,0.0,1500.0
Halep S.,Greenset,last_month,0,0,0,0.0,1500.0
Castiblanco K.,Hard,all,0,0,0,0.0,1500.0
Castiblanco K.,Hard,last_year,0,0,0,0.0,1500.0
Castiblanco K.,Hard,last_month,0,0,0,0.0,1500.0
Castiblanco K.,Carpet,all,0,0,0,0.0,1500.0
Castiblanco K.,Carpet,last_year,0,0,0,0.0,1500.0
Castiblanco K.,Carpet,last_month,0,0,0,0.0,1500.0
Castiblanco K.,Clay,all,1,0,1,1.0,1484.0
Castiblanco K.,Clay,last_year,0,0,0,0.0,1500.0
Castiblanco K.,Clay,last_month,0,0,0,0.0,1500.0
Castiblanco K.,Grass,all,0,0,0,0.0,1500.0
Castiblanco K.,Grass,last_year,0,0,0,0.0,1500.0
Castiblanco K.,Grass,last_month,0,0,0,0.0,1500.0
Castiblanco K.,Greenset,all,0,0,0,0.0,1500.0
Castiblanco K.,Greenset,last_year,0,0,0,0.0,1500.0
Castiblanco K.,Greenset,last_month,0,0,0,0.0,1500.0
Haddad Maia B.,Hard,all,148,77,71,0.4797297297297297,1428.7420319256642
Haddad Maia B.,Hard,last_year,32,19,13,0.40625,1425.1818731907272
Haddad Maia B.,Hard,last_month,0,0,0,0.0,1500.0
Haddad Maia B.,Carpet,all,0,0,0,0.0,1500.0
Haddad Maia B.,Carpet,last_year,0,0,0,0.0,1500.0
Haddad Maia B.,Carpet,last_month,0,0,0,0.0,1500.0
Haddad Maia B.,Clay,all,58,31,27,0.46551724137931033,1566.0710407322372
Haddad Maia B.,Clay,last_year,9,4,5,0.5555555555555556,1540.2927330100067
Haddad Maia B.,Clay,last_month,0,0,0,0.0,1500.0
Haddad Maia B.,Grass,all,35,22,13,0.37142857142857144,1409.3566905954276
Haddad Maia B.,Grass,last_year,10,5,5,0.5,1451.5442686815834
Haddad Maia B.,Grass,last_month,8,4,4,0.5,1454.7035846206725
Haddad Maia B.,Greenset,all,0,0,0,0.0,1500.0
Haddad Maia B.,Greenset,last_year,0,0,0,0.0,1500.0
Haddad Maia B.,Greenset,last_month,0,0,0,0.0,1500.0
Schnyder P.,Hard,all,130,74,56,0.4307692307692308,1546.2507439678309
Schnyder P.,Hard,last_year,0,0,0,0.0,1500.0
Schnyder P.,Hard,last_month,0,0,0,0.0,1500.0
Schnyder P.,Carpet,all,5,2,3,0.6,1518.4533911999283
Schnyder P.,Carpet,last_year,0,0,0,0.0,1500.0
Schnyder P.,Carpet,last_month,0,0,0,0.0,1500.0
Schnyder P.,Clay,all,84,48,36,0.42857142857142855,1484.532319085318
Schnyder P.,Clay,last_year,0,0,0,0.0,1500.0
Schnyder P.,Clay,last_month,0,0,0,0.0,1500.0
Schnyder P.,Grass,all,7,3,4,0.5714285714285714,1478.899887857397
Schnyder P.,Grass,last_year,0,0,0,0.0,1500.0
Schnyder P.,Grass,last_month,0,0,0,0.0,1500.0
Schnyder P.,Greenset,all,0,0,0,0.0,1500.0
Schnyder P.,Greenset,last_year,0,0,0,0.0,1500.0
Schnyder P.,Greenset,last_month,0,0,0,0.0,1500.0
Yan Z.,Hard,all,29,11,18,0.6206896551724138,1527.405884845562
Yan Z.,Hard,last_year,0,0,0,0.0,1500.0
Yan Z.,Hard,last_month,0,0,0,0.0,1500.0
Yan Z.,Carpet,all,0,0,0,0.0,1500.0
Yan Z.,Carpet,last_year,0,0,0,0.0,1500.0
Yan Z.,Carpet,last_month,0,0,0,0.0,1500.0
Yan Z.,Clay,all,11,3,8,0.7272727272727273,1537.0775125586558
Yan Z.,Clay,last_year,0,0,0,0.0,1500.0
Yan Z.,Clay,last_month,0,0,0,0.0,1500.0
Yan Z.,Grass,all,3,0,3,1.0,1482.6232531329458
Yan Z.,Grass,last_year,0,0,0,0.0,1500.0
Yan Z.,Grass,last_month,0,0,0,0.0,1500.0
Yan Z.,Greenset,all,0,0,0,0.0,1500.0
Yan Z.,Greenset,last_year,0,0,0,0.0,1500.0
Yan Z.,Greenset,last_month,0,0,0,0.0,1500.0
Solovieva V.,Hard,all,5,2,3,0.6,1482.6922316436396
Solovieva V.,Hard,last_year,0,0,0,0.0,1500.0
Solovieva V.,Hard,last_month,0,0,0,0.0,1500.0
Solovieva V.,Carpet,all,0,0,0,0.0,1500.0
Solovieva V.,Carpet,last_year,0,0,0,0.0,1500.0
Solovieva V.,Carpet,last_month,0,0,0,0.0,1500.0
Solovieva V.,Clay,all,0,0,0,0.0,1500.0
Solovieva V.,Clay,last_year,0,0,0,0.0,1500.0
Solovieva V.,Clay,last_month,0,0,0,0.0,1500.0
Solovieva V.,Grass,all,0,0,0,0.0,1500.0
Solovieva V.,Grass,last_year,0,0,0,0.0,1500.0
Solovieva V.,Grass,last_month,0,0,0,0.0,1500.0
Solovieva V.,Greenset,all,0,0,0,0.0,1500.0
Solovieva V.,Greenset,last_year,0,0,0,0.0,1500.0
Solovieva V.,Greenset,last_month,0,0,0,0.0,1500.0
Garbin T.,Hard,all,59,28,31,0.5254237288135594,1415.3637800032113
Garbin T.,Hard,last_year,0,0,0,0.0,1500.0
Garbin T.,Hard,last_month,0,0,0,0.0,1500.0
Garbin T.,Carpet,all,3,1,2,0.6666666666666666,1484.7331947354535
Garbin T.,Carpet,last_year,0,0,0,0.0,1500.0
Garbin T.,Carpet,last_month,0,0,0,0.0,1500.0
Garbin T.,Clay,all,53,27,26,0.49056603773584906,1509.2546533363297
Garbin T.,Clay,last_year,0,0,0,0.0,1500.0
Garbin T.,Clay,last_month,0,0,0,0.0,1500.0
Garbin T.,Grass,all,8,2,6,0.75,1444.6806036051526
Garbin T.,Grass,last_year,0,0,0,0.0,1500.0
Garbin T.,Grass,last_month,0,0,0,0.0,1500.0
Garbin T.,Greenset,all,0,0,0,0.0,1500.0
Garbin T.,Greenset,last_year,0,0,0,0.0,1500.0
Garbin T.,Greenset,last_month,0,0,0,0.0,1500.0
Cepelova J.,Hard,all,83,27,56,0.6746987951807228,1578.2796698548036
Cepelova J.,Hard,last_year,0,0,0,0.0,1500.0
Cepelova J.,Hard,last_month,0,0,0,0.0,1500.0
Cepelova J.,Carpet,all,0,0,0,0.0,1500.0
Cepelova J.,Carpet,last_year,0,0,0,0.0,1500.0
Cepelova J.,Carpet,last_month,0,0,0,0.0,1500.0
Cepelova J.,Clay,all,42,19,23,0.5476190476190477,1538.1103394696615
Cepelova J.,Clay,last_year,0,0,0,0.0,1500.0
Cepelova J.,Clay,last_month,0,0,0,0.0,1500.0
Cepelova J.,Grass,all,17,7,10,0.5882352941176471,1517.514971259655
Cepelova J.,Grass,last_year,0,0,0,0.0,1500.0
Cepelova J.,Grass,last_month,0,0,0,0.0,1500.0
Cepelova J.,Greenset,all,0,0,0,0.0,1500.0
Cepelova J.,Greenset,last_year,0,0,0,0.0,1500.0
Cepelova J.,Greenset,last_month,0,0,0,0.0,1500.0
Papadakis L.,Hard,all,0,0,0,0.0,1500.0
Papadakis L.,Hard,last_year,0,0,0,0.0,1500.0
Papadakis L.,Hard,last_month,0,0,0,0.0,1500.0
Papadakis L.,Carpet,all,0,0,0,0.0,1500.0
Papadakis L.,Carpet,last_year,0,0,0,0.0,1500.0
Papadakis L.,Carpet,last_month,0,0,0,0.0,1500.0
Papadakis L.,Clay,all,0,0,0,0.0,1500.0
Papadakis L.,Clay,last_year,0,0,0,0.0,1500.0
Papadakis L.,Clay,last_month,0,0,0,0.0,1500.0
Papadakis L.,Grass,all,2,0,2,1.0,1503.6568780222933
Papadakis L.,Grass,last_year,0,0,0,0.0,1500.0
Papadakis L.,Grass,last_month,0,0,0,0.0,1500.0
Papadakis L.,Greenset,all,0,0,0,0.0,1500.0
Papadakis L.,Greenset,last_year,0,0,0,0.0,1500.0
Papadakis L.,Greenset,last_month,0,0,0,0.0,1500.0
Noel A.,Hard,all,1,0,1,1.0,1486.5069745958458
Noel A.,Hard,last_year,1,0,1,1.0,1484.0548561996256
Noel A.,Hard,last_month,0,0,0,0.0,1500.0
Noel A.,Carpet,all,0,0,0,0.0,1500.0
Noel A.,Carpet,last_year,0,0,0,0.0,1500.0
Noel A.,Carpet,last_month,0,0,0,0.0,1500.0
Noel A.,Clay,all,0,0,0,0.0,1500.0
Noel A.,Clay,last_year,0,0,0,0.0,1500.0
Noel A.,Clay,last_month,0,0,0,0.0,1500.0
Noel A.,Grass,all,0,0,0,0.0,1500.0
Noel A.,Grass,last_year,0,0,0,0.0,1500.0
Noel A.,Grass,last_month,0,0,0,0.0,1500.0
Noel A.,Greenset,all,0,0,0,0.0,1500.0
Noel A.,Greenset,last_year,0,0,0,0.0,1500.0
Noel A.,Greenset,last_month,0,0,0,0.0,1500.0
Volynets K.,Hard,all,56,20,36,0.6428571428571429,1542.068377504905
Volynets K.,Hard,last_year,22,6,16,0.7272727272727273,1543.0039934547613
Volynets K.,Hard,last_month,0,0,0,0.0,1500.0
Volynets K.,Carpet,all,0,0,0,0.0,1500.0
Volynets K.,Carpet,last_year,0,0,0,0.0,1500.0
Volynets K.,Carpet,last_month,0,0,0,0.0,1500.0
Volynets K.,Clay,all,23,9,14,0.6086956521739131,1499.6721773541128
Volynets K.,Clay,last_year,8,4,4,0.5,1507.272875162807
Volynets K.,Clay,last_month,0,0,0,0.0,1500.0
Volynets K.,Grass,all,11,2,9,0.8181818181818182,1494.8843165584672
Volynets K.,Grass,last_year,5,2,3,0.6,1542.5087128702528
Volynets K.,Grass,last_month,3,1,2,0.6666666666666666,1543.3938439211106
Volynets K.,Greenset,all,0,0,0,0.0,1500.0
Volynets K.,Greenset,last_year,0,0,0,0.0,1500.0
Volynets K.,Greenset,last_month,0,0,0,0.0,1500.0
Date Krumm K. ,Hard,all,3,1,2,0.6666666666666666,1515.1882156534107
Date Krumm K. ,Hard,last_year,0,0,0,0.0,1500.0
Date Krumm K. ,Hard,last_month,0,0,0,0.0,1500.0
Date Krumm K. ,Carpet,all,0,0,0,0.0,1500.0
Date Krumm K. ,Carpet,last_year,0,0,0,0.0,1500.0
Date Krumm K. ,Carpet,last_month,0,0,0,0.0,1500.0
Date Krumm K. ,Clay,all,0,0,0,0.0,1500.0
Date Krumm K. ,Clay,last_year,0,0,0,0.0,1500.0
Date Krumm K. ,Clay,last_month,0,0,0,0.0,1500.0
Date Krumm K. ,Grass,all,0,0,0,0.0,1500.0
Date Krumm K. ,Grass,last_year,0,0,0,0.0,1500.0
Date Krumm K. ,Grass,last_month,0,0,0,0.0,1500.0
Date Krumm K. ,Greenset,all,0,0,0,0.0,1500.0
Date Krumm K. ,Greenset,last_year,0,0,0,0.0,1500.0
Date Krumm K. ,Greenset,last_month,0,0,0,0.0,1500.0
Marcinko P.,Hard,all,3,1,2,0.6666666666666666,1482.3476841814368
Marcinko P.,Hard,last_year,0,0,0,0.0,1500.0
Marcinko P.,Hard,last_month,0,0,0,0.0,1500.0
Marcinko P.,Carpet,all,0,0,0,0.0,1500.0
Marcinko P.,Carpet,last_year,0,0,0,0.0,1500.0
Marcinko P.,Carpet,last_month,0,0,0,0.0,1500.0
Marcinko P.,Clay,all,2,1,1,0.5,1504.3266912963034
Marcinko P.,Clay,last_year,0,0,0,0.0,1500.0
Marcinko P.,Clay,last_month,0,0,0,0.0,1500.0
Marcinko P.,Grass,all,0,0,0,0.0,1500.0
Marcinko P.,Grass,last_year,0,0,0,0.0,1500.0
Marcinko P.,Grass,last_month,0,0,0,0.0,1500.0
Marcinko P.,Greenset,all,0,0,0,0.0,1500.0
Marcinko P.,Greenset,last_year,0,0,0,0.0,1500.0
Marcinko P.,Greenset,last_month,0,0,0,0.0,1500.0
Sierra S.,Hard,all,1,0,1,1.0,1514.7418724258532
Sierra S.,Hard,last_year,1,0,1,1.0,1515.9660918698307
Sierra S.,Hard,last_month,0,0,0,0.0,1500.0
Sierra S.,Carpet,all,0,0,0,0.0,1500.0
Sierra S.,Carpet,last_year,0,0,0,0.0,1500.0
Sierra S.,Carpet,last_month,0,0,0,0.0,1500.0
Sierra S.,Clay,all,1,0,1,1.0,1486.8052889048465
Sierra S.,Clay,last_year,1,0,1,1.0,1484.406530508112
Sierra S.,Clay,last_month,0,0,0,0.0,1500.0
Sierra S.,Grass,all,4,3,1,0.25,1529.9187980854308
Sierra S.,Grass,last_year,4,3,1,0.25,1534.6655295002645
Sierra S.,Grass,last_month,4,3,1,0.25,1532.1216948612887
Sierra S.,Greenset,all,0,0,0,0.0,1500.0
Sierra S.,Greenset,last_year,0,0,0,0.0,1500.0
Sierra S.,Greenset,last_month,0,0,0,0.0,1500.0
Caregaro M.,Hard,all,1,0,1,1.0,1484.1037610783005
Caregaro M.,Hard,last_year,0,0,0,0.0,1500.0
Caregaro M.,Hard,last_month,0,0,0,0.0,1500.0
Caregaro M.,Carpet,all,0,0,0,0.0,1500.0
Caregaro M.,Carpet,last_year,0,0,0,0.0,1500.0
Caregaro M.,Carpet,last_month,0,0,0,0.0,1500.0
Caregaro M.,Clay,all,1,0,1,1.0,1517.6958800564491
Caregaro M.,Clay,last_year,0,0,0,0.0,1500.0
Caregaro M.,Clay,last_month,0,0,0,0.0,1500.0
Caregaro M.,Grass,all,0,0,0,0.0,1500.0
Caregaro M.,Grass,last_year,0,0,0,0.0,1500.0
Caregaro M.,Grass,last_month,0,0,0,0.0,1500.0
Caregaro M.,Greenset,all,0,0,0,0.0,1500.0
Caregaro M.,Greenset,last_year,0,0,0,0.0,1500.0
Caregaro M.,Greenset,last_month,0,0,0,0.0,1500.0
Van Uytvanck A.,Hard,all,160,80,80,0.5,1472.4835989848525
Van Uytvanck A.,Hard,last_year,0,0,0,0.0,1500.0
Van Uytvanck A.,Hard,last_month,0,0,0,0.0,1500.0
Van Uytvanck A.,Carpet,all,0,0,0,0.0,1500.0
Van Uytvanck A.,Carpet,last_year,0,0,0,0.0,1500.0
Van Uytvanck A.,Carpet,last_month,0,0,0,0.0,1500.0
Van Uytvanck A.,Clay,all,58,23,35,0.603448275862069,1555.6080053215853
Van Uytvanck A.,Clay,last_year,1,0,1,1.0,1516.0
Van Uytvanck A.,Clay,last_month,0,0,0,0.0,1500.0
Van Uytvanck A.,Grass,all,41,16,25,0.6097560975609756,1468.9826762422786
Van Uytvanck A.,Grass,last_year,1,0,1,1.0,1516.0
Van Uytvanck A.,Grass,last_month,0,0,0,0.0,1500.0
Van Uytvanck A.,Greenset,all,0,0,0,0.0,1500.0
Van Uytvanck A.,Greenset,last_year,0,0,0,0.0,1500.0
Van Uytvanck A.,Greenset,last_month,0,0,0,0.0,1500.0
Torres Sandoval M.,Hard,all,1,0,1,1.0,1482.4300014413595
Torres Sandoval M.,Hard,last_year,0,0,0,0.0,1500.0
Torres Sandoval M.,Hard,last_month,0,0,0,0.0,1500.0
Torres Sandoval M.,Carpet,all,0,0,0,0.0,1500.0
Torres Sandoval M.,Carpet,last_year,0,0,0,0.0,1500.0
Torres Sandoval M.,Carpet,last_month,0,0,0,0.0,1500.0
Torres Sandoval M.,Clay,all,3,1,2,0.6666666666666666,1460.410008303965
Torres Sandoval M.,Clay,last_year,0,0,0,0.0,1500.0
Torres Sandoval M.,Clay,last_month,0,0,0,0.0,1500.0
Torres Sandoval M.,Grass,all,0,0,0,0.0,1500.0
Torres Sandoval M.,Grass,last_year,0,0,0,0.0,1500.0
Torres Sandoval M.,Grass,last_month,0,0,0,0.0,1500.0
Torres Sandoval M.,Greenset,all,0,0,0,0.0,1500.0
Torres Sandoval M.,Greenset,last_year,0,0,0,0.0,1500.0
Torres Sandoval M.,Greenset,last_month,0,0,0,0.0,1500.0
Sugnaux T.,Hard,all,0,0,0,0.0,1500.0
Sugnaux T.,Hard,last_year,0,0,0,0.0,1500.0
Sugnaux T.,Hard,last_month,0,0,0,0.0,1500.0
Sugnaux T.,Carpet,all,0,0,0,0.0,1500.0
Sugnaux T.,Carpet,last_year,0,0,0,0.0,1500.0
Sugnaux T.,Carpet,last_month,0,0,0,0.0,1500.0
Sugnaux T.,Clay,all,2,0,2,1.0,1470.3441744615018
Sugnaux T.,Clay,last_year,0,0,0,0.0,1500.0
Sugnaux T.,Clay,last_month,0,0,0,0.0,1500.0
Sugnaux T.,Grass,all,0,0,0,0.0,1500.0
Sugnaux T.,Grass,last_year,0,0,0,0.0,1500.0
Sugnaux T.,Grass,last_month,0,0,0,0.0,1500.0
Sugnaux T.,Greenset,all,0,0,0,0.0,1500.0
Sugnaux T.,Greenset,last_year,0,0,0,0.0,1500.0
Sugnaux T.,Greenset,last_month,0,0,0,0.0,1500.0
Spiteri D.,Hard,all,0,0,0,0.0,1500.0
Spiteri D.,Hard,last_year,0,0,0,0.0,1500.0
Spiteri D.,Hard,last_month,0,0,0,0.0,1500.0
Spiteri D.,Carpet,all,0,0,0,0.0,1500.0
Spiteri D.,Carpet,last_year,0,0,0,0.0,1500.0
Spiteri D.,Carpet,last_month,0,0,0,0.0,1500.0
Spiteri D.,Clay,all,1,0,1,1.0,1485.4853897080902
Spiteri D.,Clay,last_year,0,0,0,0.0,1500.0
Spiteri D.,Clay,last_month,0,0,0,0.0,1500.0
Spiteri D.,Grass,all,0,0,0,0.0,1500.0
Spiteri D.,Grass,last_year,0,0,0,0.0,1500.0
Spiteri D.,Grass,last_month,0,0,0,0.0,1500.0
Spiteri D.,Greenset,all,0,0,0,0.0,1500.0
Spiteri D.,Greenset,last_year,0,0,0,0.0,1500.0
Spiteri D.,Greenset,last_month,0,0,0,0.0,1500.0
Bondarenko K.,Hard,all,165,68,97,0.5878787878787879,1488.1044105232806
Bondarenko K.,Hard,last_year,1,0,1,1.0,1516.0
Bondarenko K.,Hard,last_month,0,0,0,0.0,1500.0
Bondarenko K.,Carpet,all,3,2,1,0.3333333333333333,1543.9504480959558
Bondarenko K.,Carpet,last_year,0,0,0,0.0,1500.0
Bondarenko K.,Carpet,last_month,0,0,0,0.0,1500.0
Bondarenko K.,Clay,all,76,33,43,0.5657894736842105,1457.3115473155644
Bondarenko K.,Clay,last_year,0,0,0,0.0,1500.0
Bondarenko K.,Clay,last_month,0,0,0,0.0,1500.0
Bondarenko K.,Grass,all,32,16,16,0.5,1475.1038689867107
Bondarenko K.,Grass,last_year,0,0,0,0.0,1500.0
Bondarenko K.,Grass,last_month,0,0,0,0.0,1500.0
Bondarenko K.,Greenset,all,0,0,0,0.0,1500.0
Bondarenko K.,Greenset,last_year,0,0,0,0.0,1500.0
Bondarenko K.,Greenset,last_month,0,0,0,0.0,1500.0
Lao D.,Hard,all,7,1,6,0.8571428571428571,1505.0492009824543
Lao D.,Hard,last_year,0,0,0,0.0,1500.0
Lao D.,Hard,last_month,0,0,0,0.0,1500.0
Lao D.,Carpet,all,0,0,0,0.0,1500.0
Lao D.,Carpet,last_year,0,0,0,0.0,1500.0
Lao D.,Carpet,last_month,0,0,0,0.0,1500.0
Lao D.,Clay,all,0,0,0,0.0,1500.0
Lao D.,Clay,last_year,0,0,0,0.0,1500.0
Lao D.,Clay,last_month,0,0,0,0.0,1500.0
Lao D.,Grass,all,3,0,3,1.0,1511.465601765367
Lao D.,Grass,last_year,0,0,0,0.0,1500.0
Lao D.,Grass,last_month,0,0,0,0.0,1500.0
Lao D.,Greenset,all,0,0,0,0.0,1500.0
Lao D.,Greenset,last_year,0,0,0,0.0,1500.0
Lao D.,Greenset,last_month,0,0,0,0.0,1500.0
Xu M.,Hard,all,0,0,0,0.0,1500.0
Xu M.,Hard,last_year,0,0,0,0.0,1500.0
Xu M.,Hard,last_month,0,0,0,0.0,1500.0
Xu M.,Carpet,all,0,0,0,0.0,1500.0
Xu M.,Carpet,last_year,0,0,0,0.0,1500.0
Xu M.,Carpet,last_month,0,0,0,0.0,1500.0
Xu M.,Clay,all,0,0,0,0.0,1500.0
Xu M.,Clay,last_year,0,0,0,0.0,1500.0
Xu M.,Clay,last_month,0,0,0,0.0,1500.0
Xu M.,Grass,all,4,1,3,0.75,1501.2860009569836
Xu M.,Grass,last_year,4,1,3,0.75,1500.8762746704192
Xu M.,Grass,last_month,4,1,3,0.75,1500.7357741699914
Xu M.,Greenset,all,0,0,0,0.0,1500.0
Xu M.,Greenset,last_year,0,0,0,0.0,1500.0
Xu M.,Greenset,last_month,0,0,0,0.0,1500.0
Cecil M.,Hard,all,3,0,3,1.0,1513.081707084571
Cecil M.,Hard,last_year,0,0,0,0.0,1500.0
Cecil M.,Hard,last_month,0,0,0,0.0,1500.0
Cecil M.,Carpet,all,0,0,0,0.0,1500.0
Cecil M.,Carpet,last_year,0,0,0,0.0,1500.0
Cecil M.,Carpet,last_month,0,0,0,0.0,1500.0
Cecil M.,Clay,all,2,0,2,1.0,1467.0079479200792
Cecil M.,Clay,last_year,0,0,0,0.0,1500.0
Cecil M.,Clay,last_month,0,0,0,0.0,1500.0
Cecil M.,Grass,all,0,0,0,0.0,1500.0
Cecil M.,Grass,last_year,0,0,0,0.0,1500.0
Cecil M.,Grass,last_month,0,0,0,0.0,1500.0
Cecil M.,Greenset,all,0,0,0,0.0,1500.0
Cecil M.,Greenset,last_year,0,0,0,0.0,1500.0
Cecil M.,Greenset,last_month,0,0,0,0.0,1500.0
Simmonds C.,Hard,all,2,0,2,1.0,1531.671351897188
Simmonds C.,Hard,last_year,0,0,0,0.0,1500.0
Simmonds C.,Hard,last_month,0,0,0,0.0,1500.0
Simmonds C.,Carpet,all,0,0,0,0.0,1500.0
Simmonds C.,Carpet,last_year,0,0,0,0.0,1500.0
Simmonds C.,Carpet,last_month,0,0,0,0.0,1500.0
Simmonds C.,Clay,all,0,0,0,0.0,1500.0
Simmonds C.,Clay,last_year,0,0,0,0.0,1500.0
Simmonds C.,Clay,last_month,0,0,0,0.0,1500.0
Simmonds C.,Grass,all,0,0,0,0.0,1500.0
Simmonds C.,Grass,last_year,0,0,0,0.0,1500.0
Simmonds C.,Grass,last_month,0,0,0,0.0,1500.0
Simmonds C.,Greenset,all,0,0,0,0.0,1500.0
Simmonds C.,Greenset,last_year,0,0,0,0.0,1500.0
Simmonds C.,Greenset,last_month,0,0,0,0.0,1500.0
Laskutova K.,Hard,all,1,0,1,1.0,1520.1252621823605
Laskutova K.,Hard,last_year,1,0,1,1.0,1518.7044655574132
Laskutova K.,Hard,last_month,0,0,0,0.0,1500.0
Laskutova K.,Carpet,all,0,0,0,0.0,1500.0
Laskutova K.,Carpet,last_year,0,0,0,0.0,1500.0
Laskutova K.,Carpet,last_month,0,0,0,0.0,1500.0
Laskutova K.,Clay,all,0,0,0,0.0,1500.0
Laskutova K.,Clay,last_year,0,0,0,0.0,1500.0
Laskutova K.,Clay,last_month,0,0,0,0.0,1500.0
Laskutova K.,Grass,all,0,0,0,0.0,1500.0
Laskutova K.,Grass,last_year,0,0,0,0.0,1500.0
Laskutova K.,Grass,last_month,0,0,0,0.0,1500.0
Laskutova K.,Greenset,all,0,0,0,0.0,1500.0
Laskutova K.,Greenset,last_year,0,0,0,0.0,1500.0
Laskutova K.,Greenset,last_month,0,0,0,0.0,1500.0
Henin J.,Hard,all,66,60,6,0.09090909090909091,1464.3193893200803
Henin J.,Hard,last_year,0,0,0,0.0,1500.0
Henin J.,Hard,last_month,0,0,0,0.0,1500.0
Henin J.,Carpet,all,3,2,1,0.3333333333333333,1519.4078254326105
Henin J.,Carpet,last_year,0,0,0,0.0,1500.0
Henin J.,Carpet,last_month,0,0,0,0.0,1500.0
Henin J.,Clay,all,27,23,4,0.14814814814814814,1401.0586451426188
Henin J.,Clay,last_year,0,0,0,0.0,1500.0
Henin J.,Clay,last_month,0,0,0,0.0,1500.0
Henin J.,Grass,all,19,17,2,0.10526315789473684,1468.2624690558748
Henin J.,Grass,last_year,0,0,0,0.0,1500.0
Henin J.,Grass,last_month,0,0,0,0.0,1500.0
Henin J.,Greenset,all,0,0,0,0.0,1500.0
Henin J.,Greenset,last_year,0,0,0,0.0,1500.0
Henin J.,Greenset,last_month,0,0,0,0.0,1500.0
Kostic N.,Hard,all,1,0,1,1.0,1519.9238570363161
Kostic N.,Hard,last_year,0,0,0,0.0,1500.0
Kostic N.,Hard,last_month,0,0,0,0.0,1500.0
Kostic N.,Carpet,all,0,0,0,0.0,1500.0
Kostic N.,Carpet,last_year,0,0,0,0.0,1500.0
Kostic N.,Carpet,last_month,0,0,0,0.0,1500.0
Kostic N.,Clay,all,0,0,0,0.0,1500.0
Kostic N.,Clay,last_year,0,0,0,0.0,1500.0
Kostic N.,Clay,last_month,0,0,0,0.0,1500.0
Kostic N.,Grass,all,0,0,0,0.0,1500.0
Kostic N.,Grass,last_year,0,0,0,0.0,1500.0
Kostic N.,Grass,last_month,0,0,0,0.0,1500.0
Kostic N.,Greenset,all,0,0,0,0.0,1500.0
Kostic N.,Greenset,last_year,0,0,0,0.0,1500.0
Kostic N.,Greenset,last_month,0,0,0,0.0,1500.0
Di Sarra F.,Hard,all,0,0,0,0.0,1500.0
Di Sarra F.,Hard,last_year,0,0,0,0.0,1500.0
Di Sarra F.,Hard,last_month,0,0,0,0.0,1500.0
Di Sarra F.,Carpet,all,0,0,0,0.0,1500.0
Di Sarra F.,Carpet,last_year,0,0,0,0.0,1500.0
Di Sarra F.,Carpet,last_month,0,0,0,0.0,1500.0
Di Sarra F.,Clay,all,2,0,2,1.0,1533.3756021160234
Di Sarra F.,Clay,last_year,0,0,0,0.0,1500.0
Di Sarra F.,Clay,last_month,0,0,0,0.0,1500.0
Di Sarra F.,Grass,all,0,0,0,0.0,1500.0
Di Sarra F.,Grass,last_year,0,0,0,0.0,1500.0
Di Sarra F.,Grass,last_month,0,0,0,0.0,1500.0
Di Sarra F.,Greenset,all,0,0,0,0.0,1500.0
Di Sarra F.,Greenset,last_year,0,0,0,0.0,1500.0
Di Sarra F.,Greenset,last_month,0,0,0,0.0,1500.0
Pliskova Kar.,Hard,all,0,0,0,0.0,1500.0
Pliskova Kar.,Hard,last_year,0,0,0,0.0,1500.0
Pliskova Kar.,Hard,last_month,0,0,0,0.0,1500.0
Pliskova Kar.,Carpet,all,0,0,0,0.0,1500.0
Pliskova Kar.,Carpet,last_year,0,0,0,0.0,1500.0
Pliskova Kar.,Carpet,last_month,0,0,0,0.0,1500.0
Pliskova Kar.,Clay,all,3,2,1,0.3333333333333333,1507.9756042856256
Pliskova Kar.,Clay,last_year,0,0,0,0.0,1500.0
Pliskova Kar.,Clay,last_month,0,0,0,0.0,1500.0
Pliskova Kar.,Grass,all,0,0,0,0.0,1500.0
Pliskova Kar.,Grass,last_year,0,0,0,0.0,1500.0
Pliskova Kar.,Grass,last_month,0,0,0,0.0,1500.0
Pliskova Kar.,Greenset,all,0,0,0,0.0,1500.0
Pliskova Kar.,Greenset,last_year,0,0,0,0.0,1500.0
Pliskova Kar.,Greenset,last_month,0,0,0,0.0,1500.0
Wang M.,Hard,all,2,0,2,1.0,1501.6745950357108
Wang M.,Hard,last_year,1,0,1,1.0,1482.6702758436184
Wang M.,Hard,last_month,0,0,0,0.0,1500.0
Wang M.,Carpet,all,0,0,0,0.0,1500.0
Wang M.,Carpet,last_year,0,0,0,0.0,1500.0
Wang M.,Carpet,last_month,0,0,0,0.0,1500.0
Wang M.,Clay,all,0,0,0,0.0,1500.0
Wang M.,Clay,last_year,0,0,0,0.0,1500.0
Wang M.,Clay,last_month,0,0,0,0.0,1500.0
Wang M.,Grass,all,0,0,0,0.0,1500.0
Wang M.,Grass,last_year,0,0,0,0.0,1500.0
Wang M.,Grass,last_month,0,0,0,0.0,1500.0
Wang M.,Greenset,all,0,0,0,0.0,1500.0
Wang M.,Greenset,last_year,0,0,0,0.0,1500.0
Wang M.,Greenset,last_month,0,0,0,0.0,1500.0
Ahn K.H.,Hard,all,2,0,2,1.0,1497.740510188065
Ahn K.H.,Hard,last_year,0,0,0,0.0,1500.0
Ahn K.H.,Hard,last_month,0,0,0,0.0,1500.0
Ahn K.H.,Carpet,all,0,0,0,0.0,1500.0
Ahn K.H.,Carpet,last_year,0,0,0,0.0,1500.0
Ahn K.H.,Carpet,last_month,0,0,0,0.0,1500.0
Ahn K.H.,Clay,all,0,0,0,0.0,1500.0
Ahn K.H.,Clay,last_year,0,0,0,0.0,1500.0
Ahn K.H.,Clay,last_month,0,0,0,0.0,1500.0
Ahn K.H.,Grass,all,0,0,0,0.0,1500.0
Ahn K.H.,Grass,last_year,0,0,0,0.0,1500.0
Ahn K.H.,Grass,last_month,0,0,0,0.0,1500.0
Ahn K.H.,Greenset,all,0,0,0,0.0,1500.0
Ahn K.H.,Greenset,last_year,0,0,0,0.0,1500.0
Ahn K.H.,Greenset,last_month,0,0,0,0.0,1500.0
Khazaniuk D.,Hard,all,2,1,1,0.5,1499.367370980776
Khazaniuk D.,Hard,last_year,0,0,0,0.0,1500.0
Khazaniuk D.,Hard,last_month,0,0,0,0.0,1500.0
Khazaniuk D.,Carpet,all,0,0,0,0.0,1500.0
Khazaniuk D.,Carpet,last_year,0,0,0,0.0,1500.0
Khazaniuk D.,Carpet,last_month,0,0,0,0.0,1500.0
Khazaniuk D.,Clay,all,0,0,0,0.0,1500.0
Khazaniuk D.,Clay,last_year,0,0,0,0.0,1500.0
Khazaniuk D.,Clay,last_month,0,0,0,0.0,1500.0
Khazaniuk D.,Grass,all,0,0,0,0.0,1500.0
Khazaniuk D.,Grass,last_year,0,0,0,0.0,1500.0
Khazaniuk D.,Grass,last_month,0,0,0,0.0,1500.0
Khazaniuk D.,Greenset,all,0,0,0,0.0,1500.0
Khazaniuk D.,Greenset,last_year,0,0,0,0.0,1500.0
Khazaniuk D.,Greenset,last_month,0,0,0,0.0,1500.0
Ramialison I.,Hard,all,1,0,1,1.0,1483.1034462584737
Ramialison I.,Hard,last_year,0,0,0,0.0,1500.0
Ramialison I.,Hard,last_month,0,0,0,0.0,1500.0
Ramialison I.,Carpet,all,0,0,0,0.0,1500.0
Ramialison I.,Carpet,last_year,0,0,0,0.0,1500.0
Ramialison I.,Carpet,last_month,0,0,0,0.0,1500.0
Ramialison I.,Clay,all,0,0,0,0.0,1500.0
Ramialison I.,Clay,last_year,0,0,0,0.0,1500.0
Ramialison I.,Clay,last_month,0,0,0,0.0,1500.0
Ramialison I.,Grass,all,0,0,0,0.0,1500.0
Ramialison I.,Grass,last_year,0,0,0,0.0,1500.0
Ramialison I.,Grass,last_month,0,0,0,0.0,1500.0
Ramialison I.,Greenset,all,0,0,0,0.0,1500.0
Ramialison I.,Greenset,last_year,0,0,0,0.0,1500.0
Ramialison I.,Greenset,last_month,0,0,0,0.0,1500.0
Rakhimova K.,Hard,all,52,17,35,0.6730769230769231,1519.8248067455822
Rakhimova K.,Hard,last_year,19,6,13,0.6842105263157895,1495.853590658205
Rakhimova K.,Hard,last_month,0,0,0,0.0,1500.0
Rakhimova K.,Carpet,all,0,0,0,0.0,1500.0
Rakhimova K.,Carpet,last_year,0,0,0,0.0,1500.0
Rakhimova K.,Carpet,last_month,0,0,0,0.0,1500.0
Rakhimova K.,Clay,all,42,18,24,0.5714285714285714,1467.8789156112277
Rakhimova K.,Clay,last_year,6,2,4,0.6666666666666666,1500.896712787457
Rakhimova K.,Clay,last_month,0,0,0,0.0,1500.0
Rakhimova K.,Grass,all,10,5,5,0.5,1547.013263603997
Rakhimova K.,Grass,last_year,7,4,3,0.42857142857142855,1507.4993853086048
Rakhimova K.,Grass,last_month,7,4,3,0.42857142857142855,1511.2551483852021
Rakhimova K.,Greenset,all,0,0,0,0.0,1500.0
Rakhimova K.,Greenset,last_year,0,0,0,0.0,1500.0
Rakhimova K.,Greenset,last_month,0,0,0,0.0,1500.0
Bassols M.,Hard,all,8,0,8,1.0,1496.167594553365
Bassols M.,Hard,last_year,2,0,2,1.0,1499.6812924387837
Bassols M.,Hard,last_month,0,0,0,0.0,1500.0
Bassols M.,Carpet,all,0,0,0,0.0,1500.0
Bassols M.,Carpet,last_year,0,0,0,0.0,1500.0
Bassols M.,Carpet,last_month,0,0,0,0.0,1500.0
Bassols M.,Clay,all,7,1,6,0.8571428571428571,1469.9673429220638
Bassols M.,Clay,last_year,3,1,2,0.6666666666666666,1482.661091895001
Bassols M.,Clay,last_month,0,0,0,0.0,1500.0
Bassols M.,Grass,all,0,0,0,0.0,1500.0
Bassols M.,Grass,last_year,0,0,0,0.0,1500.0
Bassols M.,Grass,last_month,0,0,0,0.0,1500.0
Bassols M.,Greenset,all,0,0,0,0.0,1500.0
Bassols M.,Greenset,last_year,0,0,0,0.0,1500.0
Bassols M.,Greenset,last_month,0,0,0,0.0,1500.0
Konta J.,Hard,all,163,99,64,0.39263803680981596,1460.9832202969415
Konta J.,Hard,last_year,0,0,0,0.0,1500.0
Konta J.,Hard,last_month,0,0,0,0.0,1500.0
Konta J.,Carpet,all,0,0,0,0.0,1500.0
Konta J.,Carpet,last_year,0,0,0,0.0,1500.0
Konta J.,Carpet,last_month,0,0,0,0.0,1500.0
Konta J.,Clay,all,52,27,25,0.4807692307692308,1458.7480282336974
Konta J.,Clay,last_year,0,0,0,0.0,1500.0
Konta J.,Clay,last_month,0,0,0,0.0,1500.0
Konta J.,Grass,all,70,46,24,0.6571428571428571,1517.7948409419157
Konta J.,Grass,last_year,0,0,0,0.0,1500.0
Konta J.,Grass,last_month,0,0,0,0.0,1500.0
Konta J.,Greenset,all,0,0,0,0.0,1500.0
Konta J.,Greenset,last_year,0,0,0,0.0,1500.0
Konta J.,Greenset,last_month,0,0,0,0.0,1500.0
Osuigwe W.,Hard,all,11,1,10,0.9090909090909091,1492.9200800809538
Osuigwe W.,Hard,last_year,1,0,1,1.0,1485.2318232877587
Osuigwe W.,Hard,last_month,0,0,0,0.0,1500.0
Osuigwe W.,Carpet,all,0,0,0,0.0,1500.0
Osuigwe W.,Carpet,last_year,0,0,0,0.0,1500.0
Osuigwe W.,Carpet,last_month,0,0,0,0.0,1500.0
Osuigwe W.,Clay,all,1,0,1,1.0,1484.695715225661
Osuigwe W.,Clay,last_year,0,0,0,0.0,1500.0
Osuigwe W.,Clay,last_month,0,0,0,0.0,1500.0
Osuigwe W.,Grass,all,0,0,0,0.0,1500.0
Osuigwe W.,Grass,last_year,0,0,0,0.0,1500.0
Osuigwe W.,Grass,last_month,0,0,0,0.0,1500.0
Osuigwe W.,Greenset,all,0,0,0,0.0,1500.0
Osuigwe W.,Greenset,last_year,0,0,0,0.0,1500.0
Osuigwe W.,Greenset,last_month,0,0,0,0.0,1500.0
Alves C.M.,Hard,all,1,0,1,1.0,1483.1296133484507
Alves C.M.,Hard,last_year,0,0,0,0.0,1500.0
Alves C.M.,Hard,last_month,0,0,0,0.0,1500.0
Alves C.M.,Carpet,all,0,0,0,0.0,1500.0
Alves C.M.,Carpet,last_year,0,0,0,0.0,1500.0
Alves C.M.,Carpet,last_month,0,0,0,0.0,1500.0
Alves C.M.,Clay,all,0,0,0,0.0,1500.0
Alves C.M.,Clay,last_year,0,0,0,0.0,1500.0
Alves C.M.,Clay,last_month,0,0,0,0.0,1500.0
Alves C.M.,Grass,all,0,0,0,0.0,1500.0
Alves C.M.,Grass,last_year,0,0,0,0.0,1500.0
Alves C.M.,Grass,last_month,0,0,0,0.0,1500.0
Alves C.M.,Greenset,all,0,0,0,0.0,1500.0
Alves C.M.,Greenset,last_year,0,0,0,0.0,1500.0
Alves C.M.,Greenset,last_month,0,0,0,0.0,1500.0
"Sharapova, M.",Hard,all,5,4,1,0.2,1516.301917007307
"Sharapova, M.",Hard,last_year,0,0,0,0.0,1500.0
"Sharapova, M.",Hard,last_month,0,0,0,0.0,1500.0
"Sharapova, M.",Carpet,all,0,0,0,0.0,1500.0
"Sharapova, M.",Carpet,last_year,0,0,0,0.0,1500.0
"Sharapova, M.",Carpet,last_month,0,0,0,0.0,1500.0
"Sharapova, M.",Clay,all,0,0,0,0.0,1500.0
"Sharapova, M.",Clay,last_year,0,0,0,0.0,1500.0
"Sharapova, M.",Clay,last_month,0,0,0,0.0,1500.0
"Sharapova, M.",Grass,all,0,0,0,0.0,1500.0
"Sharapova, M.",Grass,last_year,0,0,0,0.0,1500.0
"Sharapova, M.",Grass,last_month,0,0,0,0.0,1500.0
"Sharapova, M.",Greenset,all,0,0,0,0.0,1500.0
"Sharapova, M.",Greenset,last_year,0,0,0,0.0,1500.0
"Sharapova, M.",Greenset,last_month,0,0,0,0.0,1500.0
Okamura K.,Hard,all,4,1,3,0.75,1529.580189175155
Okamura K.,Hard,last_year,3,1,2,0.6666666666666666,1515.2414037489427
Okamura K.,Hard,last_month,0,0,0,0.0,1500.0
Okamura K.,Carpet,all,0,0,0,0.0,1500.0
Okamura K.,Carpet,last_year,0,0,0,0.0,1500.0
Okamura K.,Carpet,last_month,0,0,0,0.0,1500.0
Okamura K.,Clay,all,1,0,1,1.0,1484.5346821744874
Okamura K.,Clay,last_year,1,0,1,1.0,1483.9323273572415
Okamura K.,Clay,last_month,0,0,0,0.0,1500.0
Okamura K.,Grass,all,0,0,0,0.0,1500.0
Okamura K.,Grass,last_year,0,0,0,0.0,1500.0
Okamura K.,Grass,last_month,0,0,0,0.0,1500.0
Okamura K.,Greenset,all,0,0,0,0.0,1500.0
Okamura K.,Greenset,last_year,0,0,0,0.0,1500.0
Okamura K.,Greenset,last_month,0,0,0,0.0,1500.0
Celik S.,Hard,all,1,0,1,1.0,1518.0248804762475
Celik S.,Hard,last_year,0,0,0,0.0,1500.0
Celik S.,Hard,last_month,0,0,0,0.0,1500.0
Celik S.,Carpet,all,0,0,0,0.0,1500.0
Celik S.,Carpet,last_year,0,0,0,0.0,1500.0
Celik S.,Carpet,last_month,0,0,0,0.0,1500.0
Celik S.,Clay,all,2,0,2,1.0,1472.0189695019742
Celik S.,Clay,last_year,0,0,0,0.0,1500.0
Celik S.,Clay,last_month,0,0,0,0.0,1500.0
Celik S.,Grass,all,0,0,0,0.0,1500.0
Celik S.,Grass,last_year,0,0,0,0.0,1500.0
Celik S.,Grass,last_month,0,0,0,0.0,1500.0
Celik S.,Greenset,all,0,0,0,0.0,1500.0
Celik S.,Greenset,last_year,0,0,0,0.0,1500.0
Celik S.,Greenset,last_month,0,0,0,0.0,1500.0
Garland J.,Hard,all,0,0,0,0.0,1500.0
Garland J.,Hard,last_year,0,0,0,0.0,1500.0
Garland J.,Hard,last_month,0,0,0,0.0,1500.0
Garland J.,Carpet,all,0,0,0,0.0,1500.0
Garland J.,Carpet,last_year,0,0,0,0.0,1500.0
Garland J.,Carpet,last_month,0,0,0,0.0,1500.0
Garland J.,Clay,all,2,1,1,0.5,1503.3328618377238
Garland J.,Clay,last_year,2,1,1,0.5,1501.4511320711702
Garland J.,Clay,last_month,0,0,0,0.0,1500.0
Garland J.,Grass,all,1,0,1,1.0,1483.4442099715395
Garland J.,Grass,last_year,1,0,1,1.0,1484.6687643190155
Garland J.,Grass,last_month,1,0,1,1.0,1484.0
Garland J.,Greenset,all,0,0,0,0.0,1500.0
Garland J.,Greenset,last_year,0,0,0,0.0,1500.0
Garland J.,Greenset,last_month,0,0,0,0.0,1500.0
Vrljic A.,Hard,all,4,1,3,0.75,1503.376476919791
Vrljic A.,Hard,last_year,0,0,0,0.0,1500.0
Vrljic A.,Hard,last_month,0,0,0,0.0,1500.0
Vrljic A.,Carpet,all,0,0,0,0.0,1500.0
Vrljic A.,Carpet,last_year,0,0,0,0.0,1500.0
Vrljic A.,Carpet,last_month,0,0,0,0.0,1500.0
Vrljic A.,Clay,all,3,2,1,0.6666666666666666,1513.606679181794
Vrljic A.,Clay,last_year,0,0,0,0.0,1500.0
Vrljic A.,Clay,last_month,0,0,0,0.0,1500.0
Vrljic A.,Grass,all,0,0,0,0.0,1500.0
Vrljic A.,Grass,last_year,0,0,0,0.0,1500.0
Vrljic A.,Grass,last_month,0,0,0,0.0,1500.0
Vrljic A.,Greenset,all,0,0,0,0.0,1500.0
Vrljic A.,Greenset,last_year,0,0,0,0.0,1500.0
Vrljic A.,Greenset,last_month,0,0,0,0.0,1500.0
Pous-T L.,Hard,all,1,0,1,1.0,1518.7965145509986
Pous-T L.,Hard,last_year,0,0,0,0.0,1500.0
Pous-T L.,Hard,last_month,0,0,0,0.0,1500.0
Pous-T L.,Carpet,all,0,0,0,0.0,1500.0
Pous-T L.,Carpet,last_year,0,0,0,0.0,1500.0
Pous-T L.,Carpet,last_month,0,0,0,0.0,1500.0
Pous-T L.,Clay,all,1,0,1,1.0,1515.9874768521745
Pous-T L.,Clay,last_year,0,0,0,0.0,1500.0
Pous-T L.,Clay,last_month,0,0,0,0.0,1500.0
Pous-T L.,Grass,all,0,0,0,0.0,1500.0
Pous-T L.,Grass,last_year,0,0,0,0.0,1500.0
Pous-T L.,Grass,last_month,0,0,0,0.0,1500.0
Pous-T L.,Greenset,all,0,0,0,0.0,1500.0
Pous-T L.,Greenset,last_year,0,0,0,0.0,1500.0
Pous-T L.,Greenset,last_month,0,0,0,0.0,1500.0
Mrdeza T.,Hard,all,7,2,5,0.7142857142857143,1430.1515035334564
Mrdeza T.,Hard,last_year,0,0,0,0.0,1500.0
Mrdeza T.,Hard,last_month,0,0,0,0.0,1500.0
Mrdeza T.,Carpet,all,0,0,0,0.0,1500.0
Mrdeza T.,Carpet,last_year,0,0,0,0.0,1500.0
Mrdeza T.,Carpet,last_month,0,0,0,0.0,1500.0
Mrdeza T.,Clay,all,9,1,8,0.8888888888888888,1521.165259846583
Mrdeza T.,Clay,last_year,0,0,0,0.0,1500.0
Mrdeza T.,Clay,last_month,0,0,0,0.0,1500.0
Mrdeza T.,Grass,all,0,0,0,0.0,1500.0
Mrdeza T.,Grass,last_year,0,0,0,0.0,1500.0
Mrdeza T.,Grass,last_month,0,0,0,0.0,1500.0
Mrdeza T.,Greenset,all,0,0,0,0.0,1500.0
Mrdeza T.,Greenset,last_year,0,0,0,0.0,1500.0
Mrdeza T.,Greenset,last_month,0,0,0,0.0,1500.0
Fichman S.,Hard,all,14,3,11,0.7857142857142857,1480.8210515131614
Fichman S.,Hard,last_year,0,0,0,0.0,1500.0
Fichman S.,Hard,last_month,0,0,0,0.0,1500.0
Fichman S.,Carpet,all,0,0,0,0.0,1500.0
Fichman S.,Carpet,last_year,0,0,0,0.0,1500.0
Fichman S.,Carpet,last_month,0,0,0,0.0,1500.0
Fichman S.,Clay,all,17,4,13,0.7647058823529411,1496.27078675011
Fichman S.,Clay,last_year,0,0,0,0.0,1500.0
Fichman S.,Clay,last_month,0,0,0,0.0,1500.0
Fichman S.,Grass,all,2,0,2,1.0,1496.8091343357673
Fichman S.,Grass,last_year,0,0,0,0.0,1500.0
Fichman S.,Grass,last_month,0,0,0,0.0,1500.0
Fichman S.,Greenset,all,0,0,0,0.0,1500.0
Fichman S.,Greenset,last_year,0,0,0,0.0,1500.0
Fichman S.,Greenset,last_month,0,0,0,0.0,1500.0
Compostizode E.,Hard,all,0,0,0,0.0,1500.0
Compostizode E.,Hard,last_year,0,0,0,0.0,1500.0
Compostizode E.,Hard,last_month,0,0,0,0.0,1500.0
Compostizode E.,Carpet,all,0,0,0,0.0,1500.0
Compostizode E.,Carpet,last_year,0,0,0,0.0,1500.0
Compostizode E.,Carpet,last_month,0,0,0,0.0,1500.0
Compostizode E.,Clay,all,2,1,1,0.5,1505.4661096532104
Compostizode E.,Clay,last_year,0,0,0,0.0,1500.0
Compostizode E.,Clay,last_month,0,0,0,0.0,1500.0
Compostizode E.,Grass,all,0,0,0,0.0,1500.0
Compostizode E.,Grass,last_year,0,0,0,0.0,1500.0
Compostizode E.,Grass,last_month,0,0,0,0.0,1500.0
Compostizode E.,Greenset,all,0,0,0,0.0,1500.0
Compostizode E.,Greenset,last_year,0,0,0,0.0,1500.0
Compostizode E.,Greenset,last_month,0,0,0,0.0,1500.0
Zander N.,Hard,all,0,0,0,0.0,1500.0
Zander N.,Hard,last_year,0,0,0,0.0,1500.0
Zander N.,Hard,last_month,0,0,0,0.0,1500.0
Zander N.,Carpet,all,0,0,0,0.0,1500.0
Zander N.,Carpet,last_year,0,0,0,0.0,1500.0
Zander N.,Carpet,last_month,0,0,0,0.0,1500.0
Zander N.,Clay,all,1,0,1,1.0,1515.476931073623
Zander N.,Clay,last_year,0,0,0,0.0,1500.0
Zander N.,Clay,last_month,0,0,0,0.0,1500.0
Zander N.,Grass,all,0,0,0,0.0,1500.0
Zander N.,Grass,last_year,0,0,0,0.0,1500.0
Zander N.,Grass,last_month,0,0,0,0.0,1500.0
Zander N.,Greenset,all,0,0,0,0.0,1500.0
Zander N.,Greenset,last_year,0,0,0,0.0,1500.0
Zander N.,Greenset,last_month,0,0,0,0.0,1500.0
Wang Xin.,Hard,all,124,59,65,0.5241935483870968,1464.8811508154688
Wang Xin.,Hard,last_year,29,13,16,0.5517241379310345,1474.5752297663657
Wang Xin.,Hard,last_month,0,0,0,0.0,1500.0
Wang Xin.,Carpet,all,0,0,0,0.0,1500.0
Wang Xin.,Carpet,last_year,0,0,0,0.0,1500.0
Wang Xin.,Carpet,last_month,0,0,0,0.0,1500.0
Wang Xin.,Clay,all,24,8,16,0.6666666666666666,1414.1914211269182
Wang Xin.,Clay,last_year,5,1,4,0.8,1515.4358577055118
Wang Xin.,Clay,last_month,0,0,0,0.0,1500.0
Wang Xin.,Grass,all,20,9,11,0.55,1453.3515260906306
Wang Xin.,Grass,last_year,11,7,4,0.36363636363636365,1471.3548950802387
Wang Xin.,Grass,last_month,7,4,3,0.42857142857142855,1430.27765964666
Wang Xin.,Greenset,all,0,0,0,0.0,1500.0
Wang Xin.,Greenset,last_year,0,0,0,0.0,1500.0
Wang Xin.,Greenset,last_month,0,0,0,0.0,1500.0
Erakovic M.,Hard,all,132,55,77,0.5833333333333334,1505.4814950069758
Erakovic M.,Hard,last_year,0,0,0,0.0,1500.0
Erakovic M.,Hard,last_month,0,0,0,0.0,1500.0
Erakovic M.,Carpet,all,0,0,0,0.0,1500.0
Erakovic M.,Carpet,last_year,0,0,0,0.0,1500.0
Erakovic M.,Carpet,last_month,0,0,0,0.0,1500.0
Erakovic M.,Clay,all,46,18,28,0.6086956521739131,1479.8625016905987
Erakovic M.,Clay,last_year,0,0,0,0.0,1500.0
Erakovic M.,Clay,last_month,0,0,0,0.0,1500.0
Erakovic M.,Grass,all,43,23,20,0.46511627906976744,1577.211711846282
Erakovic M.,Grass,last_year,0,0,0,0.0,1500.0
Erakovic M.,Grass,last_month,0,0,0,0.0,1500.0
Erakovic M.,Greenset,all,0,0,0,0.0,1500.0
Erakovic M.,Greenset,last_year,0,0,0,0.0,1500.0
Erakovic M.,Greenset,last_month,0,0,0,0.0,1500.0
Ivakhnenko V.,Hard,all,1,0,1,1.0,1515.6121028015853
Ivakhnenko V.,Hard,last_year,0,0,0,0.0,1500.0
Ivakhnenko V.,Hard,last_month,0,0,0,0.0,1500.0
Ivakhnenko V.,Carpet,all,0,0,0,0.0,1500.0
Ivakhnenko V.,Carpet,last_year,0,0,0,0.0,1500.0
Ivakhnenko V.,Carpet,last_month,0,0,0,0.0,1500.0
Ivakhnenko V.,Clay,all,8,3,5,0.625,1585.6710187290053
Ivakhnenko V.,Clay,last_year,0,0,0,0.0,1500.0
Ivakhnenko V.,Clay,last_month,0,0,0,0.0,1500.0
Ivakhnenko V.,Grass,all,0,0,0,0.0,1500.0
Ivakhnenko V.,Grass,last_year,0,0,0,0.0,1500.0
Ivakhnenko V.,Grass,last_month,0,0,0,0.0,1500.0
Ivakhnenko V.,Greenset,all,0,0,0,0.0,1500.0
Ivakhnenko V.,Greenset,last_year,0,0,0,0.0,1500.0
Ivakhnenko V.,Greenset,last_month,0,0,0,0.0,1500.0
Hendler T.,Hard,all,1,0,1,1.0,1515.9335722318333
Hendler T.,Hard,last_year,0,0,0,0.0,1500.0
Hendler T.,Hard,last_month,0,0,0,0.0,1500.0
Hendler T.,Carpet,all,0,0,0,0.0,1500.0
Hendler T.,Carpet,last_year,0,0,0,0.0,1500.0
Hendler T.,Carpet,last_month,0,0,0,0.0,1500.0
Hendler T.,Clay,all,2,0,2,1.0,1497.3345152131542
Hendler T.,Clay,last_year,0,0,0,0.0,1500.0
Hendler T.,Clay,last_month,0,0,0,0.0,1500.0
Hendler T.,Grass,all,0,0,0,0.0,1500.0
Hendler T.,Grass,last_year,0,0,0,0.0,1500.0
Hendler T.,Grass,last_month,0,0,0,0.0,1500.0
Hendler T.,Greenset,all,0,0,0,0.0,1500.0
Hendler T.,Greenset,last_year,0,0,0,0.0,1500.0
Hendler T.,Greenset,last_month,0,0,0,0.0,1500.0
Glatch A.,Hard,all,37,10,27,0.7297297297297297,1496.6163464820365
Glatch A.,Hard,last_year,0,0,0,0.0,1500.0
Glatch A.,Hard,last_month,0,0,0,0.0,1500.0
Glatch A.,Carpet,all,0,0,0,0.0,1500.0
Glatch A.,Carpet,last_year,0,0,0,0.0,1500.0
Glatch A.,Carpet,last_month,0,0,0,0.0,1500.0
Glatch A.,Clay,all,10,2,8,0.8,1472.7301308990106
Glatch A.,Clay,last_year,0,0,0,0.0,1500.0
Glatch A.,Clay,last_month,0,0,0,0.0,1500.0
Glatch A.,Grass,all,5,1,4,0.8,1486.294989048751
Glatch A.,Grass,last_year,0,0,0,0.0,1500.0
Glatch A.,Grass,last_month,0,0,0,0.0,1500.0
Glatch A.,Greenset,all,0,0,0,0.0,1500.0
Glatch A.,Greenset,last_year,0,0,0,0.0,1500.0
Glatch A.,Greenset,last_month,0,0,0,0.0,1500.0
Samsonova L.,Hard,all,149,85,64,0.42953020134228187,1567.3561080755455
Samsonova L.,Hard,last_year,31,17,14,0.45161290322580644,1552.3408445894718
Samsonova L.,Hard,last_month,0,0,0,0.0,1500.0
Samsonova L.,Carpet,all,0,0,0,0.0,1500.0
Samsonova L.,Carpet,last_year,0,0,0,0.0,1500.0
Samsonova L.,Carpet,last_month,0,0,0,0.0,1500.0
Samsonova L.,Clay,all,58,31,27,0.46551724137931033,1558.3722981898395
Samsonova L.,Clay,last_year,16,11,5,0.3125,1524.682645710198
Samsonova L.,Clay,last_month,1,0,1,1.0,1516.0
Samsonova L.,Grass,all,42,28,14,0.3333333333333333,1495.9902510106501
Samsonova L.,Grass,last_year,13,9,4,0.3076923076923077,1474.107587560964
Samsonova L.,Grass,last_month,10,7,3,0.3,1481.7909539176803
Samsonova L.,Greenset,all,0,0,0,0.0,1500.0
Samsonova L.,Greenset,last_year,0,0,0,0.0,1500.0
Samsonova L.,Greenset,last_month,0,0,0,0.0,1500.0
Naito Y.,Hard,all,1,0,1,1.0,1516.9587978023023
Naito Y.,Hard,last_year,0,0,0,0.0,1500.0
Naito Y.,Hard,last_month,0,0,0,0.0,1500.0
Naito Y.,Carpet,all,0,0,0,0.0,1500.0
Naito Y.,Carpet,last_year,0,0,0,0.0,1500.0
Naito Y.,Carpet,last_month,0,0,0,0.0,1500.0
Naito Y.,Clay,all,0,0,0,0.0,1500.0
Naito Y.,Clay,last_year,0,0,0,0.0,1500.0
Naito Y.,Clay,last_month,0,0,0,0.0,1500.0
Naito Y.,Grass,all,0,0,0,0.0,1500.0
Naito Y.,Grass,last_year,0,0,0,0.0,1500.0
Naito Y.,Grass,last_month,0,0,0,0.0,1500.0
Naito Y.,Greenset,all,0,0,0,0.0,1500.0
Naito Y.,Greenset,last_year,0,0,0,0.0,1500.0
Naito Y.,Greenset,last_month,0,0,0,0.0,1500.0
Mendez S.,Hard,all,2,0,2,1.0,1530.6809244422202
Mendez S.,Hard,last_year,0,0,0,0.0,1500.0
Mendez S.,Hard,last_month,0,0,0,0.0,1500.0
Mendez S.,Carpet,all,0,0,0,0.0,1500.0
Mendez S.,Carpet,last_year,0,0,0,0.0,1500.0
Mendez S.,Carpet,last_month,0,0,0,0.0,1500.0
Mendez S.,Clay,all,0,0,0,0.0,1500.0
Mendez S.,Clay,last_year,0,0,0,0.0,1500.0
Mendez S.,Clay,last_month,0,0,0,0.0,1500.0
Mendez S.,Grass,all,0,0,0,0.0,1500.0
Mendez S.,Grass,last_year,0,0,0,0.0,1500.0
Mendez S.,Grass,last_month,0,0,0,0.0,1500.0
Mendez S.,Greenset,all,0,0,0,0.0,1500.0
Mendez S.,Greenset,last_year,0,0,0,0.0,1500.0
Mendez S.,Greenset,last_month,0,0,0,0.0,1500.0
Radisic N.,Hard,all,1,0,1,1.0,1482.0864018519537
Radisic N.,Hard,last_year,0,0,0,0.0,1500.0
Radisic N.,Hard,last_month,0,0,0,0.0,1500.0
Radisic N.,Carpet,all,0,0,0,0.0,1500.0
Radisic N.,Carpet,last_year,0,0,0,0.0,1500.0
Radisic N.,Carpet,last_month,0,0,0,0.0,1500.0
Radisic N.,Clay,all,0,0,0,0.0,1500.0
Radisic N.,Clay,last_year,0,0,0,0.0,1500.0
Radisic N.,Clay,last_month,0,0,0,0.0,1500.0
Radisic N.,Grass,all,0,0,0,0.0,1500.0
Radisic N.,Grass,last_year,0,0,0,0.0,1500.0
Radisic N.,Grass,last_month,0,0,0,0.0,1500.0
Radisic N.,Greenset,all,0,0,0,0.0,1500.0
Radisic N.,Greenset,last_year,0,0,0,0.0,1500.0
Radisic N.,Greenset,last_month,0,0,0,0.0,1500.0
Han N.L.,Hard,all,15,4,11,0.7333333333333333,1507.955974885121
Han N.L.,Hard,last_year,0,0,0,0.0,1500.0
Han N.L.,Hard,last_month,0,0,0,0.0,1500.0
Han N.L.,Carpet,all,0,0,0,0.0,1500.0
Han N.L.,Carpet,last_year,0,0,0,0.0,1500.0
Han N.L.,Carpet,last_month,0,0,0,0.0,1500.0
Han N.L.,Clay,all,0,0,0,0.0,1500.0
Han N.L.,Clay,last_year,0,0,0,0.0,1500.0
Han N.L.,Clay,last_month,0,0,0,0.0,1500.0
Han N.L.,Grass,all,0,0,0,0.0,1500.0
Han N.L.,Grass,last_year,0,0,0,0.0,1500.0
Han N.L.,Grass,last_month,0,0,0,0.0,1500.0
Han N.L.,Greenset,all,0,0,0,0.0,1500.0
Han N.L.,Greenset,last_year,0,0,0,0.0,1500.0
Han N.L.,Greenset,last_month,0,0,0,0.0,1500.0
Savranska Y.,Hard,all,0,0,0,0.0,1500.0
Savranska Y.,Hard,last_year,0,0,0,0.0,1500.0
Savranska Y.,Hard,last_month,0,0,0,0.0,1500.0
Savranska Y.,Carpet,all,0,0,0,0.0,1500.0
Savranska Y.,Carpet,last_year,0,0,0,0.0,1500.0
Savranska Y.,Carpet,last_month,0,0,0,0.0,1500.0
Savranska Y.,Clay,all,1,0,1,1.0,1514.8330536578108
Savranska Y.,Clay,last_year,0,0,0,0.0,1500.0
Savranska Y.,Clay,last_month,0,0,0,0.0,1500.0
Savranska Y.,Grass,all,0,0,0,0.0,1500.0
Savranska Y.,Grass,last_year,0,0,0,0.0,1500.0
Savranska Y.,Grass,last_month,0,0,0,0.0,1500.0
Savranska Y.,Greenset,all,0,0,0,0.0,1500.0
Savranska Y.,Greenset,last_year,0,0,0,0.0,1500.0
Savranska Y.,Greenset,last_month,0,0,0,0.0,1500.0
Lottner A.,Hard,all,10,1,9,0.9,1440.9564577575688
Lottner A.,Hard,last_year,0,0,0,0.0,1500.0
Lottner A.,Hard,last_month,0,0,0,0.0,1500.0
Lottner A.,Carpet,all,0,0,0,0.0,1500.0
Lottner A.,Carpet,last_year,0,0,0,0.0,1500.0
Lottner A.,Carpet,last_month,0,0,0,0.0,1500.0
Lottner A.,Clay,all,17,5,12,0.7058823529411765,1423.2897576578357
Lottner A.,Clay,last_year,0,0,0,0.0,1500.0
Lottner A.,Clay,last_month,0,0,0,0.0,1500.0
Lottner A.,Grass,all,8,4,4,0.5,1465.0687322101476
Lottner A.,Grass,last_year,0,0,0,0.0,1500.0
Lottner A.,Grass,last_month,0,0,0,0.0,1500.0
Lottner A.,Greenset,all,0,0,0,0.0,1500.0
Lottner A.,Greenset,last_year,0,0,0,0.0,1500.0
Lottner A.,Greenset,last_month,0,0,0,0.0,1500.0
Kutuzova V.,Hard,all,9,0,9,1.0,1459.06376031742
Kutuzova V.,Hard,last_year,0,0,0,0.0,1500.0
Kutuzova V.,Hard,last_month,0,0,0,0.0,1500.0
Kutuzova V.,Carpet,all,0,0,0,0.0,1500.0
Kutuzova V.,Carpet,last_year,0,0,0,0.0,1500.0
Kutuzova V.,Carpet,last_month,0,0,0,0.0,1500.0
Kutuzova V.,Clay,all,16,7,9,0.5625,1477.5636624545593
Kutuzova V.,Clay,last_year,0,0,0,0.0,1500.0
Kutuzova V.,Clay,last_month,0,0,0,0.0,1500.0
Kutuzova V.,Grass,all,3,0,3,1.0,1516.2310260091256
Kutuzova V.,Grass,last_year,0,0,0,0.0,1500.0
Kutuzova V.,Grass,last_month,0,0,0,0.0,1500.0
Kutuzova V.,Greenset,all,0,0,0,0.0,1500.0
Kutuzova V.,Greenset,last_year,0,0,0,0.0,1500.0
Kutuzova V.,Greenset,last_month,0,0,0,0.0,1500.0
Shi H.,Hard,all,4,1,3,0.75,1528.995981505146
Shi H.,Hard,last_year,4,1,3,0.75,1529.5927880699912
Shi H.,Hard,last_month,0,0,0,0.0,1500.0
Shi H.,Carpet,all,0,0,0,0.0,1500.0
Shi H.,Carpet,last_year,0,0,0,0.0,1500.0
Shi H.,Carpet,last_month,0,0,0,0.0,1500.0
Shi H.,Clay,all,0,0,0,0.0,1500.0
Shi H.,Clay,last_year,0,0,0,0.0,1500.0
Shi H.,Clay,last_month,0,0,0,0.0,1500.0
Shi H.,Grass,all,0,0,0,0.0,1500.0
Shi H.,Grass,last_year,0,0,0,0.0,1500.0
Shi H.,Grass,last_month,0,0,0,0.0,1500.0
Shi H.,Greenset,all,0,0,0,0.0,1500.0
Shi H.,Greenset,last_year,0,0,0,0.0,1500.0
Shi H.,Greenset,last_month,0,0,0,0.0,1500.0
Jang S.J.,Hard,all,17,4,13,0.7647058823529411,1516.863763245965
Jang S.J.,Hard,last_year,0,0,0,0.0,1500.0
Jang S.J.,Hard,last_month,0,0,0,0.0,1500.0
Jang S.J.,Carpet,all,0,0,0,0.0,1500.0
Jang S.J.,Carpet,last_year,0,0,0,0.0,1500.0
Jang S.J.,Carpet,last_month,0,0,0,0.0,1500.0
Jang S.J.,Clay,all,0,0,0,0.0,1500.0
Jang S.J.,Clay,last_year,0,0,0,0.0,1500.0
Jang S.J.,Clay,last_month,0,0,0,0.0,1500.0
Jang S.J.,Grass,all,0,0,0,0.0,1500.0
Jang S.J.,Grass,last_year,0,0,0,0.0,1500.0
Jang S.J.,Grass,last_month,0,0,0,0.0,1500.0
Jang S.J.,Greenset,all,0,0,0,0.0,1500.0
Jang S.J.,Greenset,last_year,0,0,0,0.0,1500.0
Jang S.J.,Greenset,last_month,0,0,0,0.0,1500.0
Tig P.M.,Hard,all,47,21,26,0.5531914893617021,1479.4295945546962
Tig P.M.,Hard,last_year,0,0,0,0.0,1500.0
Tig P.M.,Hard,last_month,0,0,0,0.0,1500.0
Tig P.M.,Carpet,all,0,0,0,0.0,1500.0
Tig P.M.,Carpet,last_year,0,0,0,0.0,1500.0
Tig P.M.,Carpet,last_month,0,0,0,0.0,1500.0
Tig P.M.,Clay,all,30,13,17,0.5666666666666667,1439.9741450822412
Tig P.M.,Clay,last_year,2,1,1,0.5,1500.7023986633528
Tig P.M.,Clay,last_month,0,0,0,0.0,1500.0
Tig P.M.,Grass,all,4,1,3,0.75,1494.758333724097
Tig P.M.,Grass,last_year,0,0,0,0.0,1500.0
Tig P.M.,Grass,last_month,0,0,0,0.0,1500.0
Tig P.M.,Greenset,all,0,0,0,0.0,1500.0
Tig P.M.,Greenset,last_year,0,0,0,0.0,1500.0
Tig P.M.,Greenset,last_month,0,0,0,0.0,1500.0
Xu S.,Hard,all,4,0,4,1.0,1531.0915357382432
Xu S.,Hard,last_year,0,0,0,0.0,1500.0
Xu S.,Hard,last_month,0,0,0,0.0,1500.0
Xu S.,Carpet,all,0,0,0,0.0,1500.0
Xu S.,Carpet,last_year,0,0,0,0.0,1500.0
Xu S.,Carpet,last_month,0,0,0,0.0,1500.0
Xu S.,Clay,all,2,0,2,1.0,1501.9395649655603
Xu S.,Clay,last_year,0,0,0,0.0,1500.0
Xu S.,Clay,last_month,0,0,0,0.0,1500.0
Xu S.,Grass,all,0,0,0,0.0,1500.0
Xu S.,Grass,last_year,0,0,0,0.0,1500.0
Xu S.,Grass,last_month,0,0,0,0.0,1500.0
Xu S.,Greenset,all,0,0,0,0.0,1500.0
Xu S.,Greenset,last_year,0,0,0,0.0,1500.0
Xu S.,Greenset,last_month,0,0,0,0.0,1500.0
Bennani L.,Hard,all,0,0,0,0.0,1500.0
Bennani L.,Hard,last_year,0,0,0,0.0,1500.0
Bennani L.,Hard,last_month,0,0,0,0.0,1500.0
Bennani L.,Carpet,all,0,0,0,0.0,1500.0
Bennani L.,Carpet,last_year,0,0,0,0.0,1500.0
Bennani L.,Carpet,last_month,0,0,0,0.0,1500.0
Bennani L.,Clay,all,1,0,1,1.0,1515.5534561597558
Bennani L.,Clay,last_year,0,0,0,0.0,1500.0
Bennani L.,Clay,last_month,0,0,0,0.0,1500.0
Bennani L.,Grass,all,0,0,0,0.0,1500.0
Bennani L.,Grass,last_year,0,0,0,0.0,1500.0
Bennani L.,Grass,last_month,0,0,0,0.0,1500.0
Bennani L.,Greenset,all,0,0,0,0.0,1500.0
Bennani L.,Greenset,last_year,0,0,0,0.0,1500.0
Bennani L.,Greenset,last_month,0,0,0,0.0,1500.0
Bronzetti L.,Hard,all,81,35,46,0.5679012345679012,1454.6054125077883
Bronzetti L.,Hard,last_year,31,15,16,0.5161290322580645,1476.124105285948
Bronzetti L.,Hard,last_month,0,0,0,0.0,1500.0
Bronzetti L.,Carpet,all,0,0,0,0.0,1500.0
Bronzetti L.,Carpet,last_year,0,0,0,0.0,1500.0
Bronzetti L.,Carpet,last_month,0,0,0,0.0,1500.0
Bronzetti L.,Clay,all,46,22,24,0.5217391304347826,1538.210843884427
Bronzetti L.,Clay,last_year,10,3,7,0.7,1493.1861140098363
Bronzetti L.,Clay,last_month,0,0,0,0.0,1500.0
Bronzetti L.,Grass,all,15,5,10,0.6666666666666666,1497.0223649124528
Bronzetti L.,Grass,last_year,5,1,4,0.8,1484.1011925198961
Bronzetti L.,Grass,last_month,4,1,3,0.75,1471.5051825834162
Bronzetti L.,Greenset,all,0,0,0,0.0,1500.0
Bronzetti L.,Greenset,last_year,0,0,0,0.0,1500.0
Bronzetti L.,Greenset,last_month,0,0,0,0.0,1500.0
Cepede Royg V.,Hard,all,30,10,20,0.6666666666666666,1556.8714765659747
Cepede Royg V.,Hard,last_year,0,0,0,0.0,1500.0
Cepede Royg V.,Hard,last_month,0,0,0,0.0,1500.0
Cepede Royg V.,Carpet,all,0,0,0,0.0,1500.0
Cepede Royg V.,Carpet,last_year,0,0,0,0.0,1500.0
Cepede Royg V.,Carpet,last_month,0,0,0,0.0,1500.0
Cepede Royg V.,Clay,all,27,12,15,0.5555555555555556,1469.7041213559958
Cepede Royg V.,Clay,last_year,0,0,0,0.0,1500.0
Cepede Royg V.,Clay,last_month,0,0,0,0.0,1500.0
Cepede Royg V.,Grass,all,9,3,6,0.6666666666666666,1492.0760757333003
Cepede Royg V.,Grass,last_year,0,0,0,0.0,1500.0
Cepede Royg V.,Grass,last_month,0,0,0,0.0,1500.0
Cepede Royg V.,Greenset,all,0,0,0,0.0,1500.0
Cepede Royg V.,Greenset,last_year,0,0,0,0.0,1500.0
Cepede Royg V.,Greenset,last_month,0,0,0,0.0,1500.0
Burdette M.,Hard,all,13,5,8,0.6153846153846154,1476.2681539149003
Burdette M.,Hard,last_year,0,0,0,0.0,1500.0
Burdette M.,Hard,last_month,0,0,0,0.0,1500.0
Burdette M.,Carpet,all,0,0,0,0.0,1500.0
Burdette M.,Carpet,last_year,0,0,0,0.0,1500.0
Burdette M.,Carpet,last_month,0,0,0,0.0,1500.0
Burdette M.,Clay,all,7,3,4,0.5714285714285714,1462.8551351858541
Burdette M.,Clay,last_year,0,0,0,0.0,1500.0
Burdette M.,Clay,last_month,0,0,0,0.0,1500.0
Burdette M.,Grass,all,1,0,1,1.0,1517.5775275511235
Burdette M.,Grass,last_year,0,0,0,0.0,1500.0
Burdette M.,Grass,last_month,0,0,0,0.0,1500.0
Burdette M.,Greenset,all,0,0,0,0.0,1500.0
Burdette M.,Greenset,last_year,0,0,0,0.0,1500.0
Burdette M.,Greenset,last_month,0,0,0,0.0,1500.0
Kung L.,Hard,all,8,5,3,0.375,1468.5383539438578
Kung L.,Hard,last_year,0,0,0,0.0,1500.0
Kung L.,Hard,last_month,0,0,0,0.0,1500.0
Kung L.,Carpet,all,0,0,0,0.0,1500.0
Kung L.,Carpet,last_year,0,0,0,0.0,1500.0
Kung L.,Carpet,last_month,0,0,0,0.0,1500.0
Kung L.,Clay,all,6,1,5,0.8333333333333334,1445.3976406732224
Kung L.,Clay,last_year,1,0,1,1.0,1516.0
Kung L.,Clay,last_month,0,0,0,0.0,1500.0
Kung L.,Grass,all,2,1,1,0.5,1502.660407480813
Kung L.,Grass,last_year,0,0,0,0.0,1500.0
Kung L.,Grass,last_month,0,0,0,0.0,1500.0
Kung L.,Greenset,all,0,0,0,0.0,1500.0
Kung L.,Greenset,last_year,0,0,0,0.0,1500.0
Kung L.,Greenset,last_month,0,0,0,0.0,1500.0
Majeric T.,Hard,all,12,4,8,0.6666666666666666,1509.4883695927676
Majeric T.,Hard,last_year,0,0,0,0.0,1500.0
Majeric T.,Hard,last_month,0,0,0,0.0,1500.0
Majeric T.,Carpet,all,0,0,0,0.0,1500.0
Majeric T.,Carpet,last_year,0,0,0,0.0,1500.0
Majeric T.,Carpet,last_month,0,0,0,0.0,1500.0
Majeric T.,Clay,all,3,0,3,1.0,1490.9569592538262
Majeric T.,Clay,last_year,0,0,0,0.0,1500.0
Majeric T.,Clay,last_month,0,0,0,0.0,1500.0
Majeric T.,Grass,all,0,0,0,0.0,1500.0
Majeric T.,Grass,last_year,0,0,0,0.0,1500.0
Majeric T.,Grass,last_month,0,0,0,0.0,1500.0
Majeric T.,Greenset,all,0,0,0,0.0,1500.0
Majeric T.,Greenset,last_year,0,0,0,0.0,1500.0
Majeric T.,Greenset,last_month,0,0,0,0.0,1500.0
Rolle A.,Hard,all,16,6,10,0.625,1564.656276167668
Rolle A.,Hard,last_year,0,0,0,0.0,1500.0
Rolle A.,Hard,last_month,0,0,0,0.0,1500.0
Rolle A.,Carpet,all,0,0,0,0.0,1500.0
Rolle A.,Carpet,last_year,0,0,0,0.0,1500.0
Rolle A.,Carpet,last_month,0,0,0,0.0,1500.0
Rolle A.,Clay,all,3,0,3,1.0,1551.5429060482038
Rolle A.,Clay,last_year,0,0,0,0.0,1500.0
Rolle A.,Clay,last_month,0,0,0,0.0,1500.0
Rolle A.,Grass,all,2,1,1,0.5,1530.5304984710244
Rolle A.,Grass,last_year,0,0,0,0.0,1500.0
Rolle A.,Grass,last_month,0,0,0,0.0,1500.0
Rolle A.,Greenset,all,0,0,0,0.0,1500.0
Rolle A.,Greenset,last_year,0,0,0,0.0,1500.0
Rolle A.,Greenset,last_month,0,0,0,0.0,1500.0
Liggan K.,Hard,all,1,0,1,1.0,1516.7145231422223
Liggan K.,Hard,last_year,0,0,0,0.0,1500.0
Liggan K.,Hard,last_month,0,0,0,0.0,1500.0
Liggan K.,Carpet,all,0,0,0,0.0,1500.0
Liggan K.,Carpet,last_year,0,0,0,0.0,1500.0
Liggan K.,Carpet,last_month,0,0,0,0.0,1500.0
Liggan K.,Clay,all,0,0,0,0.0,1500.0
Liggan K.,Clay,last_year,0,0,0,0.0,1500.0
Liggan K.,Clay,last_month,0,0,0,0.0,1500.0
Liggan K.,Grass,all,0,0,0,0.0,1500.0
Liggan K.,Grass,last_year,0,0,0,0.0,1500.0
Liggan K.,Grass,last_month,0,0,0,0.0,1500.0
Liggan K.,Greenset,all,0,0,0,0.0,1500.0
Liggan K.,Greenset,last_year,0,0,0,0.0,1500.0
Liggan K.,Greenset,last_month,0,0,0,0.0,1500.0
Silva E.,Hard,all,0,0,0,0.0,1500.0
Silva E.,Hard,last_year,0,0,0,0.0,1500.0
Silva E.,Hard,last_month,0,0,0,0.0,1500.0
Silva E.,Carpet,all,0,0,0,0.0,1500.0
Silva E.,Carpet,last_year,0,0,0,0.0,1500.0
Silva E.,Carpet,last_month,0,0,0,0.0,1500.0
Silva E.,Clay,all,0,0,0,0.0,1500.0
Silva E.,Clay,last_year,0,0,0,0.0,1500.0
Silva E.,Clay,last_month,0,0,0,0.0,1500.0
Silva E.,Grass,all,2,0,2,1.0,1501.5036343513907
Silva E.,Grass,last_year,0,0,0,0.0,1500.0
Silva E.,Grass,last_month,0,0,0,0.0,1500.0
Silva E.,Greenset,all,0,0,0,0.0,1500.0
Silva E.,Greenset,last_year,0,0,0,0.0,1500.0
Silva E.,Greenset,last_month,0,0,0,0.0,1500.0
Gorgodze E.,Hard,all,4,0,4,1.0,1502.9339734139717
Gorgodze E.,Hard,last_year,0,0,0,0.0,1500.0
Gorgodze E.,Hard,last_month,0,0,0,0.0,1500.0
Gorgodze E.,Carpet,all,0,0,0,0.0,1500.0
Gorgodze E.,Carpet,last_year,0,0,0,0.0,1500.0
Gorgodze E.,Carpet,last_month,0,0,0,0.0,1500.0
Gorgodze E.,Clay,all,10,3,7,0.7,1533.7208402210863
Gorgodze E.,Clay,last_year,0,0,0,0.0,1500.0
Gorgodze E.,Clay,last_month,0,0,0,0.0,1500.0
Gorgodze E.,Grass,all,1,0,1,1.0,1512.4297313633558
Gorgodze E.,Grass,last_year,0,0,0,0.0,1500.0
Gorgodze E.,Grass,last_month,0,0,0,0.0,1500.0
Gorgodze E.,Greenset,all,0,0,0,0.0,1500.0
Gorgodze E.,Greenset,last_year,0,0,0,0.0,1500.0
Gorgodze E.,Greenset,last_month,0,0,0,0.0,1500.0
Dominguez Lino L.,Hard,all,66,19,47,0.7121212121212122,1438.28659421849
Dominguez Lino L.,Hard,last_year,0,0,0,0.0,1500.0
Dominguez Lino L.,Hard,last_month,0,0,0,0.0,1500.0
Dominguez Lino L.,Carpet,all,0,0,0,0.0,1500.0
Dominguez Lino L.,Carpet,last_year,0,0,0,0.0,1500.0
Dominguez Lino L.,Carpet,last_month,0,0,0,0.0,1500.0
Dominguez Lino L.,Clay,all,133,64,69,0.518796992481203,1571.9188901926932
Dominguez Lino L.,Clay,last_year,0,0,0,0.0,1500.0
Dominguez Lino L.,Clay,last_month,0,0,0,0.0,1500.0
Dominguez Lino L.,Grass,all,12,4,8,0.6666666666666666,1446.3910024189677
Dominguez Lino L.,Grass,last_year,0,0,0,0.0,1500.0
Dominguez Lino L.,Grass,last_month,0,0,0,0.0,1500.0
Dominguez Lino L.,Greenset,all,0,0,0,0.0,1500.0
Dominguez Lino L.,Greenset,last_year,0,0,0,0.0,1500.0
Dominguez Lino L.,Greenset,last_month,0,0,0,0.0,1500.0
Pliskova K.,Hard,all,0,0,0,0.0,1500.0
Pliskova K.,Hard,last_year,0,0,0,0.0,1500.0
Pliskova K.,Hard,last_month,0,0,0,0.0,1500.0
Pliskova K.,Carpet,all,0,0,0,0.0,1500.0
Pliskova K.,Carpet,last_year,0,0,0,0.0,1500.0
Pliskova K.,Carpet,last_month,0,0,0,0.0,1500.0
Pliskova K.,Clay,all,1,0,1,1.0,1516.468478406358
Pliskova K.,Clay,last_year,0,0,0,0.0,1500.0
Pliskova K.,Clay,last_month,0,0,0,0.0,1500.0
Pliskova K.,Grass,all,0,0,0,0.0,1500.0
Pliskova K.,Grass,last_year,0,0,0,0.0,1500.0
Pliskova K.,Grass,last_month,0,0,0,0.0,1500.0
Pliskova K.,Greenset,all,0,0,0,0.0,1500.0
Pliskova K.,Greenset,last_year,0,0,0,0.0,1500.0
Pliskova K.,Greenset,last_month,0,0,0,0.0,1500.0
Buyukakcay C.,Hard,all,33,8,25,0.7575757575757576,1479.6193935910085
Buyukakcay C.,Hard,last_year,0,0,0,0.0,1500.0
Buyukakcay C.,Hard,last_month,0,0,0,0.0,1500.0
Buyukakcay C.,Carpet,all,0,0,0,0.0,1500.0
Buyukakcay C.,Carpet,last_year,0,0,0,0.0,1500.0
Buyukakcay C.,Carpet,last_month,0,0,0,0.0,1500.0
Buyukakcay C.,Clay,all,36,13,23,0.6388888888888888,1481.5295265017542
Buyukakcay C.,Clay,last_year,0,0,0,0.0,1500.0
Buyukakcay C.,Clay,last_month,0,0,0,0.0,1500.0
Buyukakcay C.,Grass,all,2,0,2,1.0,1532.2814520702127
Buyukakcay C.,Grass,last_year,0,0,0,0.0,1500.0
Buyukakcay C.,Grass,last_month,0,0,0,0.0,1500.0
Buyukakcay C.,Greenset,all,0,0,0,0.0,1500.0
Buyukakcay C.,Greenset,last_year,0,0,0,0.0,1500.0
Buyukakcay C.,Greenset,last_month,0,0,0,0.0,1500.0
Konjuh A.,Hard,all,89,45,44,0.4943820224719101,1435.1225103426912
Konjuh A.,Hard,last_year,0,0,0,0.0,1500.0
Konjuh A.,Hard,last_month,0,0,0,0.0,1500.0
Konjuh A.,Carpet,all,0,0,0,0.0,1500.0
Konjuh A.,Carpet,last_year,0,0,0,0.0,1500.0
Konjuh A.,Carpet,last_month,0,0,0,0.0,1500.0
Konjuh A.,Clay,all,35,16,19,0.5428571428571428,1502.1425204096406
Konjuh A.,Clay,last_year,1,0,1,1.0,1515.1963467227565
Konjuh A.,Clay,last_month,0,0,0,0.0,1500.0
Konjuh A.,Grass,all,24,15,9,0.375,1452.8438263712674
Konjuh A.,Grass,last_year,0,0,0,0.0,1500.0
Konjuh A.,Grass,last_month,0,0,0,0.0,1500.0
Konjuh A.,Greenset,all,0,0,0,0.0,1500.0
Konjuh A.,Greenset,last_year,0,0,0,0.0,1500.0
Konjuh A.,Greenset,last_month,0,0,0,0.0,1500.0
Sequera M.,Hard,all,9,4,5,0.5555555555555556,1530.2223390007102
Sequera M.,Hard,last_year,0,0,0,0.0,1500.0
Sequera M.,Hard,last_month,0,0,0,0.0,1500.0
Sequera M.,Carpet,all,0,0,0,0.0,1500.0
Sequera M.,Carpet,last_year,0,0,0,0.0,1500.0
Sequera M.,Carpet,last_month,0,0,0,0.0,1500.0
Sequera M.,Clay,all,12,7,5,0.4166666666666667,1531.6839174524728
Sequera M.,Clay,last_year,0,0,0,0.0,1500.0
Sequera M.,Clay,last_month,0,0,0,0.0,1500.0
Sequera M.,Grass,all,7,3,4,0.5714285714285714,1494.5523049297942
Sequera M.,Grass,last_year,0,0,0,0.0,1500.0
Sequera M.,Grass,last_month,0,0,0,0.0,1500.0
Sequera M.,Greenset,all,0,0,0,0.0,1500.0
Sequera M.,Greenset,last_year,0,0,0,0.0,1500.0
Sequera M.,Greenset,last_month,0,0,0,0.0,1500.0
Date-Krumm K.,Hard,all,10,3,7,0.7,1494.5955968641358
Date-Krumm K.,Hard,last_year,0,0,0,0.0,1500.0
Date-Krumm K.,Hard,last_month,0,0,0,0.0,1500.0
Date-Krumm K.,Carpet,all,0,0,0,0.0,1500.0
Date-Krumm K.,Carpet,last_year,0,0,0,0.0,1500.0
Date-Krumm K.,Carpet,last_month,0,0,0,0.0,1500.0
Date-Krumm K.,Clay,all,5,0,5,1.0,1509.3869502074585
Date-Krumm K.,Clay,last_year,0,0,0,0.0,1500.0
Date-Krumm K.,Clay,last_month,0,0,0,0.0,1500.0
Date-Krumm K.,Grass,all,0,0,0,0.0,1500.0
Date-Krumm K.,Grass,last_year,0,0,0,0.0,1500.0
Date-Krumm K.,Grass,last_month,0,0,0,0.0,1500.0
Date-Krumm K.,Greenset,all,0,0,0,0.0,1500.0
Date-Krumm K.,Greenset,last_year,0,0,0,0.0,1500.0
Date-Krumm K.,Greenset,last_month,0,0,0,0.0,1500.0
Song S.S.,Hard,all,2,1,1,0.5,1466.9582704182399
Song S.S.,Hard,last_year,0,0,0,0.0,1500.0
Song S.S.,Hard,last_month,0,0,0,0.0,1500.0
Song S.S.,Carpet,all,0,0,0,0.0,1500.0
Song S.S.,Carpet,last_year,0,0,0,0.0,1500.0
Song S.S.,Carpet,last_month,0,0,0,0.0,1500.0
Song S.S.,Clay,all,0,0,0,0.0,1500.0
Song S.S.,Clay,last_year,0,0,0,0.0,1500.0
Song S.S.,Clay,last_month,0,0,0,0.0,1500.0
Song S.S.,Grass,all,0,0,0,0.0,1500.0
Song S.S.,Grass,last_year,0,0,0,0.0,1500.0
Song S.S.,Grass,last_month,0,0,0,0.0,1500.0
Song S.S.,Greenset,all,0,0,0,0.0,1500.0
Song S.S.,Greenset,last_year,0,0,0,0.0,1500.0
Song S.S.,Greenset,last_month,0,0,0,0.0,1500.0
Sabalenka A.,Hard,all,305,222,83,0.7278688524590164,1483.1602602525625
Sabalenka A.,Hard,last_year,56,48,8,0.8571428571428571,1482.307648941749
Sabalenka A.,Hard,last_month,0,0,0,0.0,1500.0
Sabalenka A.,Carpet,all,0,0,0,0.0,1500.0
Sabalenka A.,Carpet,last_year,0,0,0,0.0,1500.0
Sabalenka A.,Carpet,last_month,0,0,0,0.0,1500.0
Sabalenka A.,Clay,all,114,84,30,0.2631578947368421,1503.5073765249965
Sabalenka A.,Clay,last_year,20,17,3,0.15,1505.7585703294153
Sabalenka A.,Clay,last_month,4,3,1,0.25,1499.8646571356328
Sabalenka A.,Grass,all,53,35,18,0.33962264150943394,1450.4906764913098
Sabalenka A.,Grass,last_year,9,7,2,0.2222222222222222,1515.229483735681
Sabalenka A.,Grass,last_month,9,7,2,0.2222222222222222,1516.2704045316034
Sabalenka A.,Greenset,all,0,0,0,0.0,1500.0
Sabalenka A.,Greenset,last_year,0,0,0,0.0,1500.0
Sabalenka A.,Greenset,last_month,0,0,0,0.0,1500.0
Soler Espinosa S.,Hard,all,51,14,37,0.7254901960784313,1517.0315042516834
Soler Espinosa S.,Hard,last_year,0,0,0,0.0,1500.0
Soler Espinosa S.,Hard,last_month,0,0,0,0.0,1500.0
Soler Espinosa S.,Carpet,all,0,0,0,0.0,1500.0
Soler Espinosa S.,Carpet,last_year,0,0,0,0.0,1500.0
Soler Espinosa S.,Carpet,last_month,0,0,0,0.0,1500.0
Soler Espinosa S.,Clay,all,68,29,39,0.5735294117647058,1436.8703458662542
Soler Espinosa S.,Clay,last_year,0,0,0,0.0,1500.0
Soler Espinosa S.,Clay,last_month,0,0,0,0.0,1500.0
Soler Espinosa S.,Grass,all,9,4,5,0.5555555555555556,1536.5358869354136
Soler Espinosa S.,Grass,last_year,0,0,0,0.0,1500.0
Soler Espinosa S.,Grass,last_month,0,0,0,0.0,1500.0
Soler Espinosa S.,Greenset,all,0,0,0,0.0,1500.0
Soler Espinosa S.,Greenset,last_year,0,0,0,0.0,1500.0
Soler Espinosa S.,Greenset,last_month,0,0,0,0.0,1500.0
Lu Jing Jing,Hard,all,3,1,2,0.6666666666666666,1507.8116990885408
Lu Jing Jing,Hard,last_year,0,0,0,0.0,1500.0
Lu Jing Jing,Hard,last_month,0,0,0,0.0,1500.0
Lu Jing Jing,Carpet,all,0,0,0,0.0,1500.0
Lu Jing Jing,Carpet,last_year,0,0,0,0.0,1500.0
Lu Jing Jing,Carpet,last_month,0,0,0,0.0,1500.0
Lu Jing Jing,Clay,all,0,0,0,0.0,1500.0
Lu Jing Jing,Clay,last_year,0,0,0,0.0,1500.0
Lu Jing Jing,Clay,last_month,0,0,0,0.0,1500.0
Lu Jing Jing,Grass,all,0,0,0,0.0,1500.0
Lu Jing Jing,Grass,last_year,0,0,0,0.0,1500.0
Lu Jing Jing,Grass,last_month,0,0,0,0.0,1500.0
Lu Jing Jing,Greenset,all,0,0,0,0.0,1500.0
Lu Jing Jing,Greenset,last_year,0,0,0,0.0,1500.0
Lu Jing Jing,Greenset,last_month,0,0,0,0.0,1500.0
Lertpitaksinchai N.,Hard,all,8,2,6,0.75,1512.2779015071703
Lertpitaksinchai N.,Hard,last_year,0,0,0,0.0,1500.0
Lertpitaksinchai N.,Hard,last_month,0,0,0,0.0,1500.0
Lertpitaksinchai N.,Carpet,all,0,0,0,0.0,1500.0
Lertpitaksinchai N.,Carpet,last_year,0,0,0,0.0,1500.0
Lertpitaksinchai N.,Carpet,last_month,0,0,0,0.0,1500.0
Lertpitaksinchai N.,Clay,all,0,0,0,0.0,1500.0
Lertpitaksinchai N.,Clay,last_year,0,0,0,0.0,1500.0
Lertpitaksinchai N.,Clay,last_month,0,0,0,0.0,1500.0
Lertpitaksinchai N.,Grass,all,0,0,0,0.0,1500.0
Lertpitaksinchai N.,Grass,last_year,0,0,0,0.0,1500.0
Lertpitaksinchai N.,Grass,last_month,0,0,0,0.0,1500.0
Lertpitaksinchai N.,Greenset,all,0,0,0,0.0,1500.0
Lertpitaksinchai N.,Greenset,last_year,0,0,0,0.0,1500.0
Lertpitaksinchai N.,Greenset,last_month,0,0,0,0.0,1500.0
Zhao Y.J.,Hard,all,2,1,1,0.5,1501.7107371096067
Zhao Y.J.,Hard,last_year,0,0,0,0.0,1500.0
Zhao Y.J.,Hard,last_month,0,0,0,0.0,1500.0
Zhao Y.J.,Carpet,all,0,0,0,0.0,1500.0
Zhao Y.J.,Carpet,last_year,0,0,0,0.0,1500.0
Zhao Y.J.,Carpet,last_month,0,0,0,0.0,1500.0
Zhao Y.J.,Clay,all,0,0,0,0.0,1500.0
Zhao Y.J.,Clay,last_year,0,0,0,0.0,1500.0
Zhao Y.J.,Clay,last_month,0,0,0,0.0,1500.0
Zhao Y.J.,Grass,all,0,0,0,0.0,1500.0
Zhao Y.J.,Grass,last_year,0,0,0,0.0,1500.0
Zhao Y.J.,Grass,last_month,0,0,0,0.0,1500.0
Zhao Y.J.,Greenset,all,0,0,0,0.0,1500.0
Zhao Y.J.,Greenset,last_year,0,0,0,0.0,1500.0
Zhao Y.J.,Greenset,last_month,0,0,0,0.0,1500.0
Cavaday N.,Hard,all,0,0,0,0.0,1500.0
Cavaday N.,Hard,last_year,0,0,0,0.0,1500.0
Cavaday N.,Hard,last_month,0,0,0,0.0,1500.0
Cavaday N.,Carpet,all,0,0,0,0.0,1500.0
Cavaday N.,Carpet,last_year,0,0,0,0.0,1500.0
Cavaday N.,Carpet,last_month,0,0,0,0.0,1500.0
Cavaday N.,Clay,all,0,0,0,0.0,1500.0
Cavaday N.,Clay,last_year,0,0,0,0.0,1500.0
Cavaday N.,Clay,last_month,0,0,0,0.0,1500.0
Cavaday N.,Grass,all,9,4,5,0.5555555555555556,1513.897331795966
Cavaday N.,Grass,last_year,0,0,0,0.0,1500.0
Cavaday N.,Grass,last_month,0,0,0,0.0,1500.0
Cavaday N.,Greenset,all,1,0,1,1.0,1516.0
Cavaday N.,Greenset,last_year,0,0,0,0.0,1500.0
Cavaday N.,Greenset,last_month,0,0,0,0.0,1500.0
Bacsinszky T.,Hard,all,146,71,75,0.5136986301369864,1462.037273620379
Bacsinszky T.,Hard,last_year,0,0,0,0.0,1500.0
Bacsinszky T.,Hard,last_month,0,0,0,0.0,1500.0
Bacsinszky T.,Carpet,all,1,0,1,1.0,1516.0
Bacsinszky T.,Carpet,last_year,0,0,0,0.0,1500.0
Bacsinszky T.,Carpet,last_month,0,0,0,0.0,1500.0
Bacsinszky T.,Clay,all,112,71,41,0.36607142857142855,1531.6588796562849
Bacsinszky T.,Clay,last_year,0,0,0,0.0,1500.0
Bacsinszky T.,Clay,last_month,0,0,0,0.0,1500.0
Bacsinszky T.,Grass,all,22,11,11,0.5,1466.4360489864673
Bacsinszky T.,Grass,last_year,0,0,0,0.0,1500.0
Bacsinszky T.,Grass,last_month,0,0,0,0.0,1500.0
Bacsinszky T.,Greenset,all,0,0,0,0.0,1500.0
Bacsinszky T.,Greenset,last_year,0,0,0,0.0,1500.0
Bacsinszky T.,Greenset,last_month,0,0,0,0.0,1500.0
Schaefer A.,Hard,all,0,0,0,0.0,1500.0
Schaefer A.,Hard,last_year,0,0,0,0.0,1500.0
Schaefer A.,Hard,last_month,0,0,0,0.0,1500.0
Schaefer A.,Carpet,all,0,0,0,0.0,1500.0
Schaefer A.,Carpet,last_year,0,0,0,0.0,1500.0
Schaefer A.,Carpet,last_month,0,0,0,0.0,1500.0
Schaefer A.,Clay,all,2,1,1,0.5,1471.6667943990653
Schaefer A.,Clay,last_year,0,0,0,0.0,1500.0
Schaefer A.,Clay,last_month,0,0,0,0.0,1500.0
Schaefer A.,Grass,all,0,0,0,0.0,1500.0
Schaefer A.,Grass,last_year,0,0,0,0.0,1500.0
Schaefer A.,Grass,last_month,0,0,0,0.0,1500.0
Schaefer A.,Greenset,all,0,0,0,0.0,1500.0
Schaefer A.,Greenset,last_year,0,0,0,0.0,1500.0
Schaefer A.,Greenset,last_month,0,0,0,0.0,1500.0
Day K.,Hard,all,20,4,16,0.8,1573.4568996905405
Day K.,Hard,last_year,0,0,0,0.0,1500.0
Day K.,Hard,last_month,0,0,0,0.0,1500.0
Day K.,Carpet,all,0,0,0,0.0,1500.0
Day K.,Carpet,last_year,0,0,0,0.0,1500.0
Day K.,Carpet,last_month,0,0,0,0.0,1500.0
Day K.,Clay,all,9,2,7,0.7777777777777778,1501.4461683623263
Day K.,Clay,last_year,0,0,0,0.0,1500.0
Day K.,Clay,last_month,0,0,0,0.0,1500.0
Day K.,Grass,all,1,0,1,1.0,1511.099198729123
Day K.,Grass,last_year,0,0,0,0.0,1500.0
Day K.,Grass,last_month,0,0,0,0.0,1500.0
Day K.,Greenset,all,0,0,0,0.0,1500.0
Day K.,Greenset,last_year,0,0,0,0.0,1500.0
Day K.,Greenset,last_month,0,0,0,0.0,1500.0
Mboko V.,Hard,all,3,1,2,0.6666666666666666,1477.0179532927123
Mboko V.,Hard,last_year,2,1,1,0.5,1461.599397560821
Mboko V.,Hard,last_month,0,0,0,0.0,1500.0
Mboko V.,Carpet,all,0,0,0,0.0,1500.0
Mboko V.,Carpet,last_year,0,0,0,0.0,1500.0
Mboko V.,Carpet,last_month,0,0,0,0.0,1500.0
Mboko V.,Clay,all,5,3,2,0.4,1514.0587055199062
Mboko V.,Clay,last_year,5,3,2,0.4,1513.402655785124
Mboko V.,Clay,last_month,0,0,0,0.0,1500.0
Mboko V.,Grass,all,2,1,1,0.5,1499.6034791301481
Mboko V.,Grass,last_year,2,1,1,0.5,1499.3954083823178
Mboko V.,Grass,last_month,2,1,1,0.5,1500.027993905525
Mboko V.,Greenset,all,0,0,0,0.0,1500.0
Mboko V.,Greenset,last_year,0,0,0,0.0,1500.0
Mboko V.,Greenset,last_month,0,0,0,0.0,1500.0
Disderi S.,Hard,all,0,0,0,0.0,1500.0
Disderi S.,Hard,last_year,0,0,0,0.0,1500.0
Disderi S.,Hard,last_month,0,0,0,0.0,1500.0
Disderi S.,Carpet,all,0,0,0,0.0,1500.0
Disderi S.,Carpet,last_year,0,0,0,0.0,1500.0
Disderi S.,Carpet,last_month,0,0,0,0.0,1500.0
Disderi S.,Clay,all,1,0,1,1.0,1514.4315979275248
Disderi S.,Clay,last_year,0,0,0,0.0,1500.0
Disderi S.,Clay,last_month,0,0,0,0.0,1500.0
Disderi S.,Grass,all,0,0,0,0.0,1500.0
Disderi S.,Grass,last_year,0,0,0,0.0,1500.0
Disderi S.,Grass,last_month,0,0,0,0.0,1500.0
Disderi S.,Greenset,all,0,0,0,0.0,1500.0
Disderi S.,Greenset,last_year,0,0,0,0.0,1500.0
Disderi S.,Greenset,last_month,0,0,0,0.0,1500.0
Poutchek T.,Hard,all,17,2,15,0.8823529411764706,1498.6256468063625
Poutchek T.,Hard,last_year,0,0,0,0.0,1500.0
Poutchek T.,Hard,last_month,0,0,0,0.0,1500.0
Poutchek T.,Carpet,all,0,0,0,0.0,1500.0
Poutchek T.,Carpet,last_year,0,0,0,0.0,1500.0
Poutchek T.,Carpet,last_month,0,0,0,0.0,1500.0
Poutchek T.,Clay,all,8,2,6,0.75,1504.1073912578313
Poutchek T.,Clay,last_year,0,0,0,0.0,1500.0
Poutchek T.,Clay,last_month,0,0,0,0.0,1500.0
Poutchek T.,Grass,all,5,2,3,0.6,1515.343862786843
Poutchek T.,Grass,last_year,0,0,0,0.0,1500.0
Poutchek T.,Grass,last_month,0,0,0,0.0,1500.0
Poutchek T.,Greenset,all,3,2,1,0.3333333333333333,1546.5981711137829
Poutchek T.,Greenset,last_year,0,0,0,0.0,1500.0
Poutchek T.,Greenset,last_month,0,0,0,0.0,1500.0
Parks A.,Hard,all,51,21,30,0.5882352941176471,1522.5306218899168
Parks A.,Hard,last_year,21,9,12,0.5714285714285714,1482.8395475418988
Parks A.,Hard,last_month,0,0,0,0.0,1500.0
Parks A.,Carpet,all,0,0,0,0.0,1500.0
Parks A.,Carpet,last_year,0,0,0,0.0,1500.0
Parks A.,Carpet,last_month,0,0,0,0.0,1500.0
Parks A.,Clay,all,22,8,14,0.6363636363636364,1518.6746923231692
Parks A.,Clay,last_year,7,2,5,0.7142857142857143,1465.2962526780288
Parks A.,Clay,last_month,0,0,0,0.0,1500.0
Parks A.,Grass,all,9,2,7,0.7777777777777778,1496.2989181716769
Parks A.,Grass,last_year,2,0,2,1.0,1498.533663454953
Parks A.,Grass,last_month,1,0,1,1.0,1483.2696407111296
Parks A.,Greenset,all,0,0,0,0.0,1500.0
Parks A.,Greenset,last_year,0,0,0,0.0,1500.0
Parks A.,Greenset,last_month,0,0,0,0.0,1500.0
Nagy K.,Hard,all,1,0,1,1.0,1514.9017164624838
Nagy K.,Hard,last_year,0,0,0,0.0,1500.0
Nagy K.,Hard,last_month,0,0,0,0.0,1500.0
Nagy K.,Carpet,all,0,0,0,0.0,1500.0
Nagy K.,Carpet,last_year,0,0,0,0.0,1500.0
Nagy K.,Carpet,last_month,0,0,0,0.0,1500.0
Nagy K.,Clay,all,5,1,4,0.8,1492.12231960117
Nagy K.,Clay,last_year,0,0,0,0.0,1500.0
Nagy K.,Clay,last_month,0,0,0,0.0,1500.0
Nagy K.,Grass,all,0,0,0,0.0,1500.0
Nagy K.,Grass,last_year,0,0,0,0.0,1500.0
Nagy K.,Grass,last_month,0,0,0,0.0,1500.0
Nagy K.,Greenset,all,0,0,0,0.0,1500.0
Nagy K.,Greenset,last_year,0,0,0,0.0,1500.0
Nagy K.,Greenset,last_month,0,0,0,0.0,1500.0
Martinez-Sanchez M.J.,Hard,all,73,34,39,0.5342465753424658,1516.5675216057923
Martinez-Sanchez M.J.,Hard,last_year,0,0,0,0.0,1500.0
Martinez-Sanchez M.J.,Hard,last_month,0,0,0,0.0,1500.0
Martinez-Sanchez M.J.,Carpet,all,0,0,0,0.0,1500.0
Martinez-Sanchez M.J.,Carpet,last_year,0,0,0,0.0,1500.0
Martinez-Sanchez M.J.,Carpet,last_month,0,0,0,0.0,1500.0
Martinez-Sanchez M.J.,Clay,all,69,44,25,0.36231884057971014,1569.7075753147276
Martinez-Sanchez M.J.,Clay,last_year,0,0,0,0.0,1500.0
Martinez-Sanchez M.J.,Clay,last_month,0,0,0,0.0,1500.0
Martinez-Sanchez M.J.,Grass,all,14,6,8,0.5714285714285714,1594.2645477016508
Martinez-Sanchez M.J.,Grass,last_year,0,0,0,0.0,1500.0
Martinez-Sanchez M.J.,Grass,last_month,0,0,0,0.0,1500.0
Martinez-Sanchez M.J.,Greenset,all,0,0,0,0.0,1500.0
Martinez-Sanchez M.J.,Greenset,last_year,0,0,0,0.0,1500.0
Martinez-Sanchez M.J.,Greenset,last_month,0,0,0,0.0,1500.0
Harrison Ca.,Hard,all,1,0,1,1.0,1512.1751237884662
Harrison Ca.,Hard,last_year,0,0,0,0.0,1500.0
Harrison Ca.,Hard,last_month,0,0,0,0.0,1500.0
Harrison Ca.,Carpet,all,0,0,0,0.0,1500.0
Harrison Ca.,Carpet,last_year,0,0,0,0.0,1500.0
Harrison Ca.,Carpet,last_month,0,0,0,0.0,1500.0
Harrison Ca.,Clay,all,1,0,1,1.0,1515.3982238848685
Harrison Ca.,Clay,last_year,0,0,0,0.0,1500.0
Harrison Ca.,Clay,last_month,0,0,0,0.0,1500.0
Harrison Ca.,Grass,all,2,1,1,0.5,1467.5826202455116
Harrison Ca.,Grass,last_year,0,0,0,0.0,1500.0
Harrison Ca.,Grass,last_month,0,0,0,0.0,1500.0
Harrison Ca.,Greenset,all,0,0,0,0.0,1500.0
Harrison Ca.,Greenset,last_year,0,0,0,0.0,1500.0
Harrison Ca.,Greenset,last_month,0,0,0,0.0,1500.0
Volodko K.,Hard,all,1,0,1,1.0,1512.6035664099227
Volodko K.,Hard,last_year,0,0,0,0.0,1500.0
Volodko K.,Hard,last_month,0,0,0,0.0,1500.0
Volodko K.,Carpet,all,0,0,0,0.0,1500.0
Volodko K.,Carpet,last_year,0,0,0,0.0,1500.0
Volodko K.,Carpet,last_month,0,0,0,0.0,1500.0
Volodko K.,Clay,all,1,0,1,1.0,1519.202186090994
Volodko K.,Clay,last_year,0,0,0,0.0,1500.0
Volodko K.,Clay,last_month,0,0,0,0.0,1500.0
Volodko K.,Grass,all,0,0,0,0.0,1500.0
Volodko K.,Grass,last_year,0,0,0,0.0,1500.0
Volodko K.,Grass,last_month,0,0,0,0.0,1500.0
Volodko K.,Greenset,all,0,0,0,0.0,1500.0
Volodko K.,Greenset,last_year,0,0,0,0.0,1500.0
Volodko K.,Greenset,last_month,0,0,0,0.0,1500.0
Wienerova L.,Hard,all,5,1,4,0.8,1489.5059814150256
Wienerova L.,Hard,last_year,0,0,0,0.0,1500.0
Wienerova L.,Hard,last_month,0,0,0,0.0,1500.0
Wienerova L.,Carpet,all,0,0,0,0.0,1500.0
Wienerova L.,Carpet,last_year,0,0,0,0.0,1500.0
Wienerova L.,Carpet,last_month,0,0,0,0.0,1500.0
Wienerova L.,Clay,all,4,1,3,0.75,1442.5103330491277
Wienerova L.,Clay,last_year,0,0,0,0.0,1500.0
Wienerova L.,Clay,last_month,0,0,0,0.0,1500.0
Wienerova L.,Grass,all,0,0,0,0.0,1500.0
Wienerova L.,Grass,last_year,0,0,0,0.0,1500.0
Wienerova L.,Grass,last_month,0,0,0,0.0,1500.0
Wienerova L.,Greenset,all,0,0,0,0.0,1500.0
Wienerova L.,Greenset,last_year,0,0,0,0.0,1500.0
Wienerova L.,Greenset,last_month,0,0,0,0.0,1500.0
Gibson T.,Hard,all,5,1,4,0.8,1509.2007520172979
Gibson T.,Hard,last_year,3,1,2,0.6666666666666666,1512.3719180190249
Gibson T.,Hard,last_month,0,0,0,0.0,1500.0
Gibson T.,Carpet,all,0,0,0,0.0,1500.0
Gibson T.,Carpet,last_year,0,0,0,0.0,1500.0
Gibson T.,Carpet,last_month,0,0,0,0.0,1500.0
Gibson T.,Clay,all,0,0,0,0.0,1500.0
Gibson T.,Clay,last_year,0,0,0,0.0,1500.0
Gibson T.,Clay,last_month,0,0,0,0.0,1500.0
Gibson T.,Grass,all,1,0,1,1.0,1481.4069064253858
Gibson T.,Grass,last_year,1,0,1,1.0,1483.4115442295104
Gibson T.,Grass,last_month,1,0,1,1.0,1483.4511980111686
Gibson T.,Greenset,all,0,0,0,0.0,1500.0
Gibson T.,Greenset,last_year,0,0,0,0.0,1500.0
Gibson T.,Greenset,last_month,0,0,0,0.0,1500.0
Parrizas Diaz N.,Hard,all,55,24,31,0.5636363636363636,1510.5710075281065
Parrizas Diaz N.,Hard,last_year,5,1,4,0.8,1492.9429692350625
Parrizas Diaz N.,Hard,last_month,0,0,0,0.0,1500.0
Parrizas Diaz N.,Carpet,all,0,0,0,0.0,1500.0
Parrizas Diaz N.,Carpet,last_year,0,0,0,0.0,1500.0
Parrizas Diaz N.,Carpet,last_month,0,0,0,0.0,1500.0
Parrizas Diaz N.,Clay,all,30,12,18,0.6,1479.0833249412299
Parrizas Diaz N.,Clay,last_year,2,0,2,1.0,1497.9257761051551
Parrizas Diaz N.,Clay,last_month,0,0,0,0.0,1500.0
Parrizas Diaz N.,Grass,all,5,0,5,1.0,1489.7562523431648
Parrizas Diaz N.,Grass,last_year,0,0,0,0.0,1500.0
Parrizas Diaz N.,Grass,last_month,0,0,0,0.0,1500.0
Parrizas Diaz N.,Greenset,all,0,0,0,0.0,1500.0
Parrizas Diaz N.,Greenset,last_year,0,0,0,0.0,1500.0
Parrizas Diaz N.,Greenset,last_month,0,0,0,0.0,1500.0
Sonobe W.,Hard,all,2,1,1,0.5,1472.2191302742742
Sonobe W.,Hard,last_year,2,1,1,0.5,1472.579665263315
Sonobe W.,Hard,last_month,0,0,0,0.0,1500.0
Sonobe W.,Carpet,all,0,0,0,0.0,1500.0
Sonobe W.,Carpet,last_year,0,0,0,0.0,1500.0
Sonobe W.,Carpet,last_month,0,0,0,0.0,1500.0
Sonobe W.,Clay,all,0,0,0,0.0,1500.0
Sonobe W.,Clay,last_year,0,0,0,0.0,1500.0
Sonobe W.,Clay,last_month,0,0,0,0.0,1500.0
Sonobe W.,Grass,all,0,0,0,0.0,1500.0
Sonobe W.,Grass,last_year,0,0,0,0.0,1500.0
Sonobe W.,Grass,last_month,0,0,0,0.0,1500.0
Sonobe W.,Greenset,all,0,0,0,0.0,1500.0
Sonobe W.,Greenset,last_year,0,0,0,0.0,1500.0
Sonobe W.,Greenset,last_month,0,0,0,0.0,1500.0
Bogdan A.,Hard,all,97,38,59,0.6082474226804123,1508.4016672704447
Bogdan A.,Hard,last_year,11,5,6,0.5454545454545454,1471.377958475875
Bogdan A.,Hard,last_month,0,0,0,0.0,1500.0
Bogdan A.,Carpet,all,0,0,0,0.0,1500.0
Bogdan A.,Carpet,last_year,0,0,0,0.0,1500.0
Bogdan A.,Carpet,last_month,0,0,0,0.0,1500.0
Bogdan A.,Clay,all,66,32,34,0.5151515151515151,1461.1526862618782
Bogdan A.,Clay,last_year,0,0,0,0.0,1500.0
Bogdan A.,Clay,last_month,0,0,0,0.0,1500.0
Bogdan A.,Grass,all,15,5,10,0.6666666666666666,1502.4033379683042
Bogdan A.,Grass,last_year,1,0,1,1.0,1484.0
Bogdan A.,Grass,last_month,0,0,0,0.0,1500.0
Bogdan A.,Greenset,all,0,0,0,0.0,1500.0
Bogdan A.,Greenset,last_year,0,0,0,0.0,1500.0
Bogdan A.,Greenset,last_month,0,0,0,0.0,1500.0
Serban R.,Hard,all,0,0,0,0.0,1500.0
Serban R.,Hard,last_year,0,0,0,0.0,1500.0
Serban R.,Hard,last_month,0,0,0,0.0,1500.0
Serban R.,Carpet,all,0,0,0,0.0,1500.0
Serban R.,Carpet,last_year,0,0,0,0.0,1500.0
Serban R.,Carpet,last_month,0,0,0,0.0,1500.0
Serban R.,Clay,all,4,1,3,0.75,1556.5425982224845
Serban R.,Clay,last_year,2,1,1,0.5,1531.1716753427552
Serban R.,Clay,last_month,0,0,0,0.0,1500.0
Serban R.,Grass,all,0,0,0,0.0,1500.0
Serban R.,Grass,last_year,0,0,0,0.0,1500.0
Serban R.,Grass,last_month,0,0,0,0.0,1500.0
Serban R.,Greenset,all,0,0,0,0.0,1500.0
Serban R.,Greenset,last_year,0,0,0,0.0,1500.0
Serban R.,Greenset,last_month,0,0,0,0.0,1500.0
Bai Z.,Hard,all,9,3,6,0.6666666666666666,1488.8757160717246
Bai Z.,Hard,last_year,0,0,0,0.0,1500.0
Bai Z.,Hard,last_month,0,0,0,0.0,1500.0
Bai Z.,Carpet,all,0,0,0,0.0,1500.0
Bai Z.,Carpet,last_year,0,0,0,0.0,1500.0
Bai Z.,Carpet,last_month,0,0,0,0.0,1500.0
Bai Z.,Clay,all,5,1,4,0.8,1456.8629274155055
Bai Z.,Clay,last_year,0,0,0,0.0,1500.0
Bai Z.,Clay,last_month,0,0,0,0.0,1500.0
Bai Z.,Grass,all,4,1,3,0.75,1529.398163976153
Bai Z.,Grass,last_year,1,0,1,1.0,1516.0
Bai Z.,Grass,last_month,0,0,0,0.0,1500.0
Bai Z.,Greenset,all,0,0,0,0.0,1500.0
Bai Z.,Greenset,last_year,0,0,0,0.0,1500.0
Bai Z.,Greenset,last_month,0,0,0,0.0,1500.0
Lucic-Baroni M.,Hard,all,30,15,15,0.5,1503.1215012970483
Lucic-Baroni M.,Hard,last_year,0,0,0,0.0,1500.0
Lucic-Baroni M.,Hard,last_month,0,0,0,0.0,1500.0
Lucic-Baroni M.,Carpet,all,0,0,0,0.0,1500.0
Lucic-Baroni M.,Carpet,last_year,0,0,0,0.0,1500.0
Lucic-Baroni M.,Carpet,last_month,0,0,0,0.0,1500.0
Lucic-Baroni M.,Clay,all,25,16,9,0.36,1521.1636674574456
Lucic-Baroni M.,Clay,last_year,0,0,0,0.0,1500.0
Lucic-Baroni M.,Clay,last_month,0,0,0,0.0,1500.0
Lucic-Baroni M.,Grass,all,5,1,4,0.8,1488.7554853031759
Lucic-Baroni M.,Grass,last_year,0,0,0,0.0,1500.0
Lucic-Baroni M.,Grass,last_month,0,0,0,0.0,1500.0
Lucic-Baroni M.,Greenset,all,0,0,0,0.0,1500.0
Lucic-Baroni M.,Greenset,last_year,0,0,0,0.0,1500.0
Lucic-Baroni M.,Greenset,last_month,0,0,0,0.0,1500.0
Rao S.,Hard,all,3,1,2,0.6666666666666666,1515.9304699901043
Rao S.,Hard,last_year,0,0,0,0.0,1500.0
Rao S.,Hard,last_month,0,0,0,0.0,1500.0
Rao S.,Carpet,all,0,0,0,0.0,1500.0
Rao S.,Carpet,last_year,0,0,0,0.0,1500.0
Rao S.,Carpet,last_month,0,0,0,0.0,1500.0
Rao S.,Clay,all,1,0,1,1.0,1513.1978041778225
Rao S.,Clay,last_year,0,0,0,0.0,1500.0
Rao S.,Clay,last_month,0,0,0,0.0,1500.0
Rao S.,Grass,all,3,2,1,0.3333333333333333,1547.7457312197967
Rao S.,Grass,last_year,0,0,0,0.0,1500.0
Rao S.,Grass,last_month,0,0,0,0.0,1500.0
Rao S.,Greenset,all,2,1,1,0.5,1468.0
Rao S.,Greenset,last_year,0,0,0,0.0,1500.0
Rao S.,Greenset,last_month,0,0,0,0.0,1500.0
Cabeza Candela E.,Hard,all,0,0,0,0.0,1500.0
Cabeza Candela E.,Hard,last_year,0,0,0,0.0,1500.0
Cabeza Candela E.,Hard,last_month,0,0,0,0.0,1500.0
Cabeza Candela E.,Carpet,all,0,0,0,0.0,1500.0
Cabeza Candela E.,Carpet,last_year,0,0,0,0.0,1500.0
Cabeza Candela E.,Carpet,last_month,0,0,0,0.0,1500.0
Cabeza Candela E.,Clay,all,1,0,1,1.0,1516.0
Cabeza Candela E.,Clay,last_year,0,0,0,0.0,1500.0
Cabeza Candela E.,Clay,last_month,0,0,0,0.0,1500.0
Cabeza Candela E.,Grass,all,0,0,0,0.0,1500.0
Cabeza Candela E.,Grass,last_year,0,0,0,0.0,1500.0
Cabeza Candela E.,Grass,last_month,0,0,0,0.0,1500.0
Cabeza Candela E.,Greenset,all,0,0,0,0.0,1500.0
Cabeza Candela E.,Greenset,last_year,0,0,0,0.0,1500.0
Cabeza Candela E.,Greenset,last_month,0,0,0,0.0,1500.0
Capurro Taborda M.,Hard,all,1,0,1,1.0,1483.1554683745505
Capurro Taborda M.,Hard,last_year,0,0,0,0.0,1500.0
Capurro Taborda M.,Hard,last_month,0,0,0,0.0,1500.0
Capurro Taborda M.,Carpet,all,0,0,0,0.0,1500.0
Capurro Taborda M.,Carpet,last_year,0,0,0,0.0,1500.0
Capurro Taborda M.,Carpet,last_month,0,0,0,0.0,1500.0
Capurro Taborda M.,Clay,all,0,0,0,0.0,1500.0
Capurro Taborda M.,Clay,last_year,0,0,0,0.0,1500.0
Capurro Taborda M.,Clay,last_month,0,0,0,0.0,1500.0
Capurro Taborda M.,Grass,all,0,0,0,0.0,1500.0
Capurro Taborda M.,Grass,last_year,0,0,0,0.0,1500.0
Capurro Taborda M.,Grass,last_month,0,0,0,0.0,1500.0
Capurro Taborda M.,Greenset,all,0,0,0,0.0,1500.0
Capurro Taborda M.,Greenset,last_year,0,0,0,0.0,1500.0
Capurro Taborda M.,Greenset,last_month,0,0,0,0.0,1500.0
Pridankina E.,Hard,all,3,1,2,0.6666666666666666,1492.9467638562382
Pridankina E.,Hard,last_year,3,1,2,0.6666666666666666,1491.2180187504537
Pridankina E.,Hard,last_month,0,0,0,0.0,1500.0
Pridankina E.,Carpet,all,0,0,0,0.0,1500.0
Pridankina E.,Carpet,last_year,0,0,0,0.0,1500.0
Pridankina E.,Carpet,last_month,0,0,0,0.0,1500.0
Pridankina E.,Clay,all,0,0,0,0.0,1500.0
Pridankina E.,Clay,last_year,0,0,0,0.0,1500.0
Pridankina E.,Clay,last_month,0,0,0,0.0,1500.0
Pridankina E.,Grass,all,0,0,0,0.0,1500.0
Pridankina E.,Grass,last_year,0,0,0,0.0,1500.0
Pridankina E.,Grass,last_month,0,0,0,0.0,1500.0
Pridankina E.,Greenset,all,0,0,0,0.0,1500.0
Pridankina E.,Greenset,last_year,0,0,0,0.0,1500.0
Pridankina E.,Greenset,last_month,0,0,0,0.0,1500.0
Kostova E.,Hard,all,8,1,7,0.875,1448.267954140475
Kostova E.,Hard,last_year,0,0,0,0.0,1500.0
Kostova E.,Hard,last_month,0,0,0,0.0,1500.0
Kostova E.,Carpet,all,0,0,0,0.0,1500.0
Kostova E.,Carpet,last_year,0,0,0,0.0,1500.0
Kostova E.,Carpet,last_month,0,0,0,0.0,1500.0
Kostova E.,Clay,all,15,6,9,0.6,1415.6388226591332
Kostova E.,Clay,last_year,0,0,0,0.0,1500.0
Kostova E.,Clay,last_month,0,0,0,0.0,1500.0
Kostova E.,Grass,all,0,0,0,0.0,1500.0
Kostova E.,Grass,last_year,0,0,0,0.0,1500.0
Kostova E.,Grass,last_month,0,0,0,0.0,1500.0
Kostova E.,Greenset,all,0,0,0,0.0,1500.0
Kostova E.,Greenset,last_year,0,0,0,0.0,1500.0
Kostova E.,Greenset,last_month,0,0,0,0.0,1500.0
Pous-Tio L.,Hard,all,9,1,8,0.8888888888888888,1533.084097586571
Pous-Tio L.,Hard,last_year,0,0,0,0.0,1500.0
Pous-Tio L.,Hard,last_month,0,0,0,0.0,1500.0
Pous-Tio L.,Carpet,all,0,0,0,0.0,1500.0
Pous-Tio L.,Carpet,last_year,0,0,0,0.0,1500.0
Pous-Tio L.,Carpet,last_month,0,0,0,0.0,1500.0
Pous-Tio L.,Clay,all,30,16,14,0.4666666666666667,1549.707112610932
Pous-Tio L.,Clay,last_year,0,0,0,0.0,1500.0
Pous-Tio L.,Clay,last_month,0,0,0,0.0,1500.0
Pous-Tio L.,Grass,all,2,0,2,1.0,1531.7593239368741
Pous-Tio L.,Grass,last_year,0,0,0,0.0,1500.0
Pous-Tio L.,Grass,last_month,0,0,0,0.0,1500.0
Pous-Tio L.,Greenset,all,0,0,0,0.0,1500.0
Pous-Tio L.,Greenset,last_year,0,0,0,0.0,1500.0
Pous-Tio L.,Greenset,last_month,0,0,0,0.0,1500.0
Ngounoue C.,Hard,all,4,0,4,1.0,1472.2202488448493
Ngounoue C.,Hard,last_year,2,0,2,1.0,1469.6895747312333
Ngounoue C.,Hard,last_month,0,0,0,0.0,1500.0
Ngounoue C.,Carpet,all,0,0,0,0.0,1500.0
Ngounoue C.,Carpet,last_year,0,0,0,0.0,1500.0
Ngounoue C.,Carpet,last_month,0,0,0,0.0,1500.0
Ngounoue C.,Clay,all,1,0,1,1.0,1513.2362581878747
Ngounoue C.,Clay,last_year,0,0,0,0.0,1500.0
Ngounoue C.,Clay,last_month,0,0,0,0.0,1500.0
Ngounoue C.,Grass,all,0,0,0,0.0,1500.0
Ngounoue C.,Grass,last_year,0,0,0,0.0,1500.0
Ngounoue C.,Grass,last_month,0,0,0,0.0,1500.0
Ngounoue C.,Greenset,all,0,0,0,0.0,1500.0
Ngounoue C.,Greenset,last_year,0,0,0,0.0,1500.0
Ngounoue C.,Greenset,last_month,0,0,0,0.0,1500.0
Kessler M.,Hard,all,38,23,15,0.6052631578947368,1563.1124729087749
Kessler M.,Hard,last_year,34,22,12,0.6470588235294118,1575.0452617048336
Kessler M.,Hard,last_month,0,0,0,0.0,1500.0
Kessler M.,Carpet,all,0,0,0,0.0,1500.0
Kessler M.,Carpet,last_year,0,0,0,0.0,1500.0
Kessler M.,Carpet,last_month,0,0,0,0.0,1500.0
Kessler M.,Clay,all,6,0,6,1.0,1474.696972702066
Kessler M.,Clay,last_year,5,0,5,1.0,1490.6996104550947
Kessler M.,Clay,last_month,0,0,0,0.0,1500.0
Kessler M.,Grass,all,9,6,3,0.3333333333333333,1505.9684910263518
Kessler M.,Grass,last_year,9,6,3,0.3333333333333333,1509.4045083748683
Kessler M.,Grass,last_month,8,6,2,0.25,1523.7657785243784
Kessler M.,Greenset,all,0,0,0,0.0,1500.0
Kessler M.,Greenset,last_year,0,0,0,0.0,1500.0
Kessler M.,Greenset,last_month,0,0,0,0.0,1500.0
Mayr P.,Hard,all,52,19,33,0.6346153846153846,1525.9247410486073
Mayr P.,Hard,last_year,0,0,0,0.0,1500.0
Mayr P.,Hard,last_month,0,0,0,0.0,1500.0
Mayr P.,Carpet,all,0,0,0,0.0,1500.0
Mayr P.,Carpet,last_year,0,0,0,0.0,1500.0
Mayr P.,Carpet,last_month,0,0,0,0.0,1500.0
Mayr P.,Clay,all,63,26,37,0.5873015873015873,1445.3005800859758
Mayr P.,Clay,last_year,0,0,0,0.0,1500.0
Mayr P.,Clay,last_month,0,0,0,0.0,1500.0
Mayr P.,Grass,all,6,1,5,0.8333333333333334,1471.126355134424
Mayr P.,Grass,last_year,0,0,0,0.0,1500.0
Mayr P.,Grass,last_month,0,0,0,0.0,1500.0
Mayr P.,Greenset,all,0,0,0,0.0,1500.0
Mayr P.,Greenset,last_year,0,0,0,0.0,1500.0
Mayr P.,Greenset,last_month,0,0,0,0.0,1500.0
Jankovic J.,Hard,all,400,249,151,0.3775,1473.4648157985089
Jankovic J.,Hard,last_year,0,0,0,0.0,1500.0
Jankovic J.,Hard,last_month,0,0,0,0.0,1500.0
Jankovic J.,Carpet,all,10,8,2,0.2,1523.6091141130291
Jankovic J.,Carpet,last_year,0,0,0,0.0,1500.0
Jankovic J.,Carpet,last_month,0,0,0,0.0,1500.0
Jankovic J.,Clay,all,168,118,50,0.2976190476190476,1503.6735635845996
Jankovic J.,Clay,last_year,0,0,0,0.0,1500.0
Jankovic J.,Clay,last_month,0,0,0,0.0,1500.0
Jankovic J.,Grass,all,56,35,21,0.375,1526.034105788615
Jankovic J.,Grass,last_year,0,0,0,0.0,1500.0
Jankovic J.,Grass,last_month,0,0,0,0.0,1500.0
Jankovic J.,Greenset,all,0,0,0,0.0,1500.0
Jankovic J.,Greenset,last_year,0,0,0,0.0,1500.0
Jankovic J.,Greenset,last_month,0,0,0,0.0,1500.0
Jeong B.,Hard,all,1,0,1,1.0,1485.1458338120938
Jeong B.,Hard,last_year,0,0,0,0.0,1500.0
Jeong B.,Hard,last_month,0,0,0,0.0,1500.0
Jeong B.,Carpet,all,0,0,0,0.0,1500.0
Jeong B.,Carpet,last_year,0,0,0,0.0,1500.0
Jeong B.,Carpet,last_month,0,0,0,0.0,1500.0
Jeong B.,Clay,all,0,0,0,0.0,1500.0
Jeong B.,Clay,last_year,0,0,0,0.0,1500.0
Jeong B.,Clay,last_month,0,0,0,0.0,1500.0
Jeong B.,Grass,all,0,0,0,0.0,1500.0
Jeong B.,Grass,last_year,0,0,0,0.0,1500.0
Jeong B.,Grass,last_month,0,0,0,0.0,1500.0
Jeong B.,Greenset,all,0,0,0,0.0,1500.0
Jeong B.,Greenset,last_year,0,0,0,0.0,1500.0
Jeong B.,Greenset,last_month,0,0,0,0.0,1500.0
Chong E.,Hard,all,3,0,3,1.0,1480.5389520441943
Chong E.,Hard,last_year,1,0,1,1.0,1484.1303448493818
Chong E.,Hard,last_month,0,0,0,0.0,1500.0
Chong E.,Carpet,all,0,0,0,0.0,1500.0
Chong E.,Carpet,last_year,0,0,0,0.0,1500.0
Chong E.,Carpet,last_month,0,0,0,0.0,1500.0
Chong E.,Clay,all,0,0,0,0.0,1500.0
Chong E.,Clay,last_year,0,0,0,0.0,1500.0
Chong E.,Clay,last_month,0,0,0,0.0,1500.0
Chong E.,Grass,all,0,0,0,0.0,1500.0
Chong E.,Grass,last_year,0,0,0,0.0,1500.0
Chong E.,Grass,last_month,0,0,0,0.0,1500.0
Chong E.,Greenset,all,0,0,0,0.0,1500.0
Chong E.,Greenset,last_year,0,0,0,0.0,1500.0
Chong E.,Greenset,last_month,0,0,0,0.0,1500.0
Botto B.,Hard,all,0,0,0,0.0,1500.0
Botto B.,Hard,last_year,0,0,0,0.0,1500.0
Botto B.,Hard,last_month,0,0,0,0.0,1500.0
Botto B.,Carpet,all,0,0,0,0.0,1500.0
Botto B.,Carpet,last_year,0,0,0,0.0,1500.0
Botto B.,Carpet,last_month,0,0,0,0.0,1500.0
Botto B.,Clay,all,1,0,1,1.0,1486.4283725991045
Botto B.,Clay,last_year,0,0,0,0.0,1500.0
Botto B.,Clay,last_month,0,0,0,0.0,1500.0
Botto B.,Grass,all,0,0,0,0.0,1500.0
Botto B.,Grass,last_year,0,0,0,0.0,1500.0
Botto B.,Grass,last_month,0,0,0,0.0,1500.0
Botto B.,Greenset,all,0,0,0,0.0,1500.0
Botto B.,Greenset,last_year,0,0,0,0.0,1500.0
Botto B.,Greenset,last_month,0,0,0,0.0,1500.0
Tsurenko L.,Hard,all,209,105,104,0.5023923444976076,1576.1519989260148
Tsurenko L.,Hard,last_year,8,2,6,0.25,1533.392011049049
Tsurenko L.,Hard,last_month,0,0,0,0.0,1500.0
Tsurenko L.,Carpet,all,0,0,0,0.0,1500.0
Tsurenko L.,Carpet,last_year,0,0,0,0.0,1500.0
Tsurenko L.,Carpet,last_month,0,0,0,0.0,1500.0
Tsurenko L.,Clay,all,79,40,39,0.5063291139240507,1482.1768723194475
Tsurenko L.,Clay,last_year,0,0,0,0.0,1500.0
Tsurenko L.,Clay,last_month,0,0,0,0.0,1500.0
Tsurenko L.,Grass,all,48,23,25,0.5208333333333334,1439.2779770762756
Tsurenko L.,Grass,last_year,1,0,1,1.0,1484.0
Tsurenko L.,Grass,last_month,0,0,0,0.0,1500.0
Tsurenko L.,Greenset,all,0,0,0,0.0,1500.0
Tsurenko L.,Greenset,last_year,0,0,0,0.0,1500.0
Tsurenko L.,Greenset,last_month,0,0,0,0.0,1500.0
Saidkhodjaeva D.,Hard,all,1,0,1,1.0,1515.2681919976712
Saidkhodjaeva D.,Hard,last_year,0,0,0,0.0,1500.0
Saidkhodjaeva D.,Hard,last_month,0,0,0,0.0,1500.0
Saidkhodjaeva D.,Carpet,all,0,0,0,0.0,1500.0
Saidkhodjaeva D.,Carpet,last_year,0,0,0,0.0,1500.0
Saidkhodjaeva D.,Carpet,last_month,0,0,0,0.0,1500.0
Saidkhodjaeva D.,Clay,all,0,0,0,0.0,1500.0
Saidkhodjaeva D.,Clay,last_year,0,0,0,0.0,1500.0
Saidkhodjaeva D.,Clay,last_month,0,0,0,0.0,1500.0
Saidkhodjaeva D.,Grass,all,0,0,0,0.0,1500.0
Saidkhodjaeva D.,Grass,last_year,0,0,0,0.0,1500.0
Saidkhodjaeva D.,Grass,last_month,0,0,0,0.0,1500.0
Saidkhodjaeva D.,Greenset,all,0,0,0,0.0,1500.0
Saidkhodjaeva D.,Greenset,last_year,0,0,0,0.0,1500.0
Saidkhodjaeva D.,Greenset,last_month,0,0,0,0.0,1500.0
Sramkova R.,Hard,all,41,24,17,0.4146341463414634,1535.0537618801027
Sramkova R.,Hard,last_year,36,22,14,0.3888888888888889,1537.2536321379862
Sramkova R.,Hard,last_month,0,0,0,0.0,1500.0
Sramkova R.,Carpet,all,0,0,0,0.0,1500.0
Sramkova R.,Carpet,last_year,0,0,0,0.0,1500.0
Sramkova R.,Carpet,last_month,0,0,0,0.0,1500.0
Sramkova R.,Clay,all,22,10,12,0.5454545454545454,1492.251909732879
Sramkova R.,Clay,last_year,9,4,5,0.5555555555555556,1544.4633532704827
Sramkova R.,Clay,last_month,0,0,0,0.0,1500.0
Sramkova R.,Grass,all,10,5,5,0.5,1514.7539497488458
Sramkova R.,Grass,last_year,10,5,5,0.5,1514.3302260426444
Sramkova R.,Grass,last_month,9,5,4,0.4444444444444444,1502.4170104619104
Sramkova R.,Greenset,all,0,0,0,0.0,1500.0
Sramkova R.,Greenset,last_year,0,0,0,0.0,1500.0
Sramkova R.,Greenset,last_month,0,0,0,0.0,1500.0
Rosatello C.,Hard,all,1,0,1,1.0,1481.2623105480652
Rosatello C.,Hard,last_year,0,0,0,0.0,1500.0
Rosatello C.,Hard,last_month,0,0,0,0.0,1500.0
Rosatello C.,Carpet,all,0,0,0,0.0,1500.0
Rosatello C.,Carpet,last_year,0,0,0,0.0,1500.0
Rosatello C.,Carpet,last_month,0,0,0,0.0,1500.0
Rosatello C.,Clay,all,9,3,6,0.6666666666666666,1485.7704227177326
Rosatello C.,Clay,last_year,3,1,2,0.6666666666666666,1510.7226401281182
Rosatello C.,Clay,last_month,0,0,0,0.0,1500.0
Rosatello C.,Grass,all,0,0,0,0.0,1500.0
Rosatello C.,Grass,last_year,0,0,0,0.0,1500.0
Rosatello C.,Grass,last_month,0,0,0,0.0,1500.0
Rosatello C.,Greenset,all,0,0,0,0.0,1500.0
Rosatello C.,Greenset,last_year,0,0,0,0.0,1500.0
Rosatello C.,Greenset,last_month,0,0,0,0.0,1500.0
Washington M.,Hard,all,1,0,1,1.0,1513.4586272021488
Washington M.,Hard,last_year,0,0,0,0.0,1500.0
Washington M.,Hard,last_month,0,0,0,0.0,1500.0
Washington M.,Carpet,all,0,0,0,0.0,1500.0
Washington M.,Carpet,last_year,0,0,0,0.0,1500.0
Washington M.,Carpet,last_month,0,0,0,0.0,1500.0
Washington M.,Clay,all,1,0,1,1.0,1516.7145642942146
Washington M.,Clay,last_year,0,0,0,0.0,1500.0
Washington M.,Clay,last_month,0,0,0,0.0,1500.0
Washington M.,Grass,all,0,0,0,0.0,1500.0
Washington M.,Grass,last_year,0,0,0,0.0,1500.0
Washington M.,Grass,last_month,0,0,0,0.0,1500.0
Washington M.,Greenset,all,0,0,0,0.0,1500.0
Washington M.,Greenset,last_year,0,0,0,0.0,1500.0
Washington M.,Greenset,last_month,0,0,0,0.0,1500.0
Dokic J.,Hard,all,45,19,26,0.5777777777777777,1457.1063223729877
Dokic J.,Hard,last_year,0,0,0,0.0,1500.0
Dokic J.,Hard,last_month,0,0,0,0.0,1500.0
Dokic J.,Carpet,all,0,0,0,0.0,1500.0
Dokic J.,Carpet,last_year,0,0,0,0.0,1500.0
Dokic J.,Carpet,last_month,0,0,0,0.0,1500.0
Dokic J.,Clay,all,9,2,7,0.7777777777777778,1515.1284811138967
Dokic J.,Clay,last_year,0,0,0,0.0,1500.0
Dokic J.,Clay,last_month,0,0,0,0.0,1500.0
Dokic J.,Grass,all,6,3,3,0.5,1447.2242900562424
Dokic J.,Grass,last_year,0,0,0,0.0,1500.0
Dokic J.,Grass,last_month,0,0,0,0.0,1500.0
Dokic J.,Greenset,all,0,0,0,0.0,1500.0
Dokic J.,Greenset,last_year,0,0,0,0.0,1500.0
Dokic J.,Greenset,last_month,0,0,0,0.0,1500.0
Zoric N.,Hard,all,0,0,0,0.0,1500.0
Zoric N.,Hard,last_year,0,0,0,0.0,1500.0
Zoric N.,Hard,last_month,0,0,0,0.0,1500.0
Zoric N.,Carpet,all,0,0,0,0.0,1500.0
Zoric N.,Carpet,last_year,0,0,0,0.0,1500.0
Zoric N.,Carpet,last_month,0,0,0,0.0,1500.0
Zoric N.,Clay,all,1,0,1,1.0,1518.0683219972489
Zoric N.,Clay,last_year,0,0,0,0.0,1500.0
Zoric N.,Clay,last_month,0,0,0,0.0,1500.0
Zoric N.,Grass,all,0,0,0,0.0,1500.0
Zoric N.,Grass,last_year,0,0,0,0.0,1500.0
Zoric N.,Grass,last_month,0,0,0,0.0,1500.0
Zoric N.,Greenset,all,0,0,0,0.0,1500.0
Zoric N.,Greenset,last_year,0,0,0,0.0,1500.0
Zoric N.,Greenset,last_month,0,0,0,0.0,1500.0
Watson H.,Hard,all,192,81,111,0.578125,1600.8315905794782
Watson H.,Hard,last_year,3,1,2,0.6666666666666666,1519.8825982119545
Watson H.,Hard,last_month,0,0,0,0.0,1500.0
Watson H.,Carpet,all,0,0,0,0.0,1500.0
Watson H.,Carpet,last_year,0,0,0,0.0,1500.0
Watson H.,Carpet,last_month,0,0,0,0.0,1500.0
Watson H.,Clay,all,50,19,31,0.62,1570.9797095415115
Watson H.,Clay,last_year,1,0,1,1.0,1484.0
Watson H.,Clay,last_month,0,0,0,0.0,1500.0
Watson H.,Grass,all,87,38,49,0.5632183908045977,1422.329197529795
Watson H.,Grass,last_year,4,1,3,0.75,1497.857978214735
Watson H.,Grass,last_month,3,1,2,0.6666666666666666,1485.3107792283147
Watson H.,Greenset,all,0,0,0,0.0,1500.0
Watson H.,Greenset,last_year,0,0,0,0.0,1500.0
Watson H.,Greenset,last_month,0,0,0,0.0,1500.0
Ianchuk O.,Hard,all,1,0,1,1.0,1484.0
Ianchuk O.,Hard,last_year,0,0,0,0.0,1500.0
Ianchuk O.,Hard,last_month,0,0,0,0.0,1500.0
Ianchuk O.,Carpet,all,0,0,0,0.0,1500.0
Ianchuk O.,Carpet,last_year,0,0,0,0.0,1500.0
Ianchuk O.,Carpet,last_month,0,0,0,0.0,1500.0
Ianchuk O.,Clay,all,0,0,0,0.0,1500.0
Ianchuk O.,Clay,last_year,0,0,0,0.0,1500.0
Ianchuk O.,Clay,last_month,0,0,0,0.0,1500.0
Ianchuk O.,Grass,all,0,0,0,0.0,1500.0
Ianchuk O.,Grass,last_year,0,0,0,0.0,1500.0
Ianchuk O.,Grass,last_month,0,0,0,0.0,1500.0
Ianchuk O.,Greenset,all,0,0,0,0.0,1500.0
Ianchuk O.,Greenset,last_year,0,0,0,0.0,1500.0
Ianchuk O.,Greenset,last_month,0,0,0,0.0,1500.0
Okuno A.,Hard,all,1,0,1,1.0,1513.01614330088
Okuno A.,Hard,last_year,0,0,0,0.0,1500.0
Okuno A.,Hard,last_month,0,0,0,0.0,1500.0
Okuno A.,Carpet,all,0,0,0,0.0,1500.0
Okuno A.,Carpet,last_year,0,0,0,0.0,1500.0
Okuno A.,Carpet,last_month,0,0,0,0.0,1500.0
Okuno A.,Clay,all,0,0,0,0.0,1500.0
Okuno A.,Clay,last_year,0,0,0,0.0,1500.0
Okuno A.,Clay,last_month,0,0,0,0.0,1500.0
Okuno A.,Grass,all,0,0,0,0.0,1500.0
Okuno A.,Grass,last_year,0,0,0,0.0,1500.0
Okuno A.,Grass,last_month,0,0,0,0.0,1500.0
Okuno A.,Greenset,all,0,0,0,0.0,1500.0
Okuno A.,Greenset,last_year,0,0,0,0.0,1500.0
Okuno A.,Greenset,last_month,0,0,0,0.0,1500.0
Kozlova K.,Hard,all,94,39,55,0.5851063829787234,1537.2878315542687
Kozlova K.,Hard,last_year,0,0,0,0.0,1500.0
Kozlova K.,Hard,last_month,0,0,0,0.0,1500.0
Kozlova K.,Carpet,all,0,0,0,0.0,1500.0
Kozlova K.,Carpet,last_year,0,0,0,0.0,1500.0
Kozlova K.,Carpet,last_month,0,0,0,0.0,1500.0
Kozlova K.,Clay,all,37,17,20,0.5405405405405406,1441.4932483113696
Kozlova K.,Clay,last_year,0,0,0,0.0,1500.0
Kozlova K.,Clay,last_month,0,0,0,0.0,1500.0
Kozlova K.,Grass,all,10,3,7,0.7,1417.385820305091
Kozlova K.,Grass,last_year,0,0,0,0.0,1500.0
Kozlova K.,Grass,last_month,0,0,0,0.0,1500.0
Kozlova K.,Greenset,all,0,0,0,0.0,1500.0
Kozlova K.,Greenset,last_year,0,0,0,0.0,1500.0
Kozlova K.,Greenset,last_month,0,0,0,0.0,1500.0
Dubois S.,Hard,all,47,13,34,0.723404255319149,1516.3346748083352
Dubois S.,Hard,last_year,0,0,0,0.0,1500.0
Dubois S.,Hard,last_month,0,0,0,0.0,1500.0
Dubois S.,Carpet,all,0,0,0,0.0,1500.0
Dubois S.,Carpet,last_year,0,0,0,0.0,1500.0
Dubois S.,Carpet,last_month,0,0,0,0.0,1500.0
Dubois S.,Clay,all,13,2,11,0.8461538461538461,1441.8208945866254
Dubois S.,Clay,last_year,0,0,0,0.0,1500.0
Dubois S.,Clay,last_month,0,0,0,0.0,1500.0
Dubois S.,Grass,all,11,2,9,0.8181818181818182,1562.7587643688614
Dubois S.,Grass,last_year,0,0,0,0.0,1500.0
Dubois S.,Grass,last_month,0,0,0,0.0,1500.0
Dubois S.,Greenset,all,0,0,0,0.0,1500.0
Dubois S.,Greenset,last_year,0,0,0,0.0,1500.0
Dubois S.,Greenset,last_month,0,0,0,0.0,1500.0
Hrdinova E.,Hard,all,2,0,2,1.0,1505.3635256866403
Hrdinova E.,Hard,last_year,0,0,0,0.0,1500.0
Hrdinova E.,Hard,last_month,0,0,0,0.0,1500.0
Hrdinova E.,Carpet,all,0,0,0,0.0,1500.0
Hrdinova E.,Carpet,last_year,0,0,0,0.0,1500.0
Hrdinova E.,Carpet,last_month,0,0,0,0.0,1500.0
Hrdinova E.,Clay,all,2,1,1,0.5,1499.0847595260047
Hrdinova E.,Clay,last_year,0,0,0,0.0,1500.0
Hrdinova E.,Clay,last_month,0,0,0,0.0,1500.0
Hrdinova E.,Grass,all,1,0,1,1.0,1514.0972542022744
Hrdinova E.,Grass,last_year,0,0,0,0.0,1500.0
Hrdinova E.,Grass,last_month,0,0,0,0.0,1500.0
Hrdinova E.,Greenset,all,0,0,0,0.0,1500.0
Hrdinova E.,Greenset,last_year,0,0,0,0.0,1500.0
Hrdinova E.,Greenset,last_month,0,0,0,0.0,1500.0
Jiang X.,Hard,all,1,0,1,1.0,1516.6357177740292
Jiang X.,Hard,last_year,0,0,0,0.0,1500.0
Jiang X.,Hard,last_month,0,0,0,0.0,1500.0
Jiang X.,Carpet,all,0,0,0,0.0,1500.0
Jiang X.,Carpet,last_year,0,0,0,0.0,1500.0
Jiang X.,Carpet,last_month,0,0,0,0.0,1500.0
Jiang X.,Clay,all,0,0,0,0.0,1500.0
Jiang X.,Clay,last_year,0,0,0,0.0,1500.0
Jiang X.,Clay,last_month,0,0,0,0.0,1500.0
Jiang X.,Grass,all,0,0,0,0.0,1500.0
Jiang X.,Grass,last_year,0,0,0,0.0,1500.0
Jiang X.,Grass,last_month,0,0,0,0.0,1500.0
Jiang X.,Greenset,all,0,0,0,0.0,1500.0
Jiang X.,Greenset,last_year,0,0,0,0.0,1500.0
Jiang X.,Greenset,last_month,0,0,0,0.0,1500.0
Pereira T.,Hard,all,25,9,16,0.64,1595.9577705661793
Pereira T.,Hard,last_year,0,0,0,0.0,1500.0
Pereira T.,Hard,last_month,0,0,0,0.0,1500.0
Pereira T.,Carpet,all,0,0,0,0.0,1500.0
Pereira T.,Carpet,last_year,0,0,0,0.0,1500.0
Pereira T.,Carpet,last_month,0,0,0,0.0,1500.0
Pereira T.,Clay,all,45,21,24,0.5333333333333333,1545.5009545676792
Pereira T.,Clay,last_year,0,0,0,0.0,1500.0
Pereira T.,Clay,last_month,0,0,0,0.0,1500.0
Pereira T.,Grass,all,4,0,4,1.0,1508.9064849255155
Pereira T.,Grass,last_year,0,0,0,0.0,1500.0
Pereira T.,Grass,last_month,0,0,0,0.0,1500.0
Pereira T.,Greenset,all,0,0,0,0.0,1500.0
Pereira T.,Greenset,last_year,0,0,0,0.0,1500.0
Pereira T.,Greenset,last_month,0,0,0,0.0,1500.0
You X.,Hard,all,13,2,11,0.8461538461538461,1584.812237862476
You X.,Hard,last_year,2,0,2,1.0,1529.3408342487594
You X.,Hard,last_month,0,0,0,0.0,1500.0
You X.,Carpet,all,0,0,0,0.0,1500.0
You X.,Carpet,last_year,0,0,0,0.0,1500.0
You X.,Carpet,last_month,0,0,0,0.0,1500.0
You X.,Clay,all,2,0,2,1.0,1500.6298855674988
You X.,Clay,last_year,0,0,0,0.0,1500.0
You X.,Clay,last_month,0,0,0,0.0,1500.0
You X.,Grass,all,0,0,0,0.0,1500.0
You X.,Grass,last_year,0,0,0,0.0,1500.0
You X.,Grass,last_month,0,0,0,0.0,1500.0
You X.,Greenset,all,0,0,0,0.0,1500.0
You X.,Greenset,last_year,0,0,0,0.0,1500.0
You X.,Greenset,last_month,0,0,0,0.0,1500.0
Pieri T.,Hard,all,0,0,0,0.0,1500.0
Pieri T.,Hard,last_year,0,0,0,0.0,1500.0
Pieri T.,Hard,last_month,0,0,0,0.0,1500.0
Pieri T.,Carpet,all,0,0,0,0.0,1500.0
Pieri T.,Carpet,last_year,0,0,0,0.0,1500.0
Pieri T.,Carpet,last_month,0,0,0,0.0,1500.0
Pieri T.,Clay,all,2,1,1,0.5,1500.5662983285295
Pieri T.,Clay,last_year,2,1,1,0.5,1499.9673678958522
Pieri T.,Clay,last_month,0,0,0,0.0,1500.0
Pieri T.,Grass,all,0,0,0,0.0,1500.0
Pieri T.,Grass,last_year,0,0,0,0.0,1500.0
Pieri T.,Grass,last_month,0,0,0,0.0,1500.0
Pieri T.,Greenset,all,0,0,0,0.0,1500.0
Pieri T.,Greenset,last_year,0,0,0,0.0,1500.0
Pieri T.,Greenset,last_month,0,0,0,0.0,1500.0
Sakatsume H.,Hard,all,4,1,3,0.75,1537.5657307241472
Sakatsume H.,Hard,last_year,0,0,0,0.0,1500.0
Sakatsume H.,Hard,last_month,0,0,0,0.0,1500.0
Sakatsume H.,Carpet,all,0,0,0,0.0,1500.0
Sakatsume H.,Carpet,last_year,0,0,0,0.0,1500.0
Sakatsume H.,Carpet,last_month,0,0,0,0.0,1500.0
Sakatsume H.,Clay,all,0,0,0,0.0,1500.0
Sakatsume H.,Clay,last_year,0,0,0,0.0,1500.0
Sakatsume H.,Clay,last_month,0,0,0,0.0,1500.0
Sakatsume H.,Grass,all,0,0,0,0.0,1500.0
Sakatsume H.,Grass,last_year,0,0,0,0.0,1500.0
Sakatsume H.,Grass,last_month,0,0,0,0.0,1500.0
Sakatsume H.,Greenset,all,0,0,0,0.0,1500.0
Sakatsume H.,Greenset,last_year,0,0,0,0.0,1500.0
Sakatsume H.,Greenset,last_month,0,0,0,0.0,1500.0
Korpatsch T.,Hard,all,39,14,25,0.6410256410256411,1622.9305000153654
Korpatsch T.,Hard,last_year,6,2,4,0.6666666666666666,1519.9958284838744
Korpatsch T.,Hard,last_month,0,0,0,0.0,1500.0
Korpatsch T.,Carpet,all,0,0,0,0.0,1500.0
Korpatsch T.,Carpet,last_year,0,0,0,0.0,1500.0
Korpatsch T.,Carpet,last_month,0,0,0,0.0,1500.0
Korpatsch T.,Clay,all,43,18,25,0.5813953488372093,1496.8149822914477
Korpatsch T.,Clay,last_year,3,0,3,1.0,1518.179432191283
Korpatsch T.,Clay,last_month,0,0,0,0.0,1500.0
Korpatsch T.,Grass,all,12,2,10,0.8333333333333334,1477.3586060815783
Korpatsch T.,Grass,last_year,1,0,1,1.0,1484.0
Korpatsch T.,Grass,last_month,0,0,0,0.0,1500.0
Korpatsch T.,Greenset,all,0,0,0,0.0,1500.0
Korpatsch T.,Greenset,last_year,0,0,0,0.0,1500.0
Korpatsch T.,Greenset,last_month,0,0,0,0.0,1500.0
Danilina A.,Hard,all,5,0,5,1.0,1449.9111723795536
Danilina A.,Hard,last_year,1,0,1,1.0,1483.263693206478
Danilina A.,Hard,last_month,0,0,0,0.0,1500.0
Danilina A.,Carpet,all,0,0,0,0.0,1500.0
Danilina A.,Carpet,last_year,0,0,0,0.0,1500.0
Danilina A.,Carpet,last_month,0,0,0,0.0,1500.0
Danilina A.,Clay,all,1,0,1,1.0,1482.3030024234404
Danilina A.,Clay,last_year,0,0,0,0.0,1500.0
Danilina A.,Clay,last_month,0,0,0,0.0,1500.0
Danilina A.,Grass,all,1,0,1,1.0,1516.1688993703362
Danilina A.,Grass,last_year,0,0,0,0.0,1500.0
Danilina A.,Grass,last_month,0,0,0,0.0,1500.0
Danilina A.,Greenset,all,0,0,0,0.0,1500.0
Danilina A.,Greenset,last_year,0,0,0,0.0,1500.0
Danilina A.,Greenset,last_month,0,0,0,0.0,1500.0
Sherif M.,Hard,all,50,7,43,0.86,1495.2286950892128
Sherif M.,Hard,last_year,10,1,9,0.9,1530.4234954240005
Sherif M.,Hard,last_month,0,0,0,0.0,1500.0
Sherif M.,Carpet,all,0,0,0,0.0,1500.0
Sherif M.,Carpet,last_year,0,0,0,0.0,1500.0
Sherif M.,Carpet,last_month,0,0,0,0.0,1500.0
Sherif M.,Clay,all,45,24,21,0.4666666666666667,1447.1737724482348
Sherif M.,Clay,last_year,4,0,4,1.0,1469.1592015259325
Sherif M.,Clay,last_month,0,0,0,0.0,1500.0
Sherif M.,Grass,all,5,1,4,0.8,1453.9601758377187
Sherif M.,Grass,last_year,2,0,2,1.0,1468.7428902754582
Sherif M.,Grass,last_month,1,0,1,1.0,1484.7074722011414
Sherif M.,Greenset,all,0,0,0,0.0,1500.0
Sherif M.,Greenset,last_year,0,0,0,0.0,1500.0
Sherif M.,Greenset,last_month,0,0,0,0.0,1500.0
Bondar A.,Hard,all,43,11,32,0.7441860465116279,1566.8340528527333
Bondar A.,Hard,last_year,15,3,12,0.8,1523.077047724582
Bondar A.,Hard,last_month,0,0,0,0.0,1500.0
Bondar A.,Carpet,all,0,0,0,0.0,1500.0
Bondar A.,Carpet,last_year,0,0,0,0.0,1500.0
Bondar A.,Carpet,last_month,0,0,0,0.0,1500.0
Bondar A.,Clay,all,42,22,20,0.47619047619047616,1525.3002740857576
Bondar A.,Clay,last_year,8,4,4,0.5,1474.2865309597883
Bondar A.,Clay,last_month,0,0,0,0.0,1500.0
Bondar A.,Grass,all,4,0,4,1.0,1436.5143272938037
Bondar A.,Grass,last_year,1,0,1,1.0,1482.190410425333
Bondar A.,Grass,last_month,1,0,1,1.0,1483.8794588314531
Bondar A.,Greenset,all,0,0,0,0.0,1500.0
Bondar A.,Greenset,last_year,0,0,0,0.0,1500.0
Bondar A.,Greenset,last_month,0,0,0,0.0,1500.0
Rakotomanga Rajaonah T.,Hard,all,0,0,0,0.0,1500.0
Rakotomanga Rajaonah T.,Hard,last_year,0,0,0,0.0,1500.0
Rakotomanga Rajaonah T.,Hard,last_month,0,0,0,0.0,1500.0
Rakotomanga Rajaonah T.,Carpet,all,0,0,0,0.0,1500.0
Rakotomanga Rajaonah T.,Carpet,last_year,0,0,0,0.0,1500.0
Rakotomanga Rajaonah T.,Carpet,last_month,0,0,0,0.0,1500.0
Rakotomanga Rajaonah T.,Clay,all,4,2,2,0.5,1506.5725499596454
Rakotomanga Rajaonah T.,Clay,last_year,4,2,2,0.5,1501.2890118403468
Rakotomanga Rajaonah T.,Clay,last_month,0,0,0,0.0,1500.0
Rakotomanga Rajaonah T.,Grass,all,0,0,0,0.0,1500.0
Rakotomanga Rajaonah T.,Grass,last_year,0,0,0,0.0,1500.0
Rakotomanga Rajaonah T.,Grass,last_month,0,0,0,0.0,1500.0
Rakotomanga Rajaonah T.,Greenset,all,0,0,0,0.0,1500.0
Rakotomanga Rajaonah T.,Greenset,last_year,0,0,0,0.0,1500.0
Rakotomanga Rajaonah T.,Greenset,last_month,0,0,0,0.0,1500.0
Sema Y.,Hard,all,7,2,5,0.7142857142857143,1537.0269039408447
Sema Y.,Hard,last_year,0,0,0,0.0,1500.0
Sema Y.,Hard,last_month,0,0,0,0.0,1500.0
Sema Y.,Carpet,all,0,0,0,0.0,1500.0
Sema Y.,Carpet,last_year,0,0,0,0.0,1500.0
Sema Y.,Carpet,last_month,0,0,0,0.0,1500.0
Sema Y.,Clay,all,0,0,0,0.0,1500.0
Sema Y.,Clay,last_year,0,0,0,0.0,1500.0
Sema Y.,Clay,last_month,0,0,0,0.0,1500.0
Sema Y.,Grass,all,0,0,0,0.0,1500.0
Sema Y.,Grass,last_year,0,0,0,0.0,1500.0
Sema Y.,Grass,last_month,0,0,0,0.0,1500.0
Sema Y.,Greenset,all,0,0,0,0.0,1500.0
Sema Y.,Greenset,last_year,0,0,0,0.0,1500.0
Sema Y.,Greenset,last_month,0,0,0,0.0,1500.0
Badosa Gibert. P.,Hard,all,4,2,2,0.5,1525.4780159522377
Badosa Gibert. P.,Hard,last_year,0,0,0,0.0,1500.0
Badosa Gibert. P.,Hard,last_month,0,0,0,0.0,1500.0
Badosa Gibert. P.,Carpet,all,0,0,0,0.0,1500.0
Badosa Gibert. P.,Carpet,last_year,0,0,0,0.0,1500.0
Badosa Gibert. P.,Carpet,last_month,0,0,0,0.0,1500.0
Badosa Gibert. P.,Clay,all,0,0,0,0.0,1500.0
Badosa Gibert. P.,Clay,last_year,0,0,0,0.0,1500.0
Badosa Gibert. P.,Clay,last_month,0,0,0,0.0,1500.0
Badosa Gibert. P.,Grass,all,0,0,0,0.0,1500.0
Badosa Gibert. P.,Grass,last_year,0,0,0,0.0,1500.0
Badosa Gibert. P.,Grass,last_month,0,0,0,0.0,1500.0
Badosa Gibert. P.,Greenset,all,0,0,0,0.0,1500.0
Badosa Gibert. P.,Greenset,last_year,0,0,0,0.0,1500.0
Badosa Gibert. P.,Greenset,last_month,0,0,0,0.0,1500.0
Flink V.,Hard,all,9,2,7,0.7777777777777778,1405.4308405035
Flink V.,Hard,last_year,0,0,0,0.0,1500.0
Flink V.,Hard,last_month,0,0,0,0.0,1500.0
Flink V.,Carpet,all,0,0,0,0.0,1500.0
Flink V.,Carpet,last_year,0,0,0,0.0,1500.0
Flink V.,Carpet,last_month,0,0,0,0.0,1500.0
Flink V.,Clay,all,5,1,4,0.8,1577.8318361974432
Flink V.,Clay,last_year,0,0,0,0.0,1500.0
Flink V.,Clay,last_month,0,0,0,0.0,1500.0
Flink V.,Grass,all,2,1,1,0.5,1534.6113798666813
Flink V.,Grass,last_year,0,0,0,0.0,1500.0
Flink V.,Grass,last_month,0,0,0,0.0,1500.0
Flink V.,Greenset,all,0,0,0,0.0,1500.0
Flink V.,Greenset,last_year,0,0,0,0.0,1500.0
Flink V.,Greenset,last_month,0,0,0,0.0,1500.0
Date K.,Hard,all,1,0,1,1.0,1515.0478923972007
Date K.,Hard,last_year,0,0,0,0.0,1500.0
Date K.,Hard,last_month,0,0,0,0.0,1500.0
Date K.,Carpet,all,0,0,0,0.0,1500.0
Date K.,Carpet,last_year,0,0,0,0.0,1500.0
Date K.,Carpet,last_month,0,0,0,0.0,1500.0
Date K.,Clay,all,0,0,0,0.0,1500.0
Date K.,Clay,last_year,0,0,0,0.0,1500.0
Date K.,Clay,last_month,0,0,0,0.0,1500.0
Date K.,Grass,all,0,0,0,0.0,1500.0
Date K.,Grass,last_year,0,0,0,0.0,1500.0
Date K.,Grass,last_month,0,0,0,0.0,1500.0
Date K.,Greenset,all,0,0,0,0.0,1500.0
Date K.,Greenset,last_year,0,0,0,0.0,1500.0
Date K.,Greenset,last_month,0,0,0,0.0,1500.0
Wang Xiyu,Hard,all,1,0,1,1.0,1515.6873290477838
Wang Xiyu,Hard,last_year,0,0,0,0.0,1500.0
Wang Xiyu,Hard,last_month,0,0,0,0.0,1500.0
Wang Xiyu,Carpet,all,0,0,0,0.0,1500.0
Wang Xiyu,Carpet,last_year,0,0,0,0.0,1500.0
Wang Xiyu,Carpet,last_month,0,0,0,0.0,1500.0
Wang Xiyu,Clay,all,0,0,0,0.0,1500.0
Wang Xiyu,Clay,last_year,0,0,0,0.0,1500.0
Wang Xiyu,Clay,last_month,0,0,0,0.0,1500.0
Wang Xiyu,Grass,all,0,0,0,0.0,1500.0
Wang Xiyu,Grass,last_year,0,0,0,0.0,1500.0
Wang Xiyu,Grass,last_month,0,0,0,0.0,1500.0
Wang Xiyu,Greenset,all,0,0,0,0.0,1500.0
Wang Xiyu,Greenset,last_year,0,0,0,0.0,1500.0
Wang Xiyu,Greenset,last_month,0,0,0,0.0,1500.0
Soler Espinosa S..,Hard,all,2,1,1,0.5,1496.5881038689413
Soler Espinosa S..,Hard,last_year,0,0,0,0.0,1500.0
Soler Espinosa S..,Hard,last_month,0,0,0,0.0,1500.0
Soler Espinosa S..,Carpet,all,0,0,0,0.0,1500.0
Soler Espinosa S..,Carpet,last_year,0,0,0,0.0,1500.0
Soler Espinosa S..,Carpet,last_month,0,0,0,0.0,1500.0
Soler Espinosa S..,Clay,all,0,0,0,0.0,1500.0
Soler Espinosa S..,Clay,last_year,0,0,0,0.0,1500.0
Soler Espinosa S..,Clay,last_month,0,0,0,0.0,1500.0
Soler Espinosa S..,Grass,all,0,0,0,0.0,1500.0
Soler Espinosa S..,Grass,last_year,0,0,0,0.0,1500.0
Soler Espinosa S..,Grass,last_month,0,0,0,0.0,1500.0
Soler Espinosa S..,Greenset,all,0,0,0,0.0,1500.0
Soler Espinosa S..,Greenset,last_year,0,0,0,0.0,1500.0
Soler Espinosa S..,Greenset,last_month,0,0,0,0.0,1500.0
Uberoi N.,Hard,all,0,0,0,0.0,1500.0
Uberoi N.,Hard,last_year,0,0,0,0.0,1500.0
Uberoi N.,Hard,last_month,0,0,0,0.0,1500.0
Uberoi N.,Carpet,all,0,0,0,0.0,1500.0
Uberoi N.,Carpet,last_year,0,0,0,0.0,1500.0
Uberoi N.,Carpet,last_month,0,0,0,0.0,1500.0
Uberoi N.,Clay,all,2,1,1,0.5,1501.5504943062815
Uberoi N.,Clay,last_year,0,0,0,0.0,1500.0
Uberoi N.,Clay,last_month,0,0,0,0.0,1500.0
Uberoi N.,Grass,all,0,0,0,0.0,1500.0
Uberoi N.,Grass,last_year,0,0,0,0.0,1500.0
Uberoi N.,Grass,last_month,0,0,0,0.0,1500.0
Uberoi N.,Greenset,all,1,0,1,1.0,1484.0
Uberoi N.,Greenset,last_year,0,0,0,0.0,1500.0
Uberoi N.,Greenset,last_month,0,0,0,0.0,1500.0
Sharapova M.,Hard,all,292,223,69,0.2363013698630137,1493.7415323083992
Sharapova M.,Hard,last_year,0,0,0,0.0,1500.0
Sharapova M.,Hard,last_month,0,0,0,0.0,1500.0
Sharapova M.,Carpet,all,3,2,1,0.3333333333333333,1484.5719109507802
Sharapova M.,Carpet,last_year,0,0,0,0.0,1500.0
Sharapova M.,Carpet,last_month,0,0,0,0.0,1500.0
Sharapova M.,Clay,all,144,122,22,0.1527777777777778,1461.6332610983534
Sharapova M.,Clay,last_year,0,0,0,0.0,1500.0
Sharapova M.,Clay,last_month,0,0,0,0.0,1500.0
Sharapova M.,Grass,all,53,39,14,0.2641509433962264,1558.590735854434
Sharapova M.,Grass,last_year,0,0,0,0.0,1500.0
Sharapova M.,Grass,last_month,0,0,0,0.0,1500.0
Sharapova M.,Greenset,all,0,0,0,0.0,1500.0
Sharapova M.,Greenset,last_year,0,0,0,0.0,1500.0
Sharapova M.,Greenset,last_month,0,0,0,0.0,1500.0
Munoz Gallegos D.,Hard,all,0,0,0,0.0,1500.0
Munoz Gallegos D.,Hard,last_year,0,0,0,0.0,1500.0
Munoz Gallegos D.,Hard,last_month,0,0,0,0.0,1500.0
Munoz Gallegos D.,Carpet,all,0,0,0,0.0,1500.0
Munoz Gallegos D.,Carpet,last_year,0,0,0,0.0,1500.0
Munoz Gallegos D.,Carpet,last_month,0,0,0,0.0,1500.0
Munoz Gallegos D.,Clay,all,1,0,1,1.0,1480.0006125945135
Munoz Gallegos D.,Clay,last_year,0,0,0,0.0,1500.0
Munoz Gallegos D.,Clay,last_month,0,0,0,0.0,1500.0
Munoz Gallegos D.,Grass,all,0,0,0,0.0,1500.0
Munoz Gallegos D.,Grass,last_year,0,0,0,0.0,1500.0
Munoz Gallegos D.,Grass,last_month,0,0,0,0.0,1500.0
Munoz Gallegos D.,Greenset,all,0,0,0,0.0,1500.0
Munoz Gallegos D.,Greenset,last_year,0,0,0,0.0,1500.0
Munoz Gallegos D.,Greenset,last_month,0,0,0,0.0,1500.0
Sonmez Z.,Hard,all,16,9,7,0.4375,1414.3270330265518
Sonmez Z.,Hard,last_year,14,9,5,0.35714285714285715,1419.3906274530293
Sonmez Z.,Hard,last_month,0,0,0,0.0,1500.0
Sonmez Z.,Carpet,all,0,0,0,0.0,1500.0
Sonmez Z.,Carpet,last_year,0,0,0,0.0,1500.0
Sonmez Z.,Carpet,last_month,0,0,0,0.0,1500.0
Sonmez Z.,Clay,all,7,1,6,0.8571428571428571,1518.9012215261212
Sonmez Z.,Clay,last_year,5,1,4,0.8,1491.6605983419195
Sonmez Z.,Clay,last_month,0,0,0,0.0,1500.0
Sonmez Z.,Grass,all,6,3,3,0.5,1527.777747121226
Sonmez Z.,Grass,last_year,3,2,1,0.3333333333333333,1516.80128539946
Sonmez Z.,Grass,last_month,3,2,1,0.3333333333333333,1514.2079692627128
Sonmez Z.,Greenset,all,0,0,0,0.0,1500.0
Sonmez Z.,Greenset,last_year,0,0,0,0.0,1500.0
Sonmez Z.,Greenset,last_month,0,0,0,0.0,1500.0
Von Deichmann K.,Hard,all,4,0,4,1.0,1494.344124642966
Von Deichmann K.,Hard,last_year,2,0,2,1.0,1500.736306793522
Von Deichmann K.,Hard,last_month,0,0,0,0.0,1500.0
Von Deichmann K.,Carpet,all,0,0,0,0.0,1500.0
Von Deichmann K.,Carpet,last_year,0,0,0,0.0,1500.0
Von Deichmann K.,Carpet,last_month,0,0,0,0.0,1500.0
Von Deichmann K.,Clay,all,5,1,4,0.8,1481.9286289557467
Von Deichmann K.,Clay,last_year,3,1,2,0.6666666666666666,1453.6955726584615
Von Deichmann K.,Clay,last_month,0,0,0,0.0,1500.0
Von Deichmann K.,Grass,all,0,0,0,0.0,1500.0
Von Deichmann K.,Grass,last_year,0,0,0,0.0,1500.0
Von Deichmann K.,Grass,last_month,0,0,0,0.0,1500.0
Von Deichmann K.,Greenset,all,0,0,0,0.0,1500.0
Von Deichmann K.,Greenset,last_year,0,0,0,0.0,1500.0
Von Deichmann K.,Greenset,last_month,0,0,0,0.0,1500.0
Hlavackova A.,Hard,all,43,16,27,0.627906976744186,1421.6841213754574
Hlavackova A.,Hard,last_year,0,0,0,0.0,1500.0
Hlavackova A.,Hard,last_month,0,0,0,0.0,1500.0
Hlavackova A.,Carpet,all,0,0,0,0.0,1500.0
Hlavackova A.,Carpet,last_year,0,0,0,0.0,1500.0
Hlavackova A.,Carpet,last_month,0,0,0,0.0,1500.0
Hlavackova A.,Clay,all,26,8,18,0.6923076923076923,1498.804113107979
Hlavackova A.,Clay,last_year,0,0,0,0.0,1500.0
Hlavackova A.,Clay,last_month,0,0,0,0.0,1500.0
Hlavackova A.,Grass,all,24,10,14,0.5833333333333334,1502.5871904217283
Hlavackova A.,Grass,last_year,0,0,0,0.0,1500.0
Hlavackova A.,Grass,last_month,0,0,0,0.0,1500.0
Hlavackova A.,Greenset,all,0,0,0,0.0,1500.0
Hlavackova A.,Greenset,last_year,0,0,0,0.0,1500.0
Hlavackova A.,Greenset,last_month,0,0,0,0.0,1500.0
Kawa K.,Hard,all,14,4,10,0.7142857142857143,1501.9522333448037
Kawa K.,Hard,last_year,0,0,0,0.0,1500.0
Kawa K.,Hard,last_month,0,0,0,0.0,1500.0
Kawa K.,Carpet,all,0,0,0,0.0,1500.0
Kawa K.,Carpet,last_year,0,0,0,0.0,1500.0
Kawa K.,Carpet,last_month,0,0,0,0.0,1500.0
Kawa K.,Clay,all,14,10,4,0.2857142857142857,1476.951279383922
Kawa K.,Clay,last_year,5,4,1,0.2,1485.3149423745704
Kawa K.,Clay,last_month,0,0,0,0.0,1500.0
Kawa K.,Grass,all,3,1,2,0.6666666666666666,1549.0739963897136
Kawa K.,Grass,last_year,0,0,0,0.0,1500.0
Kawa K.,Grass,last_month,0,0,0,0.0,1500.0
Kawa K.,Greenset,all,0,0,0,0.0,1500.0
Kawa K.,Greenset,last_year,0,0,0,0.0,1500.0
Kawa K.,Greenset,last_month,0,0,0,0.0,1500.0
Moser L.M.,Hard,all,1,0,1,1.0,1484.1371273742257
Moser L.M.,Hard,last_year,0,0,0,0.0,1500.0
Moser L.M.,Hard,last_month,0,0,0,0.0,1500.0
Moser L.M.,Carpet,all,0,0,0,0.0,1500.0
Moser L.M.,Carpet,last_year,0,0,0,0.0,1500.0
Moser L.M.,Carpet,last_month,0,0,0,0.0,1500.0
Moser L.M.,Clay,all,5,2,3,0.6,1520.0723309972652
Moser L.M.,Clay,last_year,0,0,0,0.0,1500.0
Moser L.M.,Clay,last_month,0,0,0,0.0,1500.0
Moser L.M.,Grass,all,0,0,0,0.0,1500.0
Moser L.M.,Grass,last_year,0,0,0,0.0,1500.0
Moser L.M.,Grass,last_month,0,0,0,0.0,1500.0
Moser L.M.,Greenset,all,0,0,0,0.0,1500.0
Moser L.M.,Greenset,last_year,0,0,0,0.0,1500.0
Moser L.M.,Greenset,last_month,0,0,0,0.0,1500.0
Kremen I.,Hard,all,1,0,1,1.0,1484.5199738814038
Kremen I.,Hard,last_year,0,0,0,0.0,1500.0
Kremen I.,Hard,last_month,0,0,0,0.0,1500.0
Kremen I.,Carpet,all,0,0,0,0.0,1500.0
Kremen I.,Carpet,last_year,0,0,0,0.0,1500.0
Kremen I.,Carpet,last_month,0,0,0,0.0,1500.0
Kremen I.,Clay,all,0,0,0,0.0,1500.0
Kremen I.,Clay,last_year,0,0,0,0.0,1500.0
Kremen I.,Clay,last_month,0,0,0,0.0,1500.0
Kremen I.,Grass,all,0,0,0,0.0,1500.0
Kremen I.,Grass,last_year,0,0,0,0.0,1500.0
Kremen I.,Grass,last_month,0,0,0,0.0,1500.0
Kremen I.,Greenset,all,0,0,0,0.0,1500.0
Kremen I.,Greenset,last_year,0,0,0,0.0,1500.0
Kremen I.,Greenset,last_month,0,0,0,0.0,1500.0
Timofeeva M.,Hard,all,8,5,3,0.375,1465.4359953794658
Timofeeva M.,Hard,last_year,2,1,1,0.5,1469.5838672849677
Timofeeva M.,Hard,last_month,0,0,0,0.0,1500.0
Timofeeva M.,Carpet,all,0,0,0,0.0,1500.0
Timofeeva M.,Carpet,last_year,0,0,0,0.0,1500.0
Timofeeva M.,Carpet,last_month,0,0,0,0.0,1500.0
Timofeeva M.,Clay,all,12,6,6,0.5,1491.473911720281
Timofeeva M.,Clay,last_year,4,1,3,0.75,1500.3156789329119
Timofeeva M.,Clay,last_month,0,0,0,0.0,1500.0
Timofeeva M.,Grass,all,0,0,0,0.0,1500.0
Timofeeva M.,Grass,last_year,0,0,0,0.0,1500.0
Timofeeva M.,Grass,last_month,0,0,0,0.0,1500.0
Timofeeva M.,Greenset,all,0,0,0,0.0,1500.0
Timofeeva M.,Greenset,last_year,0,0,0,0.0,1500.0
Timofeeva M.,Greenset,last_month,0,0,0,0.0,1500.0
Gjorcheska L.,Hard,all,1,0,1,1.0,1484.0
Gjorcheska L.,Hard,last_year,0,0,0,0.0,1500.0
Gjorcheska L.,Hard,last_month,0,0,0,0.0,1500.0
Gjorcheska L.,Carpet,all,0,0,0,0.0,1500.0
Gjorcheska L.,Carpet,last_year,0,0,0,0.0,1500.0
Gjorcheska L.,Carpet,last_month,0,0,0,0.0,1500.0
Gjorcheska L.,Clay,all,0,0,0,0.0,1500.0
Gjorcheska L.,Clay,last_year,0,0,0,0.0,1500.0
Gjorcheska L.,Clay,last_month,0,0,0,0.0,1500.0
Gjorcheska L.,Grass,all,0,0,0,0.0,1500.0
Gjorcheska L.,Grass,last_year,0,0,0,0.0,1500.0
Gjorcheska L.,Grass,last_month,0,0,0,0.0,1500.0
Gjorcheska L.,Greenset,all,0,0,0,0.0,1500.0
Gjorcheska L.,Greenset,last_year,0,0,0,0.0,1500.0
Gjorcheska L.,Greenset,last_month,0,0,0,0.0,1500.0
Mchale C.,Hard,all,218,97,121,0.555045871559633,1547.74208787415
Mchale C.,Hard,last_year,0,0,0,0.0,1500.0
Mchale C.,Hard,last_month,0,0,0,0.0,1500.0
Mchale C.,Carpet,all,0,0,0,0.0,1500.0
Mchale C.,Carpet,last_year,0,0,0,0.0,1500.0
Mchale C.,Carpet,last_month,0,0,0,0.0,1500.0
Mchale C.,Clay,all,102,44,58,0.5686274509803921,1483.3111290127893
Mchale C.,Clay,last_year,0,0,0,0.0,1500.0
Mchale C.,Clay,last_month,0,0,0,0.0,1500.0
Mchale C.,Grass,all,42,16,26,0.6190476190476191,1518.7288267858048
Mchale C.,Grass,last_year,0,0,0,0.0,1500.0
Mchale C.,Grass,last_month,0,0,0,0.0,1500.0
Mchale C.,Greenset,all,0,0,0,0.0,1500.0
Mchale C.,Greenset,last_year,0,0,0,0.0,1500.0
Mchale C.,Greenset,last_month,0,0,0,0.0,1500.0
Hoch E.,Hard,all,0,0,0,0.0,1500.0
Hoch E.,Hard,last_year,0,0,0,0.0,1500.0
Hoch E.,Hard,last_month,0,0,0,0.0,1500.0
Hoch E.,Carpet,all,0,0,0,0.0,1500.0
Hoch E.,Carpet,last_year,0,0,0,0.0,1500.0
Hoch E.,Carpet,last_month,0,0,0,0.0,1500.0
Hoch E.,Clay,all,1,0,1,1.0,1484.5696111892537
Hoch E.,Clay,last_year,0,0,0,0.0,1500.0
Hoch E.,Clay,last_month,0,0,0,0.0,1500.0
Hoch E.,Grass,all,0,0,0,0.0,1500.0
Hoch E.,Grass,last_year,0,0,0,0.0,1500.0
Hoch E.,Grass,last_month,0,0,0,0.0,1500.0
Hoch E.,Greenset,all,0,0,0,0.0,1500.0
Hoch E.,Greenset,last_year,0,0,0,0.0,1500.0
Hoch E.,Greenset,last_month,0,0,0,0.0,1500.0
Sorribes Tormo S.,Hard,all,134,67,67,0.5,1613.324626819003
Sorribes Tormo S.,Hard,last_year,15,8,7,0.4666666666666667,1576.199974776611
Sorribes Tormo S.,Hard,last_month,0,0,0,0.0,1500.0
Sorribes Tormo S.,Carpet,all,0,0,0,0.0,1500.0
Sorribes Tormo S.,Carpet,last_year,0,0,0,0.0,1500.0
Sorribes Tormo S.,Carpet,last_month,0,0,0,0.0,1500.0
Sorribes Tormo S.,Clay,all,106,55,51,0.4811320754716981,1517.1130787002537
Sorribes Tormo S.,Clay,last_year,3,1,2,0.6666666666666666,1544.4333875337509
Sorribes Tormo S.,Clay,last_month,0,0,0,0.0,1500.0
Sorribes Tormo S.,Grass,all,23,9,14,0.6086956521739131,1446.5933567096429
Sorribes Tormo S.,Grass,last_year,1,0,1,1.0,1516.0
Sorribes Tormo S.,Grass,last_month,0,0,0,0.0,1500.0
Sorribes Tormo S.,Greenset,all,0,0,0,0.0,1500.0
Sorribes Tormo S.,Greenset,last_year,0,0,0,0.0,1500.0
Sorribes Tormo S.,Greenset,last_month,0,0,0,0.0,1500.0
Pratt N.,Hard,all,19,7,12,0.631578947368421,1411.5103004739956
Pratt N.,Hard,last_year,0,0,0,0.0,1500.0
Pratt N.,Hard,last_month,0,0,0,0.0,1500.0
Pratt N.,Carpet,all,2,1,1,0.5,1531.263693206478
Pratt N.,Carpet,last_year,0,0,0,0.0,1500.0
Pratt N.,Carpet,last_month,0,0,0,0.0,1500.0
Pratt N.,Clay,all,8,2,6,0.75,1474.273567822366
Pratt N.,Clay,last_year,0,0,0,0.0,1500.0
Pratt N.,Clay,last_month,0,0,0,0.0,1500.0
Pratt N.,Grass,all,2,1,1,0.5,1531.3954738217176
Pratt N.,Grass,last_year,0,0,0,0.0,1500.0
Pratt N.,Grass,last_month,0,0,0,0.0,1500.0
Pratt N.,Greenset,all,0,0,0,0.0,1500.0
Pratt N.,Greenset,last_year,0,0,0,0.0,1500.0
Pratt N.,Greenset,last_month,0,0,0,0.0,1500.0
Fruhvirtova L.,Hard,all,49,23,26,0.5306122448979592,1473.6032434691424
Fruhvirtova L.,Hard,last_year,5,3,2,0.4,1516.761020429102
Fruhvirtova L.,Hard,last_month,0,0,0,0.0,1500.0
Fruhvirtova L.,Carpet,all,0,0,0,0.0,1500.0
Fruhvirtova L.,Carpet,last_year,0,0,0,0.0,1500.0
Fruhvirtova L.,Carpet,last_month,0,0,0,0.0,1500.0
Fruhvirtova L.,Clay,all,19,5,14,0.7368421052631579,1406.944321433282
Fruhvirtova L.,Clay,last_year,3,1,2,0.6666666666666666,1485.1442133964229
Fruhvirtova L.,Clay,last_month,0,0,0,0.0,1500.0
Fruhvirtova L.,Grass,all,6,3,3,0.5,1525.3821062982117
Fruhvirtova L.,Grass,last_year,1,0,1,1.0,1482.9483327709056
Fruhvirtova L.,Grass,last_month,1,0,1,1.0,1484.0944579132838
Fruhvirtova L.,Greenset,all,0,0,0,0.0,1500.0
Fruhvirtova L.,Greenset,last_year,0,0,0,0.0,1500.0
Fruhvirtova L.,Greenset,last_month,0,0,0,0.0,1500.0
Harkleroad A.,Hard,all,29,14,15,0.5172413793103449,1530.5797287763548
Harkleroad A.,Hard,last_year,0,0,0,0.0,1500.0
Harkleroad A.,Hard,last_month,0,0,0,0.0,1500.0
Harkleroad A.,Carpet,all,0,0,0,0.0,1500.0
Harkleroad A.,Carpet,last_year,0,0,0,0.0,1500.0
Harkleroad A.,Carpet,last_month,0,0,0,0.0,1500.0
Harkleroad A.,Clay,all,8,2,6,0.75,1442.5104230059223
Harkleroad A.,Clay,last_year,0,0,0,0.0,1500.0
Harkleroad A.,Clay,last_month,0,0,0,0.0,1500.0
Harkleroad A.,Grass,all,4,1,3,0.75,1466.7498869654496
Harkleroad A.,Grass,last_year,0,0,0,0.0,1500.0
Harkleroad A.,Grass,last_month,0,0,0,0.0,1500.0
Harkleroad A.,Greenset,all,0,0,0,0.0,1500.0
Harkleroad A.,Greenset,last_year,0,0,0,0.0,1500.0
Harkleroad A.,Greenset,last_month,0,0,0,0.0,1500.0
Savchuk O.,Hard,all,55,15,40,0.7272727272727273,1499.252702449663
Savchuk O.,Hard,last_year,0,0,0,0.0,1500.0
Savchuk O.,Hard,last_month,0,0,0,0.0,1500.0
Savchuk O.,Carpet,all,0,0,0,0.0,1500.0
Savchuk O.,Carpet,last_year,0,0,0,0.0,1500.0
Savchuk O.,Carpet,last_month,0,0,0,0.0,1500.0
Savchuk O.,Clay,all,24,8,16,0.6666666666666666,1637.8477824581846
Savchuk O.,Clay,last_year,0,0,0,0.0,1500.0
Savchuk O.,Clay,last_month,0,0,0,0.0,1500.0
Savchuk O.,Grass,all,1,0,1,1.0,1484.0504440297177
Savchuk O.,Grass,last_year,0,0,0,0.0,1500.0
Savchuk O.,Grass,last_month,0,0,0,0.0,1500.0
Savchuk O.,Greenset,all,0,0,0,0.0,1500.0
Savchuk O.,Greenset,last_year,0,0,0,0.0,1500.0
Savchuk O.,Greenset,last_month,0,0,0,0.0,1500.0
Choi J-H.,Hard,all,1,0,1,1.0,1514.5043090444758
Choi J-H.,Hard,last_year,0,0,0,0.0,1500.0
Choi J-H.,Hard,last_month,0,0,0,0.0,1500.0
Choi J-H.,Carpet,all,0,0,0,0.0,1500.0
Choi J-H.,Carpet,last_year,0,0,0,0.0,1500.0
Choi J-H.,Carpet,last_month,0,0,0,0.0,1500.0
Choi J-H.,Clay,all,0,0,0,0.0,1500.0
Choi J-H.,Clay,last_year,0,0,0,0.0,1500.0
Choi J-H.,Clay,last_month,0,0,0,0.0,1500.0
Choi J-H.,Grass,all,0,0,0,0.0,1500.0
Choi J-H.,Grass,last_year,0,0,0,0.0,1500.0
Choi J-H.,Grass,last_month,0,0,0,0.0,1500.0
Choi J-H.,Greenset,all,0,0,0,0.0,1500.0
Choi J-H.,Greenset,last_year,0,0,0,0.0,1500.0
Choi J-H.,Greenset,last_month,0,0,0,0.0,1500.0
Nara K.,Hard,all,139,58,81,0.5827338129496403,1370.2206225893528
Nara K.,Hard,last_year,0,0,0,0.0,1500.0
Nara K.,Hard,last_month,0,0,0,0.0,1500.0
Nara K.,Carpet,all,0,0,0,0.0,1500.0
Nara K.,Carpet,last_year,0,0,0,0.0,1500.0
Nara K.,Carpet,last_month,0,0,0,0.0,1500.0
Nara K.,Clay,all,31,13,18,0.5806451612903226,1543.4091675751959
Nara K.,Clay,last_year,0,0,0,0.0,1500.0
Nara K.,Clay,last_month,0,0,0,0.0,1500.0
Nara K.,Grass,all,22,6,16,0.7272727272727273,1466.6378325296207
Nara K.,Grass,last_year,0,0,0,0.0,1500.0
Nara K.,Grass,last_month,0,0,0,0.0,1500.0
Nara K.,Greenset,all,0,0,0,0.0,1500.0
Nara K.,Greenset,last_year,0,0,0,0.0,1500.0
Nara K.,Greenset,last_month,0,0,0,0.0,1500.0
Petkovic A.,Hard,all,293,160,133,0.4539249146757679,1525.2394085369178
Petkovic A.,Hard,last_year,0,0,0,0.0,1500.0
Petkovic A.,Hard,last_month,0,0,0,0.0,1500.0
Petkovic A.,Carpet,all,0,0,0,0.0,1500.0
Petkovic A.,Carpet,last_year,0,0,0,0.0,1500.0
Petkovic A.,Carpet,last_month,0,0,0,0.0,1500.0
Petkovic A.,Clay,all,133,78,55,0.5864661654135338,1548.931592305284
Petkovic A.,Clay,last_year,0,0,0,0.0,1500.0
Petkovic A.,Clay,last_month,0,0,0,0.0,1500.0
Petkovic A.,Grass,all,50,24,26,0.52,1438.7841912423005
Petkovic A.,Grass,last_year,0,0,0,0.0,1500.0
Petkovic A.,Grass,last_month,0,0,0,0.0,1500.0
Petkovic A.,Greenset,all,0,0,0,0.0,1500.0
Petkovic A.,Greenset,last_year,0,0,0,0.0,1500.0
Petkovic A.,Greenset,last_month,0,0,0,0.0,1500.0
Koch Benvenuto K.A.,Hard,all,0,0,0,0.0,1500.0
Koch Benvenuto K.A.,Hard,last_year,0,0,0,0.0,1500.0
Koch Benvenuto K.A.,Hard,last_month,0,0,0,0.0,1500.0
Koch Benvenuto K.A.,Carpet,all,0,0,0,0.0,1500.0
Koch Benvenuto K.A.,Carpet,last_year,0,0,0,0.0,1500.0
Koch Benvenuto K.A.,Carpet,last_month,0,0,0,0.0,1500.0
Koch Benvenuto K.A.,Clay,all,1,0,1,1.0,1514.0585176061006
Koch Benvenuto K.A.,Clay,last_year,0,0,0,0.0,1500.0
Koch Benvenuto K.A.,Clay,last_month,0,0,0,0.0,1500.0
Koch Benvenuto K.A.,Grass,all,0,0,0,0.0,1500.0
Koch Benvenuto K.A.,Grass,last_year,0,0,0,0.0,1500.0
Koch Benvenuto K.A.,Grass,last_month,0,0,0,0.0,1500.0
Koch Benvenuto K.A.,Greenset,all,0,0,0,0.0,1500.0
Koch Benvenuto K.A.,Greenset,last_year,0,0,0,0.0,1500.0
Koch Benvenuto K.A.,Greenset,last_month,0,0,0,0.0,1500.0
Bartoli M.,Hard,all,261,171,90,0.3448275862068966,1438.9606882000705
Bartoli M.,Hard,last_year,0,0,0,0.0,1500.0
Bartoli M.,Hard,last_month,0,0,0,0.0,1500.0
Bartoli M.,Carpet,all,6,3,3,0.5,1527.0488379705773
Bartoli M.,Carpet,last_year,0,0,0,0.0,1500.0
Bartoli M.,Carpet,last_month,0,0,0,0.0,1500.0
Bartoli M.,Clay,all,80,43,37,0.4625,1464.6635383431108
Bartoli M.,Clay,last_year,0,0,0,0.0,1500.0
Bartoli M.,Clay,last_month,0,0,0,0.0,1500.0
Bartoli M.,Grass,all,58,46,12,0.7931034482758621,1465.4099987153722
Bartoli M.,Grass,last_year,0,0,0,0.0,1500.0
Bartoli M.,Grass,last_month,0,0,0,0.0,1500.0
Bartoli M.,Greenset,all,1,0,1,1.0,1484.0
Bartoli M.,Greenset,last_year,0,0,0,0.0,1500.0
Bartoli M.,Greenset,last_month,0,0,0,0.0,1500.0
Soboleva A.,Hard,all,1,0,1,1.0,1519.502744811425
Soboleva A.,Hard,last_year,0,0,0,0.0,1500.0
Soboleva A.,Hard,last_month,0,0,0,0.0,1500.0
Soboleva A.,Carpet,all,0,0,0,0.0,1500.0
Soboleva A.,Carpet,last_year,0,0,0,0.0,1500.0
Soboleva A.,Carpet,last_month,0,0,0,0.0,1500.0
Soboleva A.,Clay,all,1,0,1,1.0,1519.5037913564138
Soboleva A.,Clay,last_year,1,0,1,1.0,1516.544803125762
Soboleva A.,Clay,last_month,0,0,0,0.0,1500.0
Soboleva A.,Grass,all,0,0,0,0.0,1500.0
Soboleva A.,Grass,last_year,0,0,0,0.0,1500.0
Soboleva A.,Grass,last_month,0,0,0,0.0,1500.0
Soboleva A.,Greenset,all,0,0,0,0.0,1500.0
Soboleva A.,Greenset,last_year,0,0,0,0.0,1500.0
Soboleva A.,Greenset,last_month,0,0,0,0.0,1500.0
Semenistaja D.,Hard,all,3,1,2,0.6666666666666666,1516.0649954525677
Semenistaja D.,Hard,last_year,0,0,0,0.0,1500.0
Semenistaja D.,Hard,last_month,0,0,0,0.0,1500.0
Semenistaja D.,Carpet,all,0,0,0,0.0,1500.0
Semenistaja D.,Carpet,last_year,0,0,0,0.0,1500.0
Semenistaja D.,Carpet,last_month,0,0,0,0.0,1500.0
Semenistaja D.,Clay,all,1,0,1,1.0,1480.7716779965135
Semenistaja D.,Clay,last_year,1,0,1,1.0,1484.0
Semenistaja D.,Clay,last_month,0,0,0,0.0,1500.0
Semenistaja D.,Grass,all,0,0,0,0.0,1500.0
Semenistaja D.,Grass,last_year,0,0,0,0.0,1500.0
Semenistaja D.,Grass,last_month,0,0,0,0.0,1500.0
Semenistaja D.,Greenset,all,0,0,0,0.0,1500.0
Semenistaja D.,Greenset,last_year,0,0,0,0.0,1500.0
Semenistaja D.,Greenset,last_month,0,0,0,0.0,1500.0
Yuan Y.,Hard,all,69,34,35,0.5072463768115942,1542.7686426847156
Yuan Y.,Hard,last_year,30,12,18,0.6,1551.5327656222514
Yuan Y.,Hard,last_month,0,0,0,0.0,1500.0
Yuan Y.,Carpet,all,0,0,0,0.0,1500.0
Yuan Y.,Carpet,last_year,0,0,0,0.0,1500.0
Yuan Y.,Carpet,last_month,0,0,0,0.0,1500.0
Yuan Y.,Clay,all,10,2,8,0.8,1576.4708386356883
Yuan Y.,Clay,last_year,1,0,1,1.0,1518.6355564361602
Yuan Y.,Clay,last_month,0,0,0,0.0,1500.0
Yuan Y.,Grass,all,12,3,9,0.75,1456.939249983233
Yuan Y.,Grass,last_year,5,2,3,0.6,1455.5996099640945
Yuan Y.,Grass,last_month,4,2,2,0.5,1469.337272630605
Yuan Y.,Greenset,all,0,0,0,0.0,1500.0
Yuan Y.,Greenset,last_year,0,0,0,0.0,1500.0
Yuan Y.,Greenset,last_month,0,0,0,0.0,1500.0
Gerasimou A.,Hard,all,2,0,2,1.0,1502.6358231039849
Gerasimou A.,Hard,last_year,0,0,0,0.0,1500.0
Gerasimou A.,Hard,last_month,0,0,0,0.0,1500.0
Gerasimou A.,Carpet,all,0,0,0,0.0,1500.0
Gerasimou A.,Carpet,last_year,0,0,0,0.0,1500.0
Gerasimou A.,Carpet,last_month,0,0,0,0.0,1500.0
Gerasimou A.,Clay,all,0,0,0,0.0,1500.0
Gerasimou A.,Clay,last_year,0,0,0,0.0,1500.0
Gerasimou A.,Clay,last_month,0,0,0,0.0,1500.0
Gerasimou A.,Grass,all,0,0,0,0.0,1500.0
Gerasimou A.,Grass,last_year,0,0,0,0.0,1500.0
Gerasimou A.,Grass,last_month,0,0,0,0.0,1500.0
Gerasimou A.,Greenset,all,0,0,0,0.0,1500.0
Gerasimou A.,Greenset,last_year,0,0,0,0.0,1500.0
Gerasimou A.,Greenset,last_month,0,0,0,0.0,1500.0
Herazo M.,Hard,all,0,0,0,0.0,1500.0
Herazo M.,Hard,last_year,0,0,0,0.0,1500.0
Herazo M.,Hard,last_month,0,0,0,0.0,1500.0
Herazo M.,Carpet,all,0,0,0,0.0,1500.0
Herazo M.,Carpet,last_year,0,0,0,0.0,1500.0
Herazo M.,Carpet,last_month,0,0,0,0.0,1500.0
Herazo M.,Clay,all,1,0,1,1.0,1517.9363111280709
Herazo M.,Clay,last_year,0,0,0,0.0,1500.0
Herazo M.,Clay,last_month,0,0,0,0.0,1500.0
Herazo M.,Grass,all,0,0,0,0.0,1500.0
Herazo M.,Grass,last_year,0,0,0,0.0,1500.0
Herazo M.,Grass,last_month,0,0,0,0.0,1500.0
Herazo M.,Greenset,all,0,0,0,0.0,1500.0
Herazo M.,Greenset,last_year,0,0,0,0.0,1500.0
Herazo M.,Greenset,last_month,0,0,0,0.0,1500.0
Monnet C.,Hard,all,0,0,0,0.0,1500.0
Monnet C.,Hard,last_year,0,0,0,0.0,1500.0
Monnet C.,Hard,last_month,0,0,0,0.0,1500.0
Monnet C.,Carpet,all,0,0,0,0.0,1500.0
Monnet C.,Carpet,last_year,0,0,0,0.0,1500.0
Monnet C.,Carpet,last_month,0,0,0,0.0,1500.0
Monnet C.,Clay,all,6,1,5,0.8333333333333334,1478.9470747667879
Monnet C.,Clay,last_year,3,1,2,0.6666666666666666,1486.0909800623795
Monnet C.,Clay,last_month,0,0,0,0.0,1500.0
Monnet C.,Grass,all,0,0,0,0.0,1500.0
Monnet C.,Grass,last_year,0,0,0,0.0,1500.0
Monnet C.,Grass,last_month,0,0,0,0.0,1500.0
Monnet C.,Greenset,all,0,0,0,0.0,1500.0
Monnet C.,Greenset,last_year,0,0,0,0.0,1500.0
Monnet C.,Greenset,last_month,0,0,0,0.0,1500.0
Ondraskova Z.,Hard,all,12,3,9,0.75,1455.7981760872026
Ondraskova Z.,Hard,last_year,0,0,0,0.0,1500.0
Ondraskova Z.,Hard,last_month,0,0,0,0.0,1500.0
Ondraskova Z.,Carpet,all,0,0,0,0.0,1500.0
Ondraskova Z.,Carpet,last_year,0,0,0,0.0,1500.0
Ondraskova Z.,Carpet,last_month,0,0,0,0.0,1500.0
Ondraskova Z.,Clay,all,15,4,11,0.7333333333333333,1440.6664533512862
Ondraskova Z.,Clay,last_year,0,0,0,0.0,1500.0
Ondraskova Z.,Clay,last_month,0,0,0,0.0,1500.0
Ondraskova Z.,Grass,all,3,0,3,1.0,1543.7193281944092
Ondraskova Z.,Grass,last_year,0,0,0,0.0,1500.0
Ondraskova Z.,Grass,last_month,0,0,0,0.0,1500.0
Ondraskova Z.,Greenset,all,0,0,0,0.0,1500.0
Ondraskova Z.,Greenset,last_year,0,0,0,0.0,1500.0
Ondraskova Z.,Greenset,last_month,0,0,0,0.0,1500.0
Jani R-L.,Hard,all,0,0,0,0.0,1500.0
Jani R-L.,Hard,last_year,0,0,0,0.0,1500.0
Jani R-L.,Hard,last_month,0,0,0,0.0,1500.0
Jani R-L.,Carpet,all,0,0,0,0.0,1500.0
Jani R-L.,Carpet,last_year,0,0,0,0.0,1500.0
Jani R-L.,Carpet,last_month,0,0,0,0.0,1500.0
Jani R-L.,Clay,all,1,0,1,1.0,1513.667247347691
Jani R-L.,Clay,last_year,0,0,0,0.0,1500.0
Jani R-L.,Clay,last_month,0,0,0,0.0,1500.0
Jani R-L.,Grass,all,0,0,0,0.0,1500.0
Jani R-L.,Grass,last_year,0,0,0,0.0,1500.0
Jani R-L.,Grass,last_month,0,0,0,0.0,1500.0
Jani R-L.,Greenset,all,0,0,0,0.0,1500.0
Jani R-L.,Greenset,last_year,0,0,0,0.0,1500.0
Jani R-L.,Greenset,last_month,0,0,0,0.0,1500.0
Siniakova K.,Hard,all,243,110,133,0.5473251028806584,1433.004757520033
Siniakova K.,Hard,last_year,28,15,13,0.4642857142857143,1434.625095751435
Siniakova K.,Hard,last_month,0,0,0,0.0,1500.0
Siniakova K.,Carpet,all,0,0,0,0.0,1500.0
Siniakova K.,Carpet,last_year,0,0,0,0.0,1500.0
Siniakova K.,Carpet,last_month,0,0,0,0.0,1500.0
Siniakova K.,Clay,all,112,58,54,0.48214285714285715,1422.6598767434148
Siniakova K.,Clay,last_year,6,1,5,0.8333333333333334,1473.1705206742674
Siniakova K.,Clay,last_month,0,0,0,0.0,1500.0
Siniakova K.,Grass,all,56,29,27,0.48214285714285715,1470.3433845970158
Siniakova K.,Grass,last_year,9,4,5,0.5555555555555556,1435.7063427874211
Siniakova K.,Grass,last_month,7,3,4,0.5714285714285714,1462.7033814634528
Siniakova K.,Greenset,all,0,0,0,0.0,1500.0
Siniakova K.,Greenset,last_year,0,0,0,0.0,1500.0
Siniakova K.,Greenset,last_month,0,0,0,0.0,1500.0
Contreras Gomez F.,Hard,all,8,1,7,0.875,1474.8279948354939
Contreras Gomez F.,Hard,last_year,0,0,0,0.0,1500.0
Contreras Gomez F.,Hard,last_month,0,0,0,0.0,1500.0
Contreras Gomez F.,Carpet,all,0,0,0,0.0,1500.0
Contreras Gomez F.,Carpet,last_year,0,0,0,0.0,1500.0
Contreras Gomez F.,Carpet,last_month,0,0,0,0.0,1500.0
Contreras Gomez F.,Clay,all,2,1,1,0.5,1498.1708459981248
Contreras Gomez F.,Clay,last_year,0,0,0,0.0,1500.0
Contreras Gomez F.,Clay,last_month,0,0,0,0.0,1500.0
Contreras Gomez F.,Grass,all,1,0,1,1.0,1484.32924047749
Contreras Gomez F.,Grass,last_year,0,0,0,0.0,1500.0
Contreras Gomez F.,Grass,last_month,0,0,0,0.0,1500.0
Contreras Gomez F.,Greenset,all,0,0,0,0.0,1500.0
Contreras Gomez F.,Greenset,last_year,0,0,0,0.0,1500.0
Contreras Gomez F.,Greenset,last_month,0,0,0,0.0,1500.0
Pous Tio L.,Hard,all,1,0,1,1.0,1516.0
Pous Tio L.,Hard,last_year,0,0,0,0.0,1500.0
Pous Tio L.,Hard,last_month,0,0,0,0.0,1500.0
Pous Tio L.,Carpet,all,0,0,0,0.0,1500.0
Pous Tio L.,Carpet,last_year,0,0,0,0.0,1500.0
Pous Tio L.,Carpet,last_month,0,0,0,0.0,1500.0
Pous Tio L.,Clay,all,20,9,11,0.55,1476.3554345986042
Pous Tio L.,Clay,last_year,0,0,0,0.0,1500.0
Pous Tio L.,Clay,last_month,0,0,0,0.0,1500.0
Pous Tio L.,Grass,all,0,0,0,0.0,1500.0
Pous Tio L.,Grass,last_year,0,0,0,0.0,1500.0
Pous Tio L.,Grass,last_month,0,0,0,0.0,1500.0
Pous Tio L.,Greenset,all,0,0,0,0.0,1500.0
Pous Tio L.,Greenset,last_year,0,0,0,0.0,1500.0
Pous Tio L.,Greenset,last_month,0,0,0,0.0,1500.0
Smashnovai A.,Hard,all,1,0,1,1.0,1484.0662576109798
Smashnovai A.,Hard,last_year,0,0,0,0.0,1500.0
Smashnovai A.,Hard,last_month,0,0,0,0.0,1500.0
Smashnovai A.,Carpet,all,0,0,0,0.0,1500.0
Smashnovai A.,Carpet,last_year,0,0,0,0.0,1500.0
Smashnovai A.,Carpet,last_month,0,0,0,0.0,1500.0
Smashnovai A.,Clay,all,0,0,0,0.0,1500.0
Smashnovai A.,Clay,last_year,0,0,0,0.0,1500.0
Smashnovai A.,Clay,last_month,0,0,0,0.0,1500.0
Smashnovai A.,Grass,all,0,0,0,0.0,1500.0
Smashnovai A.,Grass,last_year,0,0,0,0.0,1500.0
Smashnovai A.,Grass,last_month,0,0,0,0.0,1500.0
Smashnovai A.,Greenset,all,0,0,0,0.0,1500.0
Smashnovai A.,Greenset,last_year,0,0,0,0.0,1500.0
Smashnovai A.,Greenset,last_month,0,0,0,0.0,1500.0
Laisne K.,Hard,all,1,0,1,1.0,1484.0
Laisne K.,Hard,last_year,0,0,0,0.0,1500.0
Laisne K.,Hard,last_month,0,0,0,0.0,1500.0
Laisne K.,Carpet,all,0,0,0,0.0,1500.0
Laisne K.,Carpet,last_year,0,0,0,0.0,1500.0
Laisne K.,Carpet,last_month,0,0,0,0.0,1500.0
Laisne K.,Clay,all,2,0,2,1.0,1469.101748438278
Laisne K.,Clay,last_year,0,0,0,0.0,1500.0
Laisne K.,Clay,last_month,0,0,0,0.0,1500.0
Laisne K.,Grass,all,0,0,0,0.0,1500.0
Laisne K.,Grass,last_year,0,0,0,0.0,1500.0
Laisne K.,Grass,last_month,0,0,0,0.0,1500.0
Laisne K.,Greenset,all,0,0,0,0.0,1500.0
Laisne K.,Greenset,last_year,0,0,0,0.0,1500.0
Laisne K.,Greenset,last_month,0,0,0,0.0,1500.0
Saville D.,Hard,all,49,25,24,0.4897959183673469,1452.3533182594215
Saville D.,Hard,last_year,7,2,5,0.7142857142857143,1481.3557315007133
Saville D.,Hard,last_month,0,0,0,0.0,1500.0
Saville D.,Carpet,all,0,0,0,0.0,1500.0
Saville D.,Carpet,last_year,0,0,0,0.0,1500.0
Saville D.,Carpet,last_month,0,0,0,0.0,1500.0
Saville D.,Clay,all,16,7,9,0.5625,1458.5112711003223
Saville D.,Clay,last_year,1,0,1,1.0,1486.640541014254
Saville D.,Clay,last_month,0,0,0,0.0,1500.0
Saville D.,Grass,all,10,3,7,0.7,1582.2443454913932
Saville D.,Grass,last_year,2,1,1,0.5,1530.5304984710244
Saville D.,Grass,last_month,0,0,0,0.0,1500.0
Saville D.,Greenset,all,0,0,0,0.0,1500.0
Saville D.,Greenset,last_year,0,0,0,0.0,1500.0
Saville D.,Greenset,last_month,0,0,0,0.0,1500.0
Clijsters K.,Hard,all,90,75,15,0.16666666666666666,1504.6383728098633
Clijsters K.,Hard,last_year,0,0,0,0.0,1500.0
Clijsters K.,Hard,last_month,0,0,0,0.0,1500.0
Clijsters K.,Carpet,all,0,0,0,0.0,1500.0
Clijsters K.,Carpet,last_year,0,0,0,0.0,1500.0
Clijsters K.,Carpet,last_month,0,0,0,0.0,1500.0
Clijsters K.,Clay,all,5,2,3,0.6,1426.5626042555311
Clijsters K.,Clay,last_year,0,0,0,0.0,1500.0
Clijsters K.,Clay,last_month,0,0,0,0.0,1500.0
Clijsters K.,Grass,all,16,12,4,0.25,1498.6931731849368
Clijsters K.,Grass,last_year,0,0,0,0.0,1500.0
Clijsters K.,Grass,last_month,0,0,0,0.0,1500.0
Clijsters K.,Greenset,all,0,0,0,0.0,1500.0
Clijsters K.,Greenset,last_year,0,0,0,0.0,1500.0
Clijsters K.,Greenset,last_month,0,0,0,0.0,1500.0
Duque Marino M.,Hard,all,18,5,13,0.7222222222222222,1561.5980590681029
Duque Marino M.,Hard,last_year,0,0,0,0.0,1500.0
Duque Marino M.,Hard,last_month,0,0,0,0.0,1500.0
Duque Marino M.,Carpet,all,0,0,0,0.0,1500.0
Duque Marino M.,Carpet,last_year,0,0,0,0.0,1500.0
Duque Marino M.,Carpet,last_month,0,0,0,0.0,1500.0
Duque Marino M.,Clay,all,65,26,39,0.6,1399.7763569060462
Duque Marino M.,Clay,last_year,0,0,0,0.0,1500.0
Duque Marino M.,Clay,last_month,0,0,0,0.0,1500.0
Duque Marino M.,Grass,all,7,2,5,0.7142857142857143,1516.5818264239972
Duque Marino M.,Grass,last_year,0,0,0,0.0,1500.0
Duque Marino M.,Grass,last_month,0,0,0,0.0,1500.0
Duque Marino M.,Greenset,all,0,0,0,0.0,1500.0
Duque Marino M.,Greenset,last_year,0,0,0,0.0,1500.0
Duque Marino M.,Greenset,last_month,0,0,0,0.0,1500.0
Giovine C.,Hard,all,0,0,0,0.0,1500.0
Giovine C.,Hard,last_year,0,0,0,0.0,1500.0
Giovine C.,Hard,last_month,0,0,0,0.0,1500.0
Giovine C.,Carpet,all,0,0,0,0.0,1500.0
Giovine C.,Carpet,last_year,0,0,0,0.0,1500.0
Giovine C.,Carpet,last_month,0,0,0,0.0,1500.0
Giovine C.,Clay,all,1,0,1,1.0,1520.0565058396462
Giovine C.,Clay,last_year,0,0,0,0.0,1500.0
Giovine C.,Clay,last_month,0,0,0,0.0,1500.0
Giovine C.,Grass,all,0,0,0,0.0,1500.0
Giovine C.,Grass,last_year,0,0,0,0.0,1500.0
Giovine C.,Grass,last_month,0,0,0,0.0,1500.0
Giovine C.,Greenset,all,0,0,0,0.0,1500.0
Giovine C.,Greenset,last_year,0,0,0,0.0,1500.0
Giovine C.,Greenset,last_month,0,0,0,0.0,1500.0
Hladikova T.,Hard,all,0,0,0,0.0,1500.0
Hladikova T.,Hard,last_year,0,0,0,0.0,1500.0
Hladikova T.,Hard,last_month,0,0,0,0.0,1500.0
Hladikova T.,Carpet,all,0,0,0,0.0,1500.0
Hladikova T.,Carpet,last_year,0,0,0,0.0,1500.0
Hladikova T.,Carpet,last_month,0,0,0,0.0,1500.0
Hladikova T.,Clay,all,5,3,2,0.4,1513.7306602373453
Hladikova T.,Clay,last_year,0,0,0,0.0,1500.0
Hladikova T.,Clay,last_month,0,0,0,0.0,1500.0
Hladikova T.,Grass,all,0,0,0,0.0,1500.0
Hladikova T.,Grass,last_year,0,0,0,0.0,1500.0
Hladikova T.,Grass,last_month,0,0,0,0.0,1500.0
Hladikova T.,Greenset,all,0,0,0,0.0,1500.0
Hladikova T.,Greenset,last_year,0,0,0,0.0,1500.0
Hladikova T.,Greenset,last_month,0,0,0,0.0,1500.0
Peer S. ,Hard,all,2,1,1,0.5,1499.7248686834698
Peer S. ,Hard,last_year,0,0,0,0.0,1500.0
Peer S. ,Hard,last_month,0,0,0,0.0,1500.0
Peer S. ,Carpet,all,0,0,0,0.0,1500.0
Peer S. ,Carpet,last_year,0,0,0,0.0,1500.0
Peer S. ,Carpet,last_month,0,0,0,0.0,1500.0
Peer S. ,Clay,all,0,0,0,0.0,1500.0
Peer S. ,Clay,last_year,0,0,0,0.0,1500.0
Peer S. ,Clay,last_month,0,0,0,0.0,1500.0
Peer S. ,Grass,all,0,0,0,0.0,1500.0
Peer S. ,Grass,last_year,0,0,0,0.0,1500.0
Peer S. ,Grass,last_month,0,0,0,0.0,1500.0
Peer S. ,Greenset,all,0,0,0,0.0,1500.0
Peer S. ,Greenset,last_year,0,0,0,0.0,1500.0
Peer S. ,Greenset,last_month,0,0,0,0.0,1500.0
Ruutel M.,Hard,all,0,0,0,0.0,1500.0
Ruutel M.,Hard,last_year,0,0,0,0.0,1500.0
Ruutel M.,Hard,last_month,0,0,0,0.0,1500.0
Ruutel M.,Carpet,all,0,0,0,0.0,1500.0
Ruutel M.,Carpet,last_year,0,0,0,0.0,1500.0
Ruutel M.,Carpet,last_month,0,0,0,0.0,1500.0
Ruutel M.,Clay,all,0,0,0,0.0,1500.0
Ruutel M.,Clay,last_year,0,0,0,0.0,1500.0
Ruutel M.,Clay,last_month,0,0,0,0.0,1500.0
Ruutel M.,Grass,all,1,0,1,1.0,1484.0
Ruutel M.,Grass,last_year,0,0,0,0.0,1500.0
Ruutel M.,Grass,last_month,0,0,0,0.0,1500.0
Ruutel M.,Greenset,all,0,0,0,0.0,1500.0
Ruutel M.,Greenset,last_year,0,0,0,0.0,1500.0
Ruutel M.,Greenset,last_month,0,0,0,0.0,1500.0
Jovic I.,Hard,all,6,3,3,0.5,1502.160759662959
Jovic I.,Hard,last_year,6,3,3,0.5,1499.1396487069776
Jovic I.,Hard,last_month,0,0,0,0.0,1500.0
Jovic I.,Carpet,all,0,0,0,0.0,1500.0
Jovic I.,Carpet,last_year,0,0,0,0.0,1500.0
Jovic I.,Carpet,last_month,0,0,0,0.0,1500.0
Jovic I.,Clay,all,4,2,2,0.5,1535.398898856226
Jovic I.,Clay,last_year,4,2,2,0.5,1529.20064758898
Jovic I.,Clay,last_month,0,0,0,0.0,1500.0
Jovic I.,Grass,all,1,0,1,1.0,1483.0663225097012
Jovic I.,Grass,last_year,1,0,1,1.0,1482.4707374584812
Jovic I.,Grass,last_month,1,0,1,1.0,1482.5304984710244
Jovic I.,Greenset,all,0,0,0,0.0,1500.0
Jovic I.,Greenset,last_year,0,0,0,0.0,1500.0
Jovic I.,Greenset,last_month,0,0,0,0.0,1500.0
Matoula M.,Hard,all,1,0,1,1.0,1516.3128361807642
Matoula M.,Hard,last_year,0,0,0,0.0,1500.0
Matoula M.,Hard,last_month,0,0,0,0.0,1500.0
Matoula M.,Carpet,all,0,0,0,0.0,1500.0
Matoula M.,Carpet,last_year,0,0,0,0.0,1500.0
Matoula M.,Carpet,last_month,0,0,0,0.0,1500.0
Matoula M.,Clay,all,0,0,0,0.0,1500.0
Matoula M.,Clay,last_year,0,0,0,0.0,1500.0
Matoula M.,Clay,last_month,0,0,0,0.0,1500.0
Matoula M.,Grass,all,0,0,0,0.0,1500.0
Matoula M.,Grass,last_year,0,0,0,0.0,1500.0
Matoula M.,Grass,last_month,0,0,0,0.0,1500.0
Matoula M.,Greenset,all,0,0,0,0.0,1500.0
Matoula M.,Greenset,last_year,0,0,0,0.0,1500.0
Matoula M.,Greenset,last_month,0,0,0,0.0,1500.0
Soler-Espinosa S.,Hard,all,5,0,5,1.0,1479.016250655723
Soler-Espinosa S.,Hard,last_year,0,0,0,0.0,1500.0
Soler-Espinosa S.,Hard,last_month,0,0,0,0.0,1500.0
Soler-Espinosa S.,Carpet,all,0,0,0,0.0,1500.0
Soler-Espinosa S.,Carpet,last_year,0,0,0,0.0,1500.0
Soler-Espinosa S.,Carpet,last_month,0,0,0,0.0,1500.0
Soler-Espinosa S.,Clay,all,17,5,12,0.7058823529411765,1539.7429621567044
Soler-Espinosa S.,Clay,last_year,0,0,0,0.0,1500.0
Soler-Espinosa S.,Clay,last_month,0,0,0,0.0,1500.0
Soler-Espinosa S.,Grass,all,0,0,0,0.0,1500.0
Soler-Espinosa S.,Grass,last_year,0,0,0,0.0,1500.0
Soler-Espinosa S.,Grass,last_month,0,0,0,0.0,1500.0
Soler-Espinosa S.,Greenset,all,0,0,0,0.0,1500.0
Soler-Espinosa S.,Greenset,last_year,0,0,0,0.0,1500.0
Soler-Espinosa S.,Greenset,last_month,0,0,0,0.0,1500.0
Ewald W.,Hard,all,0,0,0,0.0,1500.0
Ewald W.,Hard,last_year,0,0,0,0.0,1500.0
Ewald W.,Hard,last_month,0,0,0,0.0,1500.0
Ewald W.,Carpet,all,0,0,0,0.0,1500.0
Ewald W.,Carpet,last_year,0,0,0,0.0,1500.0
Ewald W.,Carpet,last_month,0,0,0,0.0,1500.0
Ewald W.,Clay,all,1,0,1,1.0,1512.6898283502592
Ewald W.,Clay,last_year,0,0,0,0.0,1500.0
Ewald W.,Clay,last_month,0,0,0,0.0,1500.0
Ewald W.,Grass,all,0,0,0,0.0,1500.0
Ewald W.,Grass,last_year,0,0,0,0.0,1500.0
Ewald W.,Grass,last_month,0,0,0,0.0,1500.0
Ewald W.,Greenset,all,0,0,0,0.0,1500.0
Ewald W.,Greenset,last_year,0,0,0,0.0,1500.0
Ewald W.,Greenset,last_month,0,0,0,0.0,1500.0
Naydenova A.,Hard,all,1,0,1,1.0,1486.5947076385146
Naydenova A.,Hard,last_year,0,0,0,0.0,1500.0
Naydenova A.,Hard,last_month,0,0,0,0.0,1500.0
Naydenova A.,Carpet,all,0,0,0,0.0,1500.0
Naydenova A.,Carpet,last_year,0,0,0,0.0,1500.0
Naydenova A.,Carpet,last_month,0,0,0,0.0,1500.0
Naydenova A.,Clay,all,0,0,0,0.0,1500.0
Naydenova A.,Clay,last_year,0,0,0,0.0,1500.0
Naydenova A.,Clay,last_month,0,0,0,0.0,1500.0
Naydenova A.,Grass,all,0,0,0,0.0,1500.0
Naydenova A.,Grass,last_year,0,0,0,0.0,1500.0
Naydenova A.,Grass,last_month,0,0,0,0.0,1500.0
Naydenova A.,Greenset,all,0,0,0,0.0,1500.0
Naydenova A.,Greenset,last_year,0,0,0,0.0,1500.0
Naydenova A.,Greenset,last_month,0,0,0,0.0,1500.0
Osterloh L.,Hard,all,30,11,19,0.6333333333333333,1517.6388211783612
Osterloh L.,Hard,last_year,0,0,0,0.0,1500.0
Osterloh L.,Hard,last_month,0,0,0,0.0,1500.0
Osterloh L.,Carpet,all,1,0,1,1.0,1516.0
Osterloh L.,Carpet,last_year,0,0,0,0.0,1500.0
Osterloh L.,Carpet,last_month,0,0,0,0.0,1500.0
Osterloh L.,Clay,all,8,1,7,0.875,1588.7688701238392
Osterloh L.,Clay,last_year,0,0,0,0.0,1500.0
Osterloh L.,Clay,last_month,0,0,0,0.0,1500.0
Osterloh L.,Grass,all,5,2,3,0.6,1487.759989231074
Osterloh L.,Grass,last_year,0,0,0,0.0,1500.0
Osterloh L.,Grass,last_month,0,0,0,0.0,1500.0
Osterloh L.,Greenset,all,0,0,0,0.0,1500.0
Osterloh L.,Greenset,last_year,0,0,0,0.0,1500.0
Osterloh L.,Greenset,last_month,0,0,0,0.0,1500.0
Radanovic D.,Hard,all,2,0,2,1.0,1533.3470185655751
Radanovic D.,Hard,last_year,0,0,0,0.0,1500.0
Radanovic D.,Hard,last_month,0,0,0,0.0,1500.0
Radanovic D.,Carpet,all,0,0,0,0.0,1500.0
Radanovic D.,Carpet,last_year,0,0,0,0.0,1500.0
Radanovic D.,Carpet,last_month,0,0,0,0.0,1500.0
Radanovic D.,Clay,all,1,0,1,1.0,1514.1379363276715
Radanovic D.,Clay,last_year,0,0,0,0.0,1500.0
Radanovic D.,Clay,last_month,0,0,0,0.0,1500.0
Radanovic D.,Grass,all,0,0,0,0.0,1500.0
Radanovic D.,Grass,last_year,0,0,0,0.0,1500.0
Radanovic D.,Grass,last_month,0,0,0,0.0,1500.0
Radanovic D.,Greenset,all,0,0,0,0.0,1500.0
Radanovic D.,Greenset,last_year,0,0,0,0.0,1500.0
Radanovic D.,Greenset,last_month,0,0,0,0.0,1500.0
Martinez Granados C.,Hard,all,0,0,0,0.0,1500.0
Martinez Granados C.,Hard,last_year,0,0,0,0.0,1500.0
Martinez Granados C.,Hard,last_month,0,0,0,0.0,1500.0
Martinez Granados C.,Carpet,all,0,0,0,0.0,1500.0
Martinez Granados C.,Carpet,last_year,0,0,0,0.0,1500.0
Martinez Granados C.,Carpet,last_month,0,0,0,0.0,1500.0
Martinez Granados C.,Clay,all,6,2,4,0.6666666666666666,1463.437348277447
Martinez Granados C.,Clay,last_year,0,0,0,0.0,1500.0
Martinez Granados C.,Clay,last_month,0,0,0,0.0,1500.0
Martinez Granados C.,Grass,all,0,0,0,0.0,1500.0
Martinez Granados C.,Grass,last_year,0,0,0,0.0,1500.0
Martinez Granados C.,Grass,last_month,0,0,0,0.0,1500.0
Martinez Granados C.,Greenset,all,0,0,0,0.0,1500.0
Martinez Granados C.,Greenset,last_year,0,0,0,0.0,1500.0
Martinez Granados C.,Greenset,last_month,0,0,0,0.0,1500.0
Gonzalez M.,Hard,all,4,2,2,0.5,1524.676888246204
Gonzalez M.,Hard,last_year,0,0,0,0.0,1500.0
Gonzalez M.,Hard,last_month,0,0,0,0.0,1500.0
Gonzalez M.,Carpet,all,0,0,0,0.0,1500.0
Gonzalez M.,Carpet,last_year,0,0,0,0.0,1500.0
Gonzalez M.,Carpet,last_month,0,0,0,0.0,1500.0
Gonzalez M.,Clay,all,2,0,2,1.0,1472.5492962231247
Gonzalez M.,Clay,last_year,0,0,0,0.0,1500.0
Gonzalez M.,Clay,last_month,0,0,0,0.0,1500.0
Gonzalez M.,Grass,all,0,0,0,0.0,1500.0
Gonzalez M.,Grass,last_year,0,0,0,0.0,1500.0
Gonzalez M.,Grass,last_month,0,0,0,0.0,1500.0
Gonzalez M.,Greenset,all,0,0,0,0.0,1500.0
Gonzalez M.,Greenset,last_year,0,0,0,0.0,1500.0
Gonzalez M.,Greenset,last_month,0,0,0,0.0,1500.0
Bechri C.,Hard,all,1,0,1,1.0,1516.6850445785544
Bechri C.,Hard,last_year,1,0,1,1.0,1518.1578150053524
Bechri C.,Hard,last_month,0,0,0,0.0,1500.0
Bechri C.,Carpet,all,0,0,0,0.0,1500.0
Bechri C.,Carpet,last_year,0,0,0,0.0,1500.0
Bechri C.,Carpet,last_month,0,0,0,0.0,1500.0
Bechri C.,Clay,all,0,0,0,0.0,1500.0
Bechri C.,Clay,last_year,0,0,0,0.0,1500.0
Bechri C.,Clay,last_month,0,0,0,0.0,1500.0
Bechri C.,Grass,all,0,0,0,0.0,1500.0
Bechri C.,Grass,last_year,0,0,0,0.0,1500.0
Bechri C.,Grass,last_month,0,0,0,0.0,1500.0
Bechri C.,Greenset,all,0,0,0,0.0,1500.0
Bechri C.,Greenset,last_year,0,0,0,0.0,1500.0
Bechri C.,Greenset,last_month,0,0,0,0.0,1500.0
Tan H.,Hard,all,13,2,11,0.8461538461538461,1449.697530822659
Tan H.,Hard,last_year,0,0,0,0.0,1500.0
Tan H.,Hard,last_month,0,0,0,0.0,1500.0
Tan H.,Carpet,all,0,0,0,0.0,1500.0
Tan H.,Carpet,last_year,0,0,0,0.0,1500.0
Tan H.,Carpet,last_month,0,0,0,0.0,1500.0
Tan H.,Clay,all,16,6,10,0.625,1523.2740083931635
Tan H.,Clay,last_year,0,0,0,0.0,1500.0
Tan H.,Clay,last_month,0,0,0,0.0,1500.0
Tan H.,Grass,all,5,3,2,0.4,1541.66682322377
Tan H.,Grass,last_year,0,0,0,0.0,1500.0
Tan H.,Grass,last_month,0,0,0,0.0,1500.0
Tan H.,Greenset,all,0,0,0,0.0,1500.0
Tan H.,Greenset,last_year,0,0,0,0.0,1500.0
Tan H.,Greenset,last_month,0,0,0,0.0,1500.0
Williams V.,Hard,all,364,255,109,0.29945054945054944,1467.6122317601078
Williams V.,Hard,last_year,0,0,0,0.0,1500.0
Williams V.,Hard,last_month,0,0,0,0.0,1500.0
Williams V.,Carpet,all,1,0,1,1.0,1484.0
Williams V.,Carpet,last_year,0,0,0,0.0,1500.0
Williams V.,Carpet,last_month,0,0,0,0.0,1500.0
Williams V.,Clay,all,117,72,45,0.38461538461538464,1547.275110762123
Williams V.,Clay,last_year,0,0,0,0.0,1500.0
Williams V.,Clay,last_month,0,0,0,0.0,1500.0
Williams V.,Grass,all,66,50,16,0.24242424242424243,1571.648465717968
Williams V.,Grass,last_year,0,0,0,0.0,1500.0
Williams V.,Grass,last_month,0,0,0,0.0,1500.0
Williams V.,Greenset,all,0,0,0,0.0,1500.0
Williams V.,Greenset,last_year,0,0,0,0.0,1500.0
Williams V.,Greenset,last_month,0,0,0,0.0,1500.0
Barry E.,Hard,all,1,0,1,1.0,1514.2696475574014
Barry E.,Hard,last_year,0,0,0,0.0,1500.0
Barry E.,Hard,last_month,0,0,0,0.0,1500.0
Barry E.,Carpet,all,0,0,0,0.0,1500.0
Barry E.,Carpet,last_year,0,0,0,0.0,1500.0
Barry E.,Carpet,last_month,0,0,0,0.0,1500.0
Barry E.,Clay,all,0,0,0,0.0,1500.0
Barry E.,Clay,last_year,0,0,0,0.0,1500.0
Barry E.,Clay,last_month,0,0,0,0.0,1500.0
Barry E.,Grass,all,0,0,0,0.0,1500.0
Barry E.,Grass,last_year,0,0,0,0.0,1500.0
Barry E.,Grass,last_month,0,0,0,0.0,1500.0
Barry E.,Greenset,all,0,0,0,0.0,1500.0
Barry E.,Greenset,last_year,0,0,0,0.0,1500.0
Barry E.,Greenset,last_month,0,0,0,0.0,1500.0
Witthoeft C.,Hard,all,62,29,33,0.532258064516129,1441.2635716839745
Witthoeft C.,Hard,last_year,0,0,0,0.0,1500.0
Witthoeft C.,Hard,last_month,0,0,0,0.0,1500.0
Witthoeft C.,Carpet,all,0,0,0,0.0,1500.0
Witthoeft C.,Carpet,last_year,0,0,0,0.0,1500.0
Witthoeft C.,Carpet,last_month,0,0,0,0.0,1500.0
Witthoeft C.,Clay,all,38,13,25,0.6578947368421053,1601.766192582262
Witthoeft C.,Clay,last_year,0,0,0,0.0,1500.0
Witthoeft C.,Clay,last_month,0,0,0,0.0,1500.0
Witthoeft C.,Grass,all,17,7,10,0.5882352941176471,1467.1848204403514
Witthoeft C.,Grass,last_year,0,0,0,0.0,1500.0
Witthoeft C.,Grass,last_month,0,0,0,0.0,1500.0
Witthoeft C.,Greenset,all,0,0,0,0.0,1500.0
Witthoeft C.,Greenset,last_year,0,0,0,0.0,1500.0
Witthoeft C.,Greenset,last_month,0,0,0,0.0,1500.0
Kulikova R.,Hard,all,12,6,6,0.5,1543.2884762638514
Kulikova R.,Hard,last_year,0,0,0,0.0,1500.0
Kulikova R.,Hard,last_month,0,0,0,0.0,1500.0
Kulikova R.,Carpet,all,0,0,0,0.0,1500.0
Kulikova R.,Carpet,last_year,0,0,0,0.0,1500.0
Kulikova R.,Carpet,last_month,0,0,0,0.0,1500.0
Kulikova R.,Clay,all,5,1,4,0.8,1510.6026515329675
Kulikova R.,Clay,last_year,0,0,0,0.0,1500.0
Kulikova R.,Clay,last_month,0,0,0,0.0,1500.0
Kulikova R.,Grass,all,5,4,1,0.8,1513.7327701092515
Kulikova R.,Grass,last_year,0,0,0,0.0,1500.0
Kulikova R.,Grass,last_month,0,0,0,0.0,1500.0
Kulikova R.,Greenset,all,0,0,0,0.0,1500.0
Kulikova R.,Greenset,last_year,0,0,0,0.0,1500.0
Kulikova R.,Greenset,last_month,0,0,0,0.0,1500.0
Jorovic I.,Hard,all,14,4,10,0.7142857142857143,1548.6387034584973
Jorovic I.,Hard,last_year,0,0,0,0.0,1500.0
Jorovic I.,Hard,last_month,0,0,0,0.0,1500.0
Jorovic I.,Carpet,all,0,0,0,0.0,1500.0
Jorovic I.,Carpet,last_year,0,0,0,0.0,1500.0
Jorovic I.,Carpet,last_month,0,0,0,0.0,1500.0
Jorovic I.,Clay,all,9,2,7,0.7777777777777778,1479.696412500345
Jorovic I.,Clay,last_year,0,0,0,0.0,1500.0
Jorovic I.,Clay,last_month,0,0,0,0.0,1500.0
Jorovic I.,Grass,all,4,2,2,0.5,1523.8872332116478
Jorovic I.,Grass,last_year,0,0,0,0.0,1500.0
Jorovic I.,Grass,last_month,0,0,0,0.0,1500.0
Jorovic I.,Greenset,all,0,0,0,0.0,1500.0
Jorovic I.,Greenset,last_year,0,0,0,0.0,1500.0
Jorovic I.,Greenset,last_month,0,0,0,0.0,1500.0
In-Albon Y.,Hard,all,1,0,1,1.0,1516.0
In-Albon Y.,Hard,last_year,0,0,0,0.0,1500.0
In-Albon Y.,Hard,last_month,0,0,0,0.0,1500.0
In-Albon Y.,Carpet,all,0,0,0,0.0,1500.0
In-Albon Y.,Carpet,last_year,0,0,0,0.0,1500.0
In-Albon Y.,Carpet,last_month,0,0,0,0.0,1500.0
In-Albon Y.,Clay,all,7,0,7,1.0,1484.1685060978336
In-Albon Y.,Clay,last_year,0,0,0,0.0,1500.0
In-Albon Y.,Clay,last_month,0,0,0,0.0,1500.0
In-Albon Y.,Grass,all,1,0,1,1.0,1484.1148595294248
In-Albon Y.,Grass,last_year,0,0,0,0.0,1500.0
In-Albon Y.,Grass,last_month,0,0,0,0.0,1500.0
In-Albon Y.,Greenset,all,0,0,0,0.0,1500.0
In-Albon Y.,Greenset,last_year,0,0,0,0.0,1500.0
In-Albon Y.,Greenset,last_month,0,0,0,0.0,1500.0
Berberovic N.,Hard,all,0,0,0,0.0,1500.0
Berberovic N.,Hard,last_year,0,0,0,0.0,1500.0
Berberovic N.,Hard,last_month,0,0,0,0.0,1500.0
Berberovic N.,Carpet,all,0,0,0,0.0,1500.0
Berberovic N.,Carpet,last_year,0,0,0,0.0,1500.0
Berberovic N.,Carpet,last_month,0,0,0,0.0,1500.0
Berberovic N.,Clay,all,2,1,1,0.5,1472.5346944265577
Berberovic N.,Clay,last_year,0,0,0,0.0,1500.0
Berberovic N.,Clay,last_month,0,0,0,0.0,1500.0
Berberovic N.,Grass,all,0,0,0,0.0,1500.0
Berberovic N.,Grass,last_year,0,0,0,0.0,1500.0
Berberovic N.,Grass,last_month,0,0,0,0.0,1500.0
Berberovic N.,Greenset,all,0,0,0,0.0,1500.0
Berberovic N.,Greenset,last_year,0,0,0,0.0,1500.0
Berberovic N.,Greenset,last_month,0,0,0,0.0,1500.0
Starr E.,Hard,all,1,0,1,1.0,1515.2244519421788
Starr E.,Hard,last_year,0,0,0,0.0,1500.0
Starr E.,Hard,last_month,0,0,0,0.0,1500.0
Starr E.,Carpet,all,0,0,0,0.0,1500.0
Starr E.,Carpet,last_year,0,0,0,0.0,1500.0
Starr E.,Carpet,last_month,0,0,0,0.0,1500.0
Starr E.,Clay,all,0,0,0,0.0,1500.0
Starr E.,Clay,last_year,0,0,0,0.0,1500.0
Starr E.,Clay,last_month,0,0,0,0.0,1500.0
Starr E.,Grass,all,0,0,0,0.0,1500.0
Starr E.,Grass,last_year,0,0,0,0.0,1500.0
Starr E.,Grass,last_month,0,0,0,0.0,1500.0
Starr E.,Greenset,all,0,0,0,0.0,1500.0
Starr E.,Greenset,last_year,0,0,0,0.0,1500.0
Starr E.,Greenset,last_month,0,0,0,0.0,1500.0
Grandin N.,Hard,all,3,0,3,1.0,1483.3251513207479
Grandin N.,Hard,last_year,0,0,0,0.0,1500.0
Grandin N.,Hard,last_month,0,0,0,0.0,1500.0
Grandin N.,Carpet,all,0,0,0,0.0,1500.0
Grandin N.,Carpet,last_year,0,0,0,0.0,1500.0
Grandin N.,Carpet,last_month,0,0,0,0.0,1500.0
Grandin N.,Clay,all,0,0,0,0.0,1500.0
Grandin N.,Clay,last_year,0,0,0,0.0,1500.0
Grandin N.,Clay,last_month,0,0,0,0.0,1500.0
Grandin N.,Grass,all,0,0,0,0.0,1500.0
Grandin N.,Grass,last_year,0,0,0,0.0,1500.0
Grandin N.,Grass,last_month,0,0,0,0.0,1500.0
Grandin N.,Greenset,all,0,0,0,0.0,1500.0
Grandin N.,Greenset,last_year,0,0,0,0.0,1500.0
Grandin N.,Greenset,last_month,0,0,0,0.0,1500.0
Kleybanova A.,Hard,all,132,76,56,0.5757575757575758,1480.2915824353126
Kleybanova A.,Hard,last_year,0,0,0,0.0,1500.0
Kleybanova A.,Hard,last_month,0,0,0,0.0,1500.0
Kleybanova A.,Carpet,all,2,1,1,0.5,1470.6127141166894
Kleybanova A.,Carpet,last_year,0,0,0,0.0,1500.0
Kleybanova A.,Carpet,last_month,0,0,0,0.0,1500.0
Kleybanova A.,Clay,all,42,21,21,0.5,1492.7654950181623
Kleybanova A.,Clay,last_year,0,0,0,0.0,1500.0
Kleybanova A.,Clay,last_month,0,0,0,0.0,1500.0
Kleybanova A.,Grass,all,15,8,7,0.4666666666666667,1538.7934445141925
Kleybanova A.,Grass,last_year,0,0,0,0.0,1500.0
Kleybanova A.,Grass,last_month,0,0,0,0.0,1500.0
Kleybanova A.,Greenset,all,0,0,0,0.0,1500.0
Kleybanova A.,Greenset,last_year,0,0,0,0.0,1500.0
Kleybanova A.,Greenset,last_month,0,0,0,0.0,1500.0
Hsieh S.,Hard,all,0,0,0,0.0,1500.0
Hsieh S.,Hard,last_year,0,0,0,0.0,1500.0
Hsieh S.,Hard,last_month,0,0,0,0.0,1500.0
Hsieh S.,Carpet,all,0,0,0,0.0,1500.0
Hsieh S.,Carpet,last_year,0,0,0,0.0,1500.0
Hsieh S.,Carpet,last_month,0,0,0,0.0,1500.0
Hsieh S.,Clay,all,0,0,0,0.0,1500.0
Hsieh S.,Clay,last_year,0,0,0,0.0,1500.0
Hsieh S.,Clay,last_month,0,0,0,0.0,1500.0
Hsieh S.,Grass,all,1,0,1,1.0,1516.0
Hsieh S.,Grass,last_year,0,0,0,0.0,1500.0
Hsieh S.,Grass,last_month,0,0,0,0.0,1500.0
Hsieh S.,Greenset,all,0,0,0,0.0,1500.0
Hsieh S.,Greenset,last_year,0,0,0,0.0,1500.0
Hsieh S.,Greenset,last_month,0,0,0,0.0,1500.0
Olaru I.R.,Hard,all,1,0,1,1.0,1517.9252723565073
Olaru I.R.,Hard,last_year,0,0,0,0.0,1500.0
Olaru I.R.,Hard,last_month,0,0,0,0.0,1500.0
Olaru I.R.,Carpet,all,0,0,0,0.0,1500.0
Olaru I.R.,Carpet,last_year,0,0,0,0.0,1500.0
Olaru I.R.,Carpet,last_month,0,0,0,0.0,1500.0
Olaru I.R.,Clay,all,1,0,1,1.0,1488.456877951127
Olaru I.R.,Clay,last_year,0,0,0,0.0,1500.0
Olaru I.R.,Clay,last_month,0,0,0,0.0,1500.0
Olaru I.R.,Grass,all,0,0,0,0.0,1500.0
Olaru I.R.,Grass,last_year,0,0,0,0.0,1500.0
Olaru I.R.,Grass,last_month,0,0,0,0.0,1500.0
Olaru I.R.,Greenset,all,0,0,0,0.0,1500.0
Olaru I.R.,Greenset,last_year,0,0,0,0.0,1500.0
Olaru I.R.,Greenset,last_month,0,0,0,0.0,1500.0
Jeanjean L.,Hard,all,8,0,8,1.0,1467.1108422037032
Jeanjean L.,Hard,last_year,2,0,2,1.0,1470.190494872881
Jeanjean L.,Hard,last_month,0,0,0,0.0,1500.0
Jeanjean L.,Carpet,all,0,0,0,0.0,1500.0
Jeanjean L.,Carpet,last_year,0,0,0,0.0,1500.0
Jeanjean L.,Carpet,last_month,0,0,0,0.0,1500.0
Jeanjean L.,Clay,all,16,7,9,0.5625,1508.8147646351501
Jeanjean L.,Clay,last_year,4,2,2,0.5,1528.601642600964
Jeanjean L.,Clay,last_month,0,0,0,0.0,1500.0
Jeanjean L.,Grass,all,3,0,3,1.0,1512.4641959854623
Jeanjean L.,Grass,last_year,1,0,1,1.0,1514.2076699612355
Jeanjean L.,Grass,last_month,1,0,1,1.0,1516.0
Jeanjean L.,Greenset,all,0,0,0,0.0,1500.0
Jeanjean L.,Greenset,last_year,0,0,0,0.0,1500.0
Jeanjean L.,Greenset,last_month,0,0,0,0.0,1500.0
Udvardy P.,Hard,all,10,2,8,0.8,1521.8974077358796
Udvardy P.,Hard,last_year,0,0,0,0.0,1500.0
Udvardy P.,Hard,last_month,0,0,0,0.0,1500.0
Udvardy P.,Carpet,all,0,0,0,0.0,1500.0
Udvardy P.,Carpet,last_year,0,0,0,0.0,1500.0
Udvardy P.,Carpet,last_month,0,0,0,0.0,1500.0
Udvardy P.,Clay,all,16,4,12,0.75,1533.4142614531727
Udvardy P.,Clay,last_year,1,0,1,1.0,1515.8725093609805
Udvardy P.,Clay,last_month,0,0,0,0.0,1500.0
Udvardy P.,Grass,all,5,1,4,0.8,1481.0319518540807
Udvardy P.,Grass,last_year,1,0,1,1.0,1484.0
Udvardy P.,Grass,last_month,0,0,0,0.0,1500.0
Udvardy P.,Greenset,all,0,0,0,0.0,1500.0
Udvardy P.,Greenset,last_year,0,0,0,0.0,1500.0
Udvardy P.,Greenset,last_month,0,0,0,0.0,1500.0
Goerges J.,Hard,all,341,190,151,0.44281524926686217,1522.250232024068
Goerges J.,Hard,last_year,0,0,0,0.0,1500.0
Goerges J.,Hard,last_month,0,0,0,0.0,1500.0
Goerges J.,Carpet,all,0,0,0,0.0,1500.0
Goerges J.,Carpet,last_year,0,0,0,0.0,1500.0
Goerges J.,Carpet,last_month,0,0,0,0.0,1500.0
Goerges J.,Clay,all,149,84,65,0.436241610738255,1445.6680252844374
Goerges J.,Clay,last_year,0,0,0,0.0,1500.0
Goerges J.,Clay,last_month,0,0,0,0.0,1500.0
Goerges J.,Grass,all,43,24,19,0.4418604651162791,1541.1377233994274
Goerges J.,Grass,last_year,0,0,0,0.0,1500.0
Goerges J.,Grass,last_month,0,0,0,0.0,1500.0
Goerges J.,Greenset,all,0,0,0,0.0,1500.0
Goerges J.,Greenset,last_year,0,0,0,0.0,1500.0
Goerges J.,Greenset,last_month,0,0,0,0.0,1500.0
Krunic A.,Hard,all,106,40,66,0.6226415094339622,1508.8431150287372
Krunic A.,Hard,last_year,2,0,2,1.0,1468.6090478113936
Krunic A.,Hard,last_month,0,0,0,0.0,1500.0
Krunic A.,Carpet,all,0,0,0,0.0,1500.0
Krunic A.,Carpet,last_year,0,0,0,0.0,1500.0
Krunic A.,Carpet,last_month,0,0,0,0.0,1500.0
Krunic A.,Clay,all,61,23,38,0.6229508196721312,1386.4590723430404
Krunic A.,Clay,last_year,2,0,2,1.0,1499.846807914916
Krunic A.,Clay,last_month,0,0,0,0.0,1500.0
Krunic A.,Grass,all,25,13,12,0.48,1540.8991024504514
Krunic A.,Grass,last_year,0,0,0,0.0,1500.0
Krunic A.,Grass,last_month,0,0,0,0.0,1500.0
Krunic A.,Greenset,all,0,0,0,0.0,1500.0
Krunic A.,Greenset,last_year,0,0,0,0.0,1500.0
Krunic A.,Greenset,last_month,0,0,0,0.0,1500.0
Jackson J.,Hard,all,9,1,8,0.8888888888888888,1530.5597869609883
Jackson J.,Hard,last_year,0,0,0,0.0,1500.0
Jackson J.,Hard,last_month,0,0,0,0.0,1500.0
Jackson J.,Carpet,all,0,0,0,0.0,1500.0
Jackson J.,Carpet,last_year,0,0,0,0.0,1500.0
Jackson J.,Carpet,last_month,0,0,0,0.0,1500.0
Jackson J.,Clay,all,1,0,1,1.0,1516.164461114575
Jackson J.,Clay,last_year,0,0,0,0.0,1500.0
Jackson J.,Clay,last_month,0,0,0,0.0,1500.0
Jackson J.,Grass,all,2,0,2,1.0,1499.9452156408445
Jackson J.,Grass,last_year,0,0,0,0.0,1500.0
Jackson J.,Grass,last_month,0,0,0,0.0,1500.0
Jackson J.,Greenset,all,0,0,0,0.0,1500.0
Jackson J.,Greenset,last_year,0,0,0,0.0,1500.0
Jackson J.,Greenset,last_month,0,0,0,0.0,1500.0
Keothavong A.,Hard,all,66,28,38,0.5757575757575758,1497.1501419055812
Keothavong A.,Hard,last_year,0,0,0,0.0,1500.0
Keothavong A.,Hard,last_month,0,0,0,0.0,1500.0
Keothavong A.,Carpet,all,0,0,0,0.0,1500.0
Keothavong A.,Carpet,last_year,0,0,0,0.0,1500.0
Keothavong A.,Carpet,last_month,0,0,0,0.0,1500.0
Keothavong A.,Clay,all,18,6,12,0.6666666666666666,1564.4425018222994
Keothavong A.,Clay,last_year,0,0,0,0.0,1500.0
Keothavong A.,Clay,last_month,0,0,0,0.0,1500.0
Keothavong A.,Grass,all,24,6,18,0.75,1540.3206038316291
Keothavong A.,Grass,last_year,0,0,0,0.0,1500.0
Keothavong A.,Grass,last_month,0,0,0,0.0,1500.0
Keothavong A.,Greenset,all,4,3,1,0.25,1533.3987125042054
Keothavong A.,Greenset,last_year,0,0,0,0.0,1500.0
Keothavong A.,Greenset,last_month,0,0,0,0.0,1500.0
Radwanska U.,Hard,all,153,69,84,0.5490196078431373,1456.5988793852334
Radwanska U.,Hard,last_year,0,0,0,0.0,1500.0
Radwanska U.,Hard,last_month,0,0,0,0.0,1500.0
Radwanska U.,Carpet,all,0,0,0,0.0,1500.0
Radwanska U.,Carpet,last_year,0,0,0,0.0,1500.0
Radwanska U.,Carpet,last_month,0,0,0,0.0,1500.0
Radwanska U.,Clay,all,33,10,23,0.696969696969697,1529.7382932467565
Radwanska U.,Clay,last_year,0,0,0,0.0,1500.0
Radwanska U.,Clay,last_month,0,0,0,0.0,1500.0
Radwanska U.,Grass,all,28,13,15,0.5357142857142857,1567.313955869275
Radwanska U.,Grass,last_year,0,0,0,0.0,1500.0
Radwanska U.,Grass,last_month,0,0,0,0.0,1500.0
Radwanska U.,Greenset,all,0,0,0,0.0,1500.0
Radwanska U.,Greenset,last_year,0,0,0,0.0,1500.0
Radwanska U.,Greenset,last_month,0,0,0,0.0,1500.0
Eguchi M.,Hard,all,19,6,13,0.6842105263157895,1497.6195588993808
Eguchi M.,Hard,last_year,0,0,0,0.0,1500.0
Eguchi M.,Hard,last_month,0,0,0,0.0,1500.0
Eguchi M.,Carpet,all,0,0,0,0.0,1500.0
Eguchi M.,Carpet,last_year,0,0,0,0.0,1500.0
Eguchi M.,Carpet,last_month,0,0,0,0.0,1500.0
Eguchi M.,Clay,all,2,1,1,0.5,1531.3555824864602
Eguchi M.,Clay,last_year,0,0,0,0.0,1500.0
Eguchi M.,Clay,last_month,0,0,0,0.0,1500.0
Eguchi M.,Grass,all,0,0,0,0.0,1500.0
Eguchi M.,Grass,last_year,0,0,0,0.0,1500.0
Eguchi M.,Grass,last_month,0,0,0,0.0,1500.0
Eguchi M.,Greenset,all,0,0,0,0.0,1500.0
Eguchi M.,Greenset,last_year,0,0,0,0.0,1500.0
Eguchi M.,Greenset,last_month,0,0,0,0.0,1500.0
Minella M.,Hard,all,77,25,52,0.6753246753246753,1475.1494302389258
Minella M.,Hard,last_year,0,0,0,0.0,1500.0
Minella M.,Hard,last_month,0,0,0,0.0,1500.0
Minella M.,Carpet,all,0,0,0,0.0,1500.0
Minella M.,Carpet,last_year,0,0,0,0.0,1500.0
Minella M.,Carpet,last_month,0,0,0,0.0,1500.0
Minella M.,Clay,all,57,22,35,0.6140350877192983,1572.5203375811825
Minella M.,Clay,last_year,0,0,0,0.0,1500.0
Minella M.,Clay,last_month,0,0,0,0.0,1500.0
Minella M.,Grass,all,8,0,8,1.0,1494.4008756025455
Minella M.,Grass,last_year,0,0,0,0.0,1500.0
Minella M.,Grass,last_month,0,0,0,0.0,1500.0
Minella M.,Greenset,all,0,0,0,0.0,1500.0
Minella M.,Greenset,last_year,0,0,0,0.0,1500.0
Minella M.,Greenset,last_month,0,0,0,0.0,1500.0
Danilovic O.,Hard,all,27,11,16,0.5925925925925926,1510.9606924244126
Danilovic O.,Hard,last_year,13,8,5,0.38461538461538464,1524.5817603561734
Danilovic O.,Hard,last_month,0,0,0,0.0,1500.0
Danilovic O.,Carpet,all,0,0,0,0.0,1500.0
Danilovic O.,Carpet,last_year,0,0,0,0.0,1500.0
Danilovic O.,Carpet,last_month,0,0,0,0.0,1500.0
Danilovic O.,Clay,all,48,31,17,0.3541666666666667,1506.1539665132339
Danilovic O.,Clay,last_year,17,11,6,0.35294117647058826,1498.1337619362782
Danilovic O.,Clay,last_month,0,0,0,0.0,1500.0
Danilovic O.,Grass,all,5,1,4,0.8,1478.9030260470204
Danilovic O.,Grass,last_year,5,1,4,0.8,1482.0086355612452
Danilovic O.,Grass,last_month,4,1,3,0.75,1497.380762582523
Danilovic O.,Greenset,all,0,0,0,0.0,1500.0
Danilovic O.,Greenset,last_year,0,0,0,0.0,1500.0
Danilovic O.,Greenset,last_month,0,0,0,0.0,1500.0
Ferrer Suarez I,Hard,all,0,0,0,0.0,1500.0
Ferrer Suarez I,Hard,last_year,0,0,0,0.0,1500.0
Ferrer Suarez I,Hard,last_month,0,0,0,0.0,1500.0
Ferrer Suarez I,Carpet,all,0,0,0,0.0,1500.0
Ferrer Suarez I,Carpet,last_year,0,0,0,0.0,1500.0
Ferrer Suarez I,Carpet,last_month,0,0,0,0.0,1500.0
Ferrer Suarez I,Clay,all,1,0,1,1.0,1484.9328800733342
Ferrer Suarez I,Clay,last_year,0,0,0,0.0,1500.0
Ferrer Suarez I,Clay,last_month,0,0,0,0.0,1500.0
Ferrer Suarez I,Grass,all,0,0,0,0.0,1500.0
Ferrer Suarez I,Grass,last_year,0,0,0,0.0,1500.0
Ferrer Suarez I,Grass,last_month,0,0,0,0.0,1500.0
Ferrer Suarez I,Greenset,all,0,0,0,0.0,1500.0
Ferrer Suarez I,Greenset,last_year,0,0,0,0.0,1500.0
Ferrer Suarez I,Greenset,last_month,0,0,0,0.0,1500.0
Bektas E.,Hard,all,13,3,10,0.7692307692307693,1529.393493901553
Bektas E.,Hard,last_year,3,0,3,1.0,1519.0899567865438
Bektas E.,Hard,last_month,0,0,0,0.0,1500.0
Bektas E.,Carpet,all,0,0,0,0.0,1500.0
Bektas E.,Carpet,last_year,0,0,0,0.0,1500.0
Bektas E.,Carpet,last_month,0,0,0,0.0,1500.0
Bektas E.,Clay,all,3,1,2,0.6666666666666666,1455.928540929731
Bektas E.,Clay,last_year,2,1,1,0.5,1469.4695015289756
Bektas E.,Clay,last_month,0,0,0,0.0,1500.0
Bektas E.,Grass,all,9,4,5,0.5555555555555556,1519.6426702160657
Bektas E.,Grass,last_year,1,0,1,1.0,1484.0
Bektas E.,Grass,last_month,0,0,0,0.0,1500.0
Bektas E.,Greenset,all,0,0,0,0.0,1500.0
Bektas E.,Greenset,last_year,0,0,0,0.0,1500.0
Bektas E.,Greenset,last_month,0,0,0,0.0,1500.0
Jurikova L.,Hard,all,0,0,0,0.0,1500.0
Jurikova L.,Hard,last_year,0,0,0,0.0,1500.0
Jurikova L.,Hard,last_month,0,0,0,0.0,1500.0
Jurikova L.,Carpet,all,0,0,0,0.0,1500.0
Jurikova L.,Carpet,last_year,0,0,0,0.0,1500.0
Jurikova L.,Carpet,last_month,0,0,0,0.0,1500.0
Jurikova L.,Clay,all,3,0,3,1.0,1454.8239517679804
Jurikova L.,Clay,last_year,0,0,0,0.0,1500.0
Jurikova L.,Clay,last_month,0,0,0,0.0,1500.0
Jurikova L.,Grass,all,0,0,0,0.0,1500.0
Jurikova L.,Grass,last_year,0,0,0,0.0,1500.0
Jurikova L.,Grass,last_month,0,0,0,0.0,1500.0
Jurikova L.,Greenset,all,0,0,0,0.0,1500.0
Jurikova L.,Greenset,last_year,0,0,0,0.0,1500.0
Jurikova L.,Greenset,last_month,0,0,0,0.0,1500.0
Munoz D.,Hard,all,0,0,0,0.0,1500.0
Munoz D.,Hard,last_year,0,0,0,0.0,1500.0
Munoz D.,Hard,last_month,0,0,0,0.0,1500.0
Munoz D.,Carpet,all,0,0,0,0.0,1500.0
Munoz D.,Carpet,last_year,0,0,0,0.0,1500.0
Munoz D.,Carpet,last_month,0,0,0,0.0,1500.0
Munoz D.,Clay,all,1,0,1,1.0,1484.736306793522
Munoz D.,Clay,last_year,0,0,0,0.0,1500.0
Munoz D.,Clay,last_month,0,0,0,0.0,1500.0
Munoz D.,Grass,all,0,0,0,0.0,1500.0
Munoz D.,Grass,last_year,0,0,0,0.0,1500.0
Munoz D.,Grass,last_month,0,0,0,0.0,1500.0
Munoz D.,Greenset,all,0,0,0,0.0,1500.0
Munoz D.,Greenset,last_year,0,0,0,0.0,1500.0
Munoz D.,Greenset,last_month,0,0,0,0.0,1500.0
South M.,Hard,all,6,1,5,0.8333333333333334,1525.7280205169045
South M.,Hard,last_year,0,0,0,0.0,1500.0
South M.,Hard,last_month,0,0,0,0.0,1500.0
South M.,Carpet,all,0,0,0,0.0,1500.0
South M.,Carpet,last_year,0,0,0,0.0,1500.0
South M.,Carpet,last_month,0,0,0,0.0,1500.0
South M.,Clay,all,1,0,1,1.0,1515.9192448746658
South M.,Clay,last_year,0,0,0,0.0,1500.0
South M.,Clay,last_month,0,0,0,0.0,1500.0
South M.,Grass,all,18,6,12,0.6666666666666666,1536.7980529221718
South M.,Grass,last_year,0,0,0,0.0,1500.0
South M.,Grass,last_month,0,0,0,0.0,1500.0
South M.,Greenset,all,0,0,0,0.0,1500.0
South M.,Greenset,last_year,0,0,0,0.0,1500.0
South M.,Greenset,last_month,0,0,0,0.0,1500.0
Peer S.,Hard,all,249,145,104,0.41767068273092367,1466.9782849370629
Peer S.,Hard,last_year,0,0,0,0.0,1500.0
Peer S.,Hard,last_month,0,0,0,0.0,1500.0
Peer S.,Carpet,all,1,0,1,1.0,1516.0
Peer S.,Carpet,last_year,0,0,0,0.0,1500.0
Peer S.,Carpet,last_month,0,0,0,0.0,1500.0
Peer S.,Clay,all,83,42,41,0.4939759036144578,1463.9851145813511
Peer S.,Clay,last_year,0,0,0,0.0,1500.0
Peer S.,Clay,last_month,0,0,0,0.0,1500.0
Peer S.,Grass,all,24,11,13,0.5416666666666666,1460.3651831639752
Peer S.,Grass,last_year,0,0,0,0.0,1500.0
Peer S.,Grass,last_month,0,0,0,0.0,1500.0
Peer S.,Greenset,all,0,0,0,0.0,1500.0
Peer S.,Greenset,last_year,0,0,0,0.0,1500.0
Peer S.,Greenset,last_month,0,0,0,0.0,1500.0
Joint M.,Hard,all,16,8,8,0.5,1456.9982567915133
Joint M.,Hard,last_year,16,8,8,0.5,1452.8898734621034
Joint M.,Hard,last_month,0,0,0,0.0,1500.0
Joint M.,Carpet,all,0,0,0,0.0,1500.0
Joint M.,Carpet,last_year,0,0,0,0.0,1500.0
Joint M.,Carpet,last_month,0,0,0,0.0,1500.0
Joint M.,Clay,all,8,5,3,0.375,1463.771080731535
Joint M.,Clay,last_year,8,5,3,0.375,1464.8498197431065
Joint M.,Clay,last_month,0,0,0,0.0,1500.0
Joint M.,Grass,all,6,5,1,0.16666666666666666,1533.4063555700354
Joint M.,Grass,last_year,6,5,1,0.16666666666666666,1527.6057185462435
Joint M.,Grass,last_month,6,5,1,0.16666666666666666,1527.048611249121
Joint M.,Greenset,all,0,0,0,0.0,1500.0
Joint M.,Greenset,last_year,0,0,0,0.0,1500.0
Joint M.,Greenset,last_month,0,0,0,0.0,1500.0
Raymond L.,Hard,all,1,0,1,1.0,1484.0
Raymond L.,Hard,last_year,0,0,0,0.0,1500.0
Raymond L.,Hard,last_month,0,0,0,0.0,1500.0
Raymond L.,Carpet,all,0,0,0,0.0,1500.0
Raymond L.,Carpet,last_year,0,0,0,0.0,1500.0
Raymond L.,Carpet,last_month,0,0,0,0.0,1500.0
Raymond L.,Clay,all,0,0,0,0.0,1500.0
Raymond L.,Clay,last_year,0,0,0,0.0,1500.0
Raymond L.,Clay,last_month,0,0,0,0.0,1500.0
Raymond L.,Grass,all,0,0,0,0.0,1500.0
Raymond L.,Grass,last_year,0,0,0,0.0,1500.0
Raymond L.,Grass,last_month,0,0,0,0.0,1500.0
Raymond L.,Greenset,all,0,0,0,0.0,1500.0
Raymond L.,Greenset,last_year,0,0,0,0.0,1500.0
Raymond L.,Greenset,last_month,0,0,0,0.0,1500.0
Pivovarova A.,Hard,all,15,1,14,0.9333333333333333,1447.2699461356474
Pivovarova A.,Hard,last_year,0,0,0,0.0,1500.0
Pivovarova A.,Hard,last_month,0,0,0,0.0,1500.0
Pivovarova A.,Carpet,all,0,0,0,0.0,1500.0
Pivovarova A.,Carpet,last_year,0,0,0,0.0,1500.0
Pivovarova A.,Carpet,last_month,0,0,0,0.0,1500.0
Pivovarova A.,Clay,all,16,6,10,0.625,1548.3809964334177
Pivovarova A.,Clay,last_year,0,0,0,0.0,1500.0
Pivovarova A.,Clay,last_month,0,0,0,0.0,1500.0
Pivovarova A.,Grass,all,2,0,2,1.0,1470.5083496048712
Pivovarova A.,Grass,last_year,0,0,0,0.0,1500.0
Pivovarova A.,Grass,last_month,0,0,0,0.0,1500.0
Pivovarova A.,Greenset,all,0,0,0,0.0,1500.0
Pivovarova A.,Greenset,last_year,0,0,0,0.0,1500.0
Pivovarova A.,Greenset,last_month,0,0,0,0.0,1500.0
Pella C.,Hard,all,2,1,1,0.5,1535.9635917810172
Pella C.,Hard,last_year,0,0,0,0.0,1500.0
Pella C.,Hard,last_month,0,0,0,0.0,1500.0
Pella C.,Carpet,all,0,0,0,0.0,1500.0
Pella C.,Carpet,last_year,0,0,0,0.0,1500.0
Pella C.,Carpet,last_month,0,0,0,0.0,1500.0
Pella C.,Clay,all,3,2,1,0.3333333333333333,1451.4206620018997
Pella C.,Clay,last_year,0,0,0,0.0,1500.0
Pella C.,Clay,last_month,0,0,0,0.0,1500.0
Pella C.,Grass,all,0,0,0,0.0,1500.0
Pella C.,Grass,last_year,0,0,0,0.0,1500.0
Pella C.,Grass,last_month,0,0,0,0.0,1500.0
Pella C.,Greenset,all,0,0,0,0.0,1500.0
Pella C.,Greenset,last_year,0,0,0,0.0,1500.0
Pella C.,Greenset,last_month,0,0,0,0.0,1500.0
Viratprasert S.,Hard,all,1,0,1,1.0,1516.973811285838
Viratprasert S.,Hard,last_year,0,0,0,0.0,1500.0
Viratprasert S.,Hard,last_month,0,0,0,0.0,1500.0
Viratprasert S.,Carpet,all,0,0,0,0.0,1500.0
Viratprasert S.,Carpet,last_year,0,0,0,0.0,1500.0
Viratprasert S.,Carpet,last_month,0,0,0,0.0,1500.0
Viratprasert S.,Clay,all,0,0,0,0.0,1500.0
Viratprasert S.,Clay,last_year,0,0,0,0.0,1500.0
Viratprasert S.,Clay,last_month,0,0,0,0.0,1500.0
Viratprasert S.,Grass,all,0,0,0,0.0,1500.0
Viratprasert S.,Grass,last_year,0,0,0,0.0,1500.0
Viratprasert S.,Grass,last_month,0,0,0,0.0,1500.0
Viratprasert S.,Greenset,all,0,0,0,0.0,1500.0
Viratprasert S.,Greenset,last_year,0,0,0,0.0,1500.0
Viratprasert S.,Greenset,last_month,0,0,0,0.0,1500.0
Prisacariu A.,Hard,all,1,0,1,1.0,1484.523322404724
Prisacariu A.,Hard,last_year,0,0,0,0.0,1500.0
Prisacariu A.,Hard,last_month,0,0,0,0.0,1500.0
Prisacariu A.,Carpet,all,0,0,0,0.0,1500.0
Prisacariu A.,Carpet,last_year,0,0,0,0.0,1500.0
Prisacariu A.,Carpet,last_month,0,0,0,0.0,1500.0
Prisacariu A.,Clay,all,0,0,0,0.0,1500.0
Prisacariu A.,Clay,last_year,0,0,0,0.0,1500.0
Prisacariu A.,Clay,last_month,0,0,0,0.0,1500.0
Prisacariu A.,Grass,all,0,0,0,0.0,1500.0
Prisacariu A.,Grass,last_year,0,0,0,0.0,1500.0
Prisacariu A.,Grass,last_month,0,0,0,0.0,1500.0
Prisacariu A.,Greenset,all,0,0,0,0.0,1500.0
Prisacariu A.,Greenset,last_year,0,0,0,0.0,1500.0
Prisacariu A.,Greenset,last_month,0,0,0,0.0,1500.0
Parmentier P.,Hard,all,153,61,92,0.6013071895424836,1548.474706912445
Parmentier P.,Hard,last_year,0,0,0,0.0,1500.0
Parmentier P.,Hard,last_month,0,0,0,0.0,1500.0
Parmentier P.,Carpet,all,0,0,0,0.0,1500.0
Parmentier P.,Carpet,last_year,0,0,0,0.0,1500.0
Parmentier P.,Carpet,last_month,0,0,0,0.0,1500.0
Parmentier P.,Clay,all,123,52,71,0.5772357723577236,1496.2488113904114
Parmentier P.,Clay,last_year,0,0,0,0.0,1500.0
Parmentier P.,Clay,last_month,0,0,0,0.0,1500.0
Parmentier P.,Grass,all,21,4,17,0.8095238095238095,1444.1335391362882
Parmentier P.,Grass,last_year,0,0,0,0.0,1500.0
Parmentier P.,Grass,last_month,0,0,0,0.0,1500.0
Parmentier P.,Greenset,all,0,0,0,0.0,1500.0
Parmentier P.,Greenset,last_year,0,0,0,0.0,1500.0
Parmentier P.,Greenset,last_month,0,0,0,0.0,1500.0
Lucic M.,Hard,all,71,28,43,0.6056338028169014,1475.9896711673193
Lucic M.,Hard,last_year,0,0,0,0.0,1500.0
Lucic M.,Hard,last_month,0,0,0,0.0,1500.0
Lucic M.,Carpet,all,0,0,0,0.0,1500.0
Lucic M.,Carpet,last_year,0,0,0,0.0,1500.0
Lucic M.,Carpet,last_month,0,0,0,0.0,1500.0
Lucic M.,Clay,all,40,17,23,0.575,1517.2404472313403
Lucic M.,Clay,last_year,0,0,0,0.0,1500.0
Lucic M.,Clay,last_month,0,0,0,0.0,1500.0
Lucic M.,Grass,all,25,12,13,0.52,1582.4887337031694
Lucic M.,Grass,last_year,0,0,0,0.0,1500.0
Lucic M.,Grass,last_month,0,0,0,0.0,1500.0
Lucic M.,Greenset,all,0,0,0,0.0,1500.0
Lucic M.,Greenset,last_year,0,0,0,0.0,1500.0
Lucic M.,Greenset,last_month,0,0,0,0.0,1500.0
Robbe A.,Hard,all,0,0,0,0.0,1500.0
Robbe A.,Hard,last_year,0,0,0,0.0,1500.0
Robbe A.,Hard,last_month,0,0,0,0.0,1500.0
Robbe A.,Carpet,all,0,0,0,0.0,1500.0
Robbe A.,Carpet,last_year,0,0,0,0.0,1500.0
Robbe A.,Carpet,last_month,0,0,0,0.0,1500.0
Robbe A.,Clay,all,1,0,1,1.0,1515.9145685245592
Robbe A.,Clay,last_year,0,0,0,0.0,1500.0
Robbe A.,Clay,last_month,0,0,0,0.0,1500.0
Robbe A.,Grass,all,0,0,0,0.0,1500.0
Robbe A.,Grass,last_year,0,0,0,0.0,1500.0
Robbe A.,Grass,last_month,0,0,0,0.0,1500.0
Robbe A.,Greenset,all,0,0,0,0.0,1500.0
Robbe A.,Greenset,last_year,0,0,0,0.0,1500.0
Robbe A.,Greenset,last_month,0,0,0,0.0,1500.0
Mokh M.,Hard,all,1,0,1,1.0,1482.8115658847275
Mokh M.,Hard,last_year,0,0,0,0.0,1500.0
Mokh M.,Hard,last_month,0,0,0,0.0,1500.0
Mokh M.,Carpet,all,0,0,0,0.0,1500.0
Mokh M.,Carpet,last_year,0,0,0,0.0,1500.0
Mokh M.,Carpet,last_month,0,0,0,0.0,1500.0
Mokh M.,Clay,all,0,0,0,0.0,1500.0
Mokh M.,Clay,last_year,0,0,0,0.0,1500.0
Mokh M.,Clay,last_month,0,0,0,0.0,1500.0
Mokh M.,Grass,all,0,0,0,0.0,1500.0
Mokh M.,Grass,last_year,0,0,0,0.0,1500.0
Mokh M.,Grass,last_month,0,0,0,0.0,1500.0
Mokh M.,Greenset,all,0,0,0,0.0,1500.0
Mokh M.,Greenset,last_year,0,0,0,0.0,1500.0
Mokh M.,Greenset,last_month,0,0,0,0.0,1500.0
Abramovic I.,Hard,all,0,0,0,0.0,1500.0
Abramovic I.,Hard,last_year,0,0,0,0.0,1500.0
Abramovic I.,Hard,last_month,0,0,0,0.0,1500.0
Abramovic I.,Carpet,all,0,0,0,0.0,1500.0
Abramovic I.,Carpet,last_year,0,0,0,0.0,1500.0
Abramovic I.,Carpet,last_month,0,0,0,0.0,1500.0
Abramovic I.,Clay,all,1,0,1,1.0,1484.0
Abramovic I.,Clay,last_year,0,0,0,0.0,1500.0
Abramovic I.,Clay,last_month,0,0,0,0.0,1500.0
Abramovic I.,Grass,all,0,0,0,0.0,1500.0
Abramovic I.,Grass,last_year,0,0,0,0.0,1500.0
Abramovic I.,Grass,last_month,0,0,0,0.0,1500.0
Abramovic I.,Greenset,all,0,0,0,0.0,1500.0
Abramovic I.,Greenset,last_year,0,0,0,0.0,1500.0
Abramovic I.,Greenset,last_month,0,0,0,0.0,1500.0
Eraydin B.,Hard,all,1,0,1,1.0,1513.0939932470615
Eraydin B.,Hard,last_year,0,0,0,0.0,1500.0
Eraydin B.,Hard,last_month,0,0,0,0.0,1500.0
Eraydin B.,Carpet,all,0,0,0,0.0,1500.0
Eraydin B.,Carpet,last_year,0,0,0,0.0,1500.0
Eraydin B.,Carpet,last_month,0,0,0,0.0,1500.0
Eraydin B.,Clay,all,5,2,3,0.6,1522.171295991917
Eraydin B.,Clay,last_year,0,0,0,0.0,1500.0
Eraydin B.,Clay,last_month,0,0,0,0.0,1500.0
Eraydin B.,Grass,all,0,0,0,0.0,1500.0
Eraydin B.,Grass,last_year,0,0,0,0.0,1500.0
Eraydin B.,Grass,last_month,0,0,0,0.0,1500.0
Eraydin B.,Greenset,all,0,0,0,0.0,1500.0
Eraydin B.,Greenset,last_year,0,0,0,0.0,1500.0
Eraydin B.,Greenset,last_month,0,0,0,0.0,1500.0
Lys E.,Hard,all,26,15,11,0.4230769230769231,1405.184986939281
Lys E.,Hard,last_year,15,9,6,0.4,1429.8276712631853
Lys E.,Hard,last_month,0,0,0,0.0,1500.0
Lys E.,Carpet,all,0,0,0,0.0,1500.0
Lys E.,Carpet,last_year,0,0,0,0.0,1500.0
Lys E.,Carpet,last_month,0,0,0,0.0,1500.0
Lys E.,Clay,all,21,10,11,0.5238095238095238,1508.6888387249048
Lys E.,Clay,last_year,12,6,6,0.5,1473.9486140657164
Lys E.,Clay,last_month,0,0,0,0.0,1500.0
Lys E.,Grass,all,4,1,3,0.75,1528.2176784760677
Lys E.,Grass,last_year,4,1,3,0.75,1526.0474312952144
Lys E.,Grass,last_month,3,1,2,0.6666666666666666,1515.0136338839975
Lys E.,Greenset,all,0,0,0,0.0,1500.0
Lys E.,Greenset,last_year,0,0,0,0.0,1500.0
Lys E.,Greenset,last_month,0,0,0,0.0,1500.0
Hampton J.,Hard,all,54,29,25,0.5370370370370371,1528.470124703509
Hampton J.,Hard,last_year,0,0,0,0.0,1500.0
Hampton J.,Hard,last_month,0,0,0,0.0,1500.0
Hampton J.,Carpet,all,0,0,0,0.0,1500.0
Hampton J.,Carpet,last_year,0,0,0,0.0,1500.0
Hampton J.,Carpet,last_month,0,0,0,0.0,1500.0
Hampton J.,Clay,all,14,7,7,0.5,1441.8458620247138
Hampton J.,Clay,last_year,0,0,0,0.0,1500.0
Hampton J.,Clay,last_month,0,0,0,0.0,1500.0
Hampton J.,Grass,all,10,6,4,0.4,1541.5687038357682
Hampton J.,Grass,last_year,0,0,0,0.0,1500.0
Hampton J.,Grass,last_month,0,0,0,0.0,1500.0
Hampton J.,Greenset,all,0,0,0,0.0,1500.0
Hampton J.,Greenset,last_year,0,0,0,0.0,1500.0
Hampton J.,Greenset,last_month,0,0,0,0.0,1500.0
Puig M.,Hard,all,161,74,87,0.5403726708074534,1546.046159632998
Puig M.,Hard,last_year,0,0,0,0.0,1500.0
Puig M.,Hard,last_month,0,0,0,0.0,1500.0
Puig M.,Carpet,all,0,0,0,0.0,1500.0
Puig M.,Carpet,last_year,0,0,0,0.0,1500.0
Puig M.,Carpet,last_month,0,0,0,0.0,1500.0
Puig M.,Clay,all,71,39,32,0.4507042253521127,1476.661655162743
Puig M.,Clay,last_year,0,0,0,0.0,1500.0
Puig M.,Clay,last_month,0,0,0,0.0,1500.0
Puig M.,Grass,all,29,13,16,0.5517241379310345,1443.8546295331123
Puig M.,Grass,last_year,0,0,0,0.0,1500.0
Puig M.,Grass,last_month,0,0,0,0.0,1500.0
Puig M.,Greenset,all,0,0,0,0.0,1500.0
Puig M.,Greenset,last_year,0,0,0,0.0,1500.0
Puig M.,Greenset,last_month,0,0,0,0.0,1500.0
Sawangkaew M.,Hard,all,12,7,5,0.4166666666666667,1448.636778729756
Sawangkaew M.,Hard,last_year,12,7,5,0.4166666666666667,1455.5004898184907
Sawangkaew M.,Hard,last_month,0,0,0,0.0,1500.0
Sawangkaew M.,Carpet,all,0,0,0,0.0,1500.0
Sawangkaew M.,Carpet,last_year,0,0,0,0.0,1500.0
Sawangkaew M.,Carpet,last_month,0,0,0,0.0,1500.0
Sawangkaew M.,Clay,all,0,0,0,0.0,1500.0
Sawangkaew M.,Clay,last_year,0,0,0,0.0,1500.0
Sawangkaew M.,Clay,last_month,0,0,0,0.0,1500.0
Sawangkaew M.,Grass,all,0,0,0,0.0,1500.0
Sawangkaew M.,Grass,last_year,0,0,0,0.0,1500.0
Sawangkaew M.,Grass,last_month,0,0,0,0.0,1500.0
Sawangkaew M.,Greenset,all,0,0,0,0.0,1500.0
Sawangkaew M.,Greenset,last_year,0,0,0,0.0,1500.0
Sawangkaew M.,Greenset,last_month,0,0,0,0.0,1500.0
Sobolieva A.,Hard,all,0,0,0,0.0,1500.0
Sobolieva A.,Hard,last_year,0,0,0,0.0,1500.0
Sobolieva A.,Hard,last_month,0,0,0,0.0,1500.0
Sobolieva A.,Carpet,all,0,0,0,0.0,1500.0
Sobolieva A.,Carpet,last_year,0,0,0,0.0,1500.0
Sobolieva A.,Carpet,last_month,0,0,0,0.0,1500.0
Sobolieva A.,Clay,all,1,0,1,1.0,1482.9856552610727
Sobolieva A.,Clay,last_year,1,0,1,1.0,1482.2900232719644
Sobolieva A.,Clay,last_month,0,0,0,0.0,1500.0
Sobolieva A.,Grass,all,0,0,0,0.0,1500.0
Sobolieva A.,Grass,last_year,0,0,0,0.0,1500.0
Sobolieva A.,Grass,last_month,0,0,0,0.0,1500.0
Sobolieva A.,Greenset,all,0,0,0,0.0,1500.0
Sobolieva A.,Greenset,last_year,0,0,0,0.0,1500.0
Sobolieva A.,Greenset,last_month,0,0,0,0.0,1500.0
Zheng S.,Hard,all,164,70,94,0.573170731707317,1443.193263389314
Zheng S.,Hard,last_year,7,1,6,0.8571428571428571,1503.3920323737939
Zheng S.,Hard,last_month,0,0,0,0.0,1500.0
Zheng S.,Carpet,all,0,0,0,0.0,1500.0
Zheng S.,Carpet,last_year,0,0,0,0.0,1500.0
Zheng S.,Carpet,last_month,0,0,0,0.0,1500.0
Zheng S.,Clay,all,31,10,21,0.6774193548387096,1536.5138532664828
Zheng S.,Clay,last_year,1,0,1,1.0,1516.0
Zheng S.,Clay,last_month,0,0,0,0.0,1500.0
Zheng S.,Grass,all,17,4,13,0.7647058823529411,1501.4497830470393
Zheng S.,Grass,last_year,0,0,0,0.0,1500.0
Zheng S.,Grass,last_month,0,0,0,0.0,1500.0
Zheng S.,Greenset,all,0,0,0,0.0,1500.0
Zheng S.,Greenset,last_year,0,0,0,0.0,1500.0
Zheng S.,Greenset,last_month,0,0,0,0.0,1500.0
Ruano Pascual V.,Hard,all,27,12,15,0.5555555555555556,1618.2936150534956
Ruano Pascual V.,Hard,last_year,0,0,0,0.0,1500.0
Ruano Pascual V.,Hard,last_month,0,0,0,0.0,1500.0
Ruano Pascual V.,Carpet,all,0,0,0,0.0,1500.0
Ruano Pascual V.,Carpet,last_year,0,0,0,0.0,1500.0
Ruano Pascual V.,Carpet,last_month,0,0,0,0.0,1500.0
Ruano Pascual V.,Clay,all,21,7,14,0.6666666666666666,1534.4661198475324
Ruano Pascual V.,Clay,last_year,0,0,0,0.0,1500.0
Ruano Pascual V.,Clay,last_month,0,0,0,0.0,1500.0
Ruano Pascual V.,Grass,all,7,4,3,0.42857142857142855,1504.9078505652865
Ruano Pascual V.,Grass,last_year,0,0,0,0.0,1500.0
Ruano Pascual V.,Grass,last_month,0,0,0,0.0,1500.0
Ruano Pascual V.,Greenset,all,0,0,0,0.0,1500.0
Ruano Pascual V.,Greenset,last_year,0,0,0,0.0,1500.0
Ruano Pascual V.,Greenset,last_month,0,0,0,0.0,1500.0
Lisicki S.,Hard,all,222,122,100,0.45045045045045046,1533.3337018100801
Lisicki S.,Hard,last_year,0,0,0,0.0,1500.0
Lisicki S.,Hard,last_month,0,0,0,0.0,1500.0
Lisicki S.,Carpet,all,0,0,0,0.0,1500.0
Lisicki S.,Carpet,last_year,0,0,0,0.0,1500.0
Lisicki S.,Carpet,last_month,0,0,0,0.0,1500.0
Lisicki S.,Clay,all,76,37,39,0.5131578947368421,1582.2738471644043
Lisicki S.,Clay,last_year,0,0,0,0.0,1500.0
Lisicki S.,Clay,last_month,0,0,0,0.0,1500.0
Lisicki S.,Grass,all,61,42,19,0.3114754098360656,1520.4175859545562
Lisicki S.,Grass,last_year,0,0,0,0.0,1500.0
Lisicki S.,Grass,last_month,0,0,0,0.0,1500.0
Lisicki S.,Greenset,all,0,0,0,0.0,1500.0
Lisicki S.,Greenset,last_year,0,0,0,0.0,1500.0
Lisicki S.,Greenset,last_month,0,0,0,0.0,1500.0
Dellacqua C.,Hard,all,106,43,63,0.5943396226415094,1507.0014419777108
Dellacqua C.,Hard,last_year,0,0,0,0.0,1500.0
Dellacqua C.,Hard,last_month,0,0,0,0.0,1500.0
Dellacqua C.,Carpet,all,0,0,0,0.0,1500.0
Dellacqua C.,Carpet,last_year,0,0,0,0.0,1500.0
Dellacqua C.,Carpet,last_month,0,0,0,0.0,1500.0
Dellacqua C.,Clay,all,26,10,16,0.6153846153846154,1481.9950167595607
Dellacqua C.,Clay,last_year,0,0,0,0.0,1500.0
Dellacqua C.,Clay,last_month,0,0,0,0.0,1500.0
Dellacqua C.,Grass,all,32,17,15,0.46875,1433.0826329167269
Dellacqua C.,Grass,last_year,0,0,0,0.0,1500.0
Dellacqua C.,Grass,last_month,0,0,0,0.0,1500.0
Dellacqua C.,Greenset,all,2,1,1,0.5,1500.0
Dellacqua C.,Greenset,last_year,0,0,0,0.0,1500.0
Dellacqua C.,Greenset,last_month,0,0,0,0.0,1500.0
Albano S.,Hard,all,0,0,0,0.0,1500.0
Albano S.,Hard,last_year,0,0,0,0.0,1500.0
Albano S.,Hard,last_month,0,0,0,0.0,1500.0
Albano S.,Carpet,all,0,0,0,0.0,1500.0
Albano S.,Carpet,last_year,0,0,0,0.0,1500.0
Albano S.,Carpet,last_month,0,0,0,0.0,1500.0
Albano S.,Clay,all,1,0,1,1.0,1516.0210538431022
Albano S.,Clay,last_year,0,0,0,0.0,1500.0
Albano S.,Clay,last_month,0,0,0,0.0,1500.0
Albano S.,Grass,all,0,0,0,0.0,1500.0
Albano S.,Grass,last_year,0,0,0,0.0,1500.0
Albano S.,Grass,last_month,0,0,0,0.0,1500.0
Albano S.,Greenset,all,0,0,0,0.0,1500.0
Albano S.,Greenset,last_year,0,0,0,0.0,1500.0
Albano S.,Greenset,last_month,0,0,0,0.0,1500.0
Czink M.,Hard,all,78,33,45,0.5769230769230769,1498.416617331499
Czink M.,Hard,last_year,0,0,0,0.0,1500.0
Czink M.,Hard,last_month,0,0,0,0.0,1500.0
Czink M.,Carpet,all,0,0,0,0.0,1500.0
Czink M.,Carpet,last_year,0,0,0,0.0,1500.0
Czink M.,Carpet,last_month,0,0,0,0.0,1500.0
Czink M.,Clay,all,40,15,25,0.625,1571.846237463416
Czink M.,Clay,last_year,0,0,0,0.0,1500.0
Czink M.,Clay,last_month,0,0,0,0.0,1500.0
Czink M.,Grass,all,21,10,11,0.5238095238095238,1435.3884761113607
Czink M.,Grass,last_year,0,0,0,0.0,1500.0
Czink M.,Grass,last_month,0,0,0,0.0,1500.0
Czink M.,Greenset,all,0,0,0,0.0,1500.0
Czink M.,Greenset,last_year,0,0,0,0.0,1500.0
Czink M.,Greenset,last_month,0,0,0,0.0,1500.0
Duerst J.,Hard,all,0,0,0,0.0,1500.0
Duerst J.,Hard,last_year,0,0,0,0.0,1500.0
Duerst J.,Hard,last_month,0,0,0,0.0,1500.0
Duerst J.,Carpet,all,0,0,0,0.0,1500.0
Duerst J.,Carpet,last_year,0,0,0,0.0,1500.0
Duerst J.,Carpet,last_month,0,0,0,0.0,1500.0
Duerst J.,Clay,all,1,0,1,1.0,1480.893253959367
Duerst J.,Clay,last_year,0,0,0,0.0,1500.0
Duerst J.,Clay,last_month,0,0,0,0.0,1500.0
Duerst J.,Grass,all,0,0,0,0.0,1500.0
Duerst J.,Grass,last_year,0,0,0,0.0,1500.0
Duerst J.,Grass,last_month,0,0,0,0.0,1500.0
Duerst J.,Greenset,all,0,0,0,0.0,1500.0
Duerst J.,Greenset,last_year,0,0,0,0.0,1500.0
Duerst J.,Greenset,last_month,0,0,0,0.0,1500.0
Barbat K.,Hard,all,1,0,1,1.0,1484.605201283417
Barbat K.,Hard,last_year,0,0,0,0.0,1500.0
Barbat K.,Hard,last_month,0,0,0,0.0,1500.0
Barbat K.,Carpet,all,0,0,0,0.0,1500.0
Barbat K.,Carpet,last_year,0,0,0,0.0,1500.0
Barbat K.,Carpet,last_month,0,0,0,0.0,1500.0
Barbat K.,Clay,all,0,0,0,0.0,1500.0
Barbat K.,Clay,last_year,0,0,0,0.0,1500.0
Barbat K.,Clay,last_month,0,0,0,0.0,1500.0
Barbat K.,Grass,all,0,0,0,0.0,1500.0
Barbat K.,Grass,last_year,0,0,0,0.0,1500.0
Barbat K.,Grass,last_month,0,0,0,0.0,1500.0
Barbat K.,Greenset,all,0,0,0,0.0,1500.0
Barbat K.,Greenset,last_year,0,0,0,0.0,1500.0
Barbat K.,Greenset,last_month,0,0,0,0.0,1500.0
Melnikova M.,Hard,all,4,0,4,1.0,1468.8243914761556
Melnikova M.,Hard,last_year,0,0,0,0.0,1500.0
Melnikova M.,Hard,last_month,0,0,0,0.0,1500.0
Melnikova M.,Carpet,all,0,0,0,0.0,1500.0
Melnikova M.,Carpet,last_year,0,0,0,0.0,1500.0
Melnikova M.,Carpet,last_month,0,0,0,0.0,1500.0
Melnikova M.,Clay,all,10,1,9,0.9,1476.5398063696427
Melnikova M.,Clay,last_year,0,0,0,0.0,1500.0
Melnikova M.,Clay,last_month,0,0,0,0.0,1500.0
Melnikova M.,Grass,all,4,1,3,0.75,1491.833403136395
Melnikova M.,Grass,last_year,0,0,0,0.0,1500.0
Melnikova M.,Grass,last_month,0,0,0,0.0,1500.0
Melnikova M.,Greenset,all,0,0,0,0.0,1500.0
Melnikova M.,Greenset,last_year,0,0,0,0.0,1500.0
Melnikova M.,Greenset,last_month,0,0,0,0.0,1500.0
Monova P.,Hard,all,1,0,1,1.0,1484.457503710843
Monova P.,Hard,last_year,0,0,0,0.0,1500.0
Monova P.,Hard,last_month,0,0,0,0.0,1500.0
Monova P.,Carpet,all,0,0,0,0.0,1500.0
Monova P.,Carpet,last_year,0,0,0,0.0,1500.0
Monova P.,Carpet,last_month,0,0,0,0.0,1500.0
Monova P.,Clay,all,0,0,0,0.0,1500.0
Monova P.,Clay,last_year,0,0,0,0.0,1500.0
Monova P.,Clay,last_month,0,0,0,0.0,1500.0
Monova P.,Grass,all,0,0,0,0.0,1500.0
Monova P.,Grass,last_year,0,0,0,0.0,1500.0
Monova P.,Grass,last_month,0,0,0,0.0,1500.0
Monova P.,Greenset,all,0,0,0,0.0,1500.0
Monova P.,Greenset,last_year,0,0,0,0.0,1500.0
Monova P.,Greenset,last_month,0,0,0,0.0,1500.0
Patterson T.,Hard,all,2,0,2,1.0,1498.826934669329
Patterson T.,Hard,last_year,0,0,0,0.0,1500.0
Patterson T.,Hard,last_month,0,0,0,0.0,1500.0
Patterson T.,Carpet,all,0,0,0,0.0,1500.0
Patterson T.,Carpet,last_year,0,0,0,0.0,1500.0
Patterson T.,Carpet,last_month,0,0,0,0.0,1500.0
Patterson T.,Clay,all,0,0,0,0.0,1500.0
Patterson T.,Clay,last_year,0,0,0,0.0,1500.0
Patterson T.,Clay,last_month,0,0,0,0.0,1500.0
Patterson T.,Grass,all,0,0,0,0.0,1500.0
Patterson T.,Grass,last_year,0,0,0,0.0,1500.0
Patterson T.,Grass,last_month,0,0,0,0.0,1500.0
Patterson T.,Greenset,all,0,0,0,0.0,1500.0
Patterson T.,Greenset,last_year,0,0,0,0.0,1500.0
Patterson T.,Greenset,last_month,0,0,0,0.0,1500.0
Pliskova Kri.,Hard,all,0,0,0,0.0,1500.0
Pliskova Kri.,Hard,last_year,0,0,0,0.0,1500.0
Pliskova Kri.,Hard,last_month,0,0,0,0.0,1500.0
Pliskova Kri.,Carpet,all,0,0,0,0.0,1500.0
Pliskova Kri.,Carpet,last_year,0,0,0,0.0,1500.0
Pliskova Kri.,Carpet,last_month,0,0,0,0.0,1500.0
Pliskova Kri.,Clay,all,1,0,1,1.0,1481.176287599154
Pliskova Kri.,Clay,last_year,0,0,0,0.0,1500.0
Pliskova Kri.,Clay,last_month,0,0,0,0.0,1500.0
Pliskova Kri.,Grass,all,0,0,0,0.0,1500.0
Pliskova Kri.,Grass,last_year,0,0,0,0.0,1500.0
Pliskova Kri.,Grass,last_month,0,0,0,0.0,1500.0
Pliskova Kri.,Greenset,all,0,0,0,0.0,1500.0
Pliskova Kri.,Greenset,last_year,0,0,0,0.0,1500.0
Pliskova Kri.,Greenset,last_month,0,0,0,0.0,1500.0
Camerin M.E.,Hard,all,44,16,28,0.6363636363636364,1527.0819191339747
Camerin M.E.,Hard,last_year,0,0,0,0.0,1500.0
Camerin M.E.,Hard,last_month,0,0,0,0.0,1500.0
Camerin M.E.,Carpet,all,0,0,0,0.0,1500.0
Camerin M.E.,Carpet,last_year,0,0,0,0.0,1500.0
Camerin M.E.,Carpet,last_month,0,0,0,0.0,1500.0
Camerin M.E.,Clay,all,36,12,24,0.6666666666666666,1462.9784686167823
Camerin M.E.,Clay,last_year,0,0,0,0.0,1500.0
Camerin M.E.,Clay,last_month,0,0,0,0.0,1500.0
Camerin M.E.,Grass,all,10,0,10,1.0,1543.8302781831353
Camerin M.E.,Grass,last_year,0,0,0,0.0,1500.0
Camerin M.E.,Grass,last_month,0,0,0,0.0,1500.0
Camerin M.E.,Greenset,all,0,0,0,0.0,1500.0
Camerin M.E.,Greenset,last_year,0,0,0,0.0,1500.0
Camerin M.E.,Greenset,last_month,0,0,0,0.0,1500.0
McNally C.,Hard,all,2,0,2,1.0,1470.0469928158366
McNally C.,Hard,last_year,2,0,2,1.0,1468.8937460001466
McNally C.,Hard,last_month,0,0,0,0.0,1500.0
McNally C.,Carpet,all,0,0,0,0.0,1500.0
McNally C.,Carpet,last_year,0,0,0,0.0,1500.0
McNally C.,Carpet,last_month,0,0,0,0.0,1500.0
McNally C.,Clay,all,2,1,1,0.5,1532.4436776907967
McNally C.,Clay,last_year,2,1,1,0.5,1529.1998783524875
McNally C.,Clay,last_month,0,0,0,0.0,1500.0
McNally C.,Grass,all,5,3,2,0.4,1484.2475384746217
McNally C.,Grass,last_year,2,1,1,0.5,1499.7613945914202
McNally C.,Grass,last_month,2,1,1,0.5,1499.4078830289457
McNally C.,Greenset,all,0,0,0,0.0,1500.0
McNally C.,Greenset,last_year,0,0,0,0.0,1500.0
McNally C.,Greenset,last_month,0,0,0,0.0,1500.0
Gubacsi Z.,Hard,all,0,0,0,0.0,1500.0
Gubacsi Z.,Hard,last_year,0,0,0,0.0,1500.0
Gubacsi Z.,Hard,last_month,0,0,0,0.0,1500.0
Gubacsi Z.,Carpet,all,0,0,0,0.0,1500.0
Gubacsi Z.,Carpet,last_year,0,0,0,0.0,1500.0
Gubacsi Z.,Carpet,last_month,0,0,0,0.0,1500.0
Gubacsi Z.,Clay,all,3,1,2,0.6666666666666666,1484.800788575427
Gubacsi Z.,Clay,last_year,0,0,0,0.0,1500.0
Gubacsi Z.,Clay,last_month,0,0,0,0.0,1500.0
Gubacsi Z.,Grass,all,0,0,0,0.0,1500.0
Gubacsi Z.,Grass,last_year,0,0,0,0.0,1500.0
Gubacsi Z.,Grass,last_month,0,0,0,0.0,1500.0
Gubacsi Z.,Greenset,all,0,0,0,0.0,1500.0
Gubacsi Z.,Greenset,last_year,0,0,0,0.0,1500.0
Gubacsi Z.,Greenset,last_month,0,0,0,0.0,1500.0
Cetkovska P.,Hard,all,62,25,37,0.5967741935483871,1463.4190102560967
Cetkovska P.,Hard,last_year,0,0,0,0.0,1500.0
Cetkovska P.,Hard,last_month,0,0,0,0.0,1500.0
Cetkovska P.,Carpet,all,0,0,0,0.0,1500.0
Cetkovska P.,Carpet,last_year,0,0,0,0.0,1500.0
Cetkovska P.,Carpet,last_month,0,0,0,0.0,1500.0
Cetkovska P.,Clay,all,62,33,29,0.46774193548387094,1488.2551077290093
Cetkovska P.,Clay,last_year,0,0,0,0.0,1500.0
Cetkovska P.,Clay,last_month,0,0,0,0.0,1500.0
Cetkovska P.,Grass,all,28,14,14,0.5,1552.18733454546
Cetkovska P.,Grass,last_year,0,0,0,0.0,1500.0
Cetkovska P.,Grass,last_month,0,0,0,0.0,1500.0
Cetkovska P.,Greenset,all,0,0,0,0.0,1500.0
Cetkovska P.,Greenset,last_year,0,0,0,0.0,1500.0
Cetkovska P.,Greenset,last_month,0,0,0,0.0,1500.0
Schmiedlova A.,Hard,all,139,55,84,0.60431654676259,1460.5326151729269
Schmiedlova A.,Hard,last_year,3,0,3,1.0,1515.1787206599402
Schmiedlova A.,Hard,last_month,0,0,0,0.0,1500.0
Schmiedlova A.,Carpet,all,0,0,0,0.0,1500.0
Schmiedlova A.,Carpet,last_year,0,0,0,0.0,1500.0
Schmiedlova A.,Carpet,last_month,0,0,0,0.0,1500.0
Schmiedlova A.,Clay,all,112,51,61,0.5446428571428571,1558.2677458915155
Schmiedlova A.,Clay,last_year,5,3,2,0.4,1521.1444105558642
Schmiedlova A.,Clay,last_month,0,0,0,0.0,1500.0
Schmiedlova A.,Grass,all,15,2,13,0.8666666666666667,1468.4015855581283
Schmiedlova A.,Grass,last_year,1,0,1,1.0,1484.0
Schmiedlova A.,Grass,last_month,0,0,0,0.0,1500.0
Schmiedlova A.,Greenset,all,0,0,0,0.0,1500.0
Schmiedlova A.,Greenset,last_year,0,0,0,0.0,1500.0
Schmiedlova A.,Greenset,last_month,0,0,0,0.0,1500.0
Chang H.,Hard,all,0,0,0,0.0,1500.0
Chang H.,Hard,last_year,0,0,0,0.0,1500.0
Chang H.,Hard,last_month,0,0,0,0.0,1500.0
Chang H.,Carpet,all,0,0,0,0.0,1500.0
Chang H.,Carpet,last_year,0,0,0,0.0,1500.0
Chang H.,Carpet,last_month,0,0,0,0.0,1500.0
Chang H.,Clay,all,2,1,1,0.5,1506.7042087437171
Chang H.,Clay,last_year,2,1,1,0.5,1502.9316599850622
Chang H.,Clay,last_month,0,0,0,0.0,1500.0
Chang H.,Grass,all,0,0,0,0.0,1500.0
Chang H.,Grass,last_year,0,0,0,0.0,1500.0
Chang H.,Grass,last_month,0,0,0,0.0,1500.0
Chang H.,Greenset,all,0,0,0,0.0,1500.0
Chang H.,Greenset,last_year,0,0,0,0.0,1500.0
Chang H.,Greenset,last_month,0,0,0,0.0,1500.0
Lisicki S. ,Hard,all,2,1,1,0.5,1530.4968829087939
Lisicki S. ,Hard,last_year,0,0,0,0.0,1500.0
Lisicki S. ,Hard,last_month,0,0,0,0.0,1500.0
Lisicki S. ,Carpet,all,0,0,0,0.0,1500.0
Lisicki S. ,Carpet,last_year,0,0,0,0.0,1500.0
Lisicki S. ,Carpet,last_month,0,0,0,0.0,1500.0
Lisicki S. ,Clay,all,0,0,0,0.0,1500.0
Lisicki S. ,Clay,last_year,0,0,0,0.0,1500.0
Lisicki S. ,Clay,last_month,0,0,0,0.0,1500.0
Lisicki S. ,Grass,all,0,0,0,0.0,1500.0
Lisicki S. ,Grass,last_year,0,0,0,0.0,1500.0
Lisicki S. ,Grass,last_month,0,0,0,0.0,1500.0
Lisicki S. ,Greenset,all,0,0,0,0.0,1500.0
Lisicki S. ,Greenset,last_year,0,0,0,0.0,1500.0
Lisicki S. ,Greenset,last_month,0,0,0,0.0,1500.0
Sun L.,Hard,all,29,11,18,0.6206896551724138,1509.5737798233724
Sun L.,Hard,last_year,21,8,13,0.6190476190476191,1495.587724173883
Sun L.,Hard,last_month,0,0,0,0.0,1500.0
Sun L.,Carpet,all,0,0,0,0.0,1500.0
Sun L.,Carpet,last_year,0,0,0,0.0,1500.0
Sun L.,Carpet,last_month,0,0,0,0.0,1500.0
Sun L.,Clay,all,6,2,4,0.6666666666666666,1444.5129747882875
Sun L.,Clay,last_year,5,2,3,0.6,1454.4437500619042
Sun L.,Clay,last_month,0,0,0,0.0,1500.0
Sun L.,Grass,all,11,6,5,0.45454545454545453,1496.04630976397
Sun L.,Grass,last_year,11,6,5,0.45454545454545453,1505.5515565611634
Sun L.,Grass,last_month,6,2,4,0.6666666666666666,1495.9001752182307
Sun L.,Greenset,all,0,0,0,0.0,1500.0
Sun L.,Greenset,last_year,0,0,0,0.0,1500.0
Sun L.,Greenset,last_month,0,0,0,0.0,1500.0
Smitkova T.,Hard,all,24,9,15,0.625,1507.1437509745635
Smitkova T.,Hard,last_year,0,0,0,0.0,1500.0
Smitkova T.,Hard,last_month,0,0,0,0.0,1500.0
Smitkova T.,Carpet,all,0,0,0,0.0,1500.0
Smitkova T.,Carpet,last_year,0,0,0,0.0,1500.0
Smitkova T.,Carpet,last_month,0,0,0,0.0,1500.0
Smitkova T.,Clay,all,15,3,12,0.8,1482.753671763658
Smitkova T.,Clay,last_year,0,0,0,0.0,1500.0
Smitkova T.,Clay,last_month,0,0,0,0.0,1500.0
Smitkova T.,Grass,all,9,3,6,0.6666666666666666,1476.684791199004
Smitkova T.,Grass,last_year,0,0,0,0.0,1500.0
Smitkova T.,Grass,last_month,0,0,0,0.0,1500.0
Smitkova T.,Greenset,all,0,0,0,0.0,1500.0
Smitkova T.,Greenset,last_year,0,0,0,0.0,1500.0
Smitkova T.,Greenset,last_month,0,0,0,0.0,1500.0
Fedak Y.,Hard,all,20,3,17,0.85,1451.215980599348
Fedak Y.,Hard,last_year,0,0,0,0.0,1500.0
Fedak Y.,Hard,last_month,0,0,0,0.0,1500.0
Fedak Y.,Carpet,all,2,1,1,0.5,1469.4068846710752
Fedak Y.,Carpet,last_year,0,0,0,0.0,1500.0
Fedak Y.,Carpet,last_month,0,0,0,0.0,1500.0
Fedak Y.,Clay,all,11,2,9,0.8181818181818182,1470.3569411925446
Fedak Y.,Clay,last_year,0,0,0,0.0,1500.0
Fedak Y.,Clay,last_month,0,0,0,0.0,1500.0
Fedak Y.,Grass,all,3,2,1,0.3333333333333333,1483.2975328274754
Fedak Y.,Grass,last_year,0,0,0,0.0,1500.0
Fedak Y.,Grass,last_month,0,0,0,0.0,1500.0
Fedak Y.,Greenset,all,0,0,0,0.0,1500.0
Fedak Y.,Greenset,last_year,0,0,0,0.0,1500.0
Fedak Y.,Greenset,last_month,0,0,0,0.0,1500.0
Pegula J.,Hard,all,235,159,76,0.32340425531914896,1490.892246983558
Pegula J.,Hard,last_year,47,35,12,0.2553191489361702,1493.2049659761963
Pegula J.,Hard,last_month,0,0,0,0.0,1500.0
Pegula J.,Carpet,all,0,0,0,0.0,1500.0
Pegula J.,Carpet,last_year,0,0,0,0.0,1500.0
Pegula J.,Carpet,last_month,0,0,0,0.0,1500.0
Pegula J.,Clay,all,69,43,26,0.37681159420289856,1550.6907625856136
Pegula J.,Clay,last_year,16,11,5,0.3125,1514.0846515819167
Pegula J.,Clay,last_month,1,0,1,1.0,1484.0
Pegula J.,Grass,all,35,21,14,0.4,1494.8700309806827
Pegula J.,Grass,last_year,8,5,3,0.375,1503.135011504648
Pegula J.,Grass,last_month,6,4,2,0.3333333333333333,1527.8512233578954
Pegula J.,Greenset,all,0,0,0,0.0,1500.0
Pegula J.,Greenset,last_year,0,0,0,0.0,1500.0
Pegula J.,Greenset,last_month,0,0,0,0.0,1500.0
Dulko G.,Hard,all,103,46,57,0.5533980582524272,1571.0683618108396
Dulko G.,Hard,last_year,0,0,0,0.0,1500.0
Dulko G.,Hard,last_month,0,0,0,0.0,1500.0
Dulko G.,Carpet,all,3,1,2,0.6666666666666666,1544.5114594518661
Dulko G.,Carpet,last_year,0,0,0,0.0,1500.0
Dulko G.,Carpet,last_month,0,0,0,0.0,1500.0
Dulko G.,Clay,all,88,55,33,0.375,1484.372014923713
Dulko G.,Clay,last_year,0,0,0,0.0,1500.0
Dulko G.,Clay,last_month,0,0,0,0.0,1500.0
Dulko G.,Grass,all,12,5,7,0.5833333333333334,1485.886651404383
Dulko G.,Grass,last_year,0,0,0,0.0,1500.0
Dulko G.,Grass,last_month,0,0,0,0.0,1500.0
Dulko G.,Greenset,all,0,0,0,0.0,1500.0
Dulko G.,Greenset,last_year,0,0,0,0.0,1500.0
Dulko G.,Greenset,last_month,0,0,0,0.0,1500.0
Wheeler C.,Hard,all,1,0,1,1.0,1487.7646376972714
Wheeler C.,Hard,last_year,0,0,0,0.0,1500.0
Wheeler C.,Hard,last_month,0,0,0,0.0,1500.0
Wheeler C.,Carpet,all,0,0,0,0.0,1500.0
Wheeler C.,Carpet,last_year,0,0,0,0.0,1500.0
Wheeler C.,Carpet,last_month,0,0,0,0.0,1500.0
Wheeler C.,Clay,all,0,0,0,0.0,1500.0
Wheeler C.,Clay,last_year,0,0,0,0.0,1500.0
Wheeler C.,Clay,last_month,0,0,0,0.0,1500.0
Wheeler C.,Grass,all,0,0,0,0.0,1500.0
Wheeler C.,Grass,last_year,0,0,0,0.0,1500.0
Wheeler C.,Grass,last_month,0,0,0,0.0,1500.0
Wheeler C.,Greenset,all,0,0,0,0.0,1500.0
Wheeler C.,Greenset,last_year,0,0,0,0.0,1500.0
Wheeler C.,Greenset,last_month,0,0,0,0.0,1500.0
Kudryavtseva A.,Hard,all,130,50,80,0.6153846153846154,1590.5541806184547
Kudryavtseva A.,Hard,last_year,0,0,0,0.0,1500.0
Kudryavtseva A.,Hard,last_month,0,0,0,0.0,1500.0
Kudryavtseva A.,Carpet,all,0,0,0,0.0,1500.0
Kudryavtseva A.,Carpet,last_year,0,0,0,0.0,1500.0
Kudryavtseva A.,Carpet,last_month,0,0,0,0.0,1500.0
Kudryavtseva A.,Clay,all,49,17,32,0.6530612244897959,1540.567872623556
Kudryavtseva A.,Clay,last_year,0,0,0,0.0,1500.0
Kudryavtseva A.,Clay,last_month,0,0,0,0.0,1500.0
Kudryavtseva A.,Grass,all,28,12,16,0.5714285714285714,1439.724226102837
Kudryavtseva A.,Grass,last_year,0,0,0,0.0,1500.0
Kudryavtseva A.,Grass,last_month,0,0,0,0.0,1500.0
Kudryavtseva A.,Greenset,all,1,0,1,1.0,1484.0
Kudryavtseva A.,Greenset,last_year,0,0,0,0.0,1500.0
Kudryavtseva A.,Greenset,last_month,0,0,0,0.0,1500.0
Sema E.,Hard,all,13,2,11,0.8461538461538461,1479.589378068665
Sema E.,Hard,last_year,0,0,0,0.0,1500.0
Sema E.,Hard,last_month,0,0,0,0.0,1500.0
Sema E.,Carpet,all,0,0,0,0.0,1500.0
Sema E.,Carpet,last_year,0,0,0,0.0,1500.0
Sema E.,Carpet,last_month,0,0,0,0.0,1500.0
Sema E.,Clay,all,0,0,0,0.0,1500.0
Sema E.,Clay,last_year,0,0,0,0.0,1500.0
Sema E.,Clay,last_month,0,0,0,0.0,1500.0
Sema E.,Grass,all,0,0,0,0.0,1500.0
Sema E.,Grass,last_year,0,0,0,0.0,1500.0
Sema E.,Grass,last_month,0,0,0,0.0,1500.0
Sema E.,Greenset,all,0,0,0,0.0,1500.0
Sema E.,Greenset,last_year,0,0,0,0.0,1500.0
Sema E.,Greenset,last_month,0,0,0,0.0,1500.0
Goncalves P.C.,Hard,all,5,1,4,0.8,1482.4195822443073
Goncalves P.C.,Hard,last_year,0,0,0,0.0,1500.0
Goncalves P.C.,Hard,last_month,0,0,0,0.0,1500.0
Goncalves P.C.,Carpet,all,0,0,0,0.0,1500.0
Goncalves P.C.,Carpet,last_year,0,0,0,0.0,1500.0
Goncalves P.C.,Carpet,last_month,0,0,0,0.0,1500.0
Goncalves P.C.,Clay,all,9,5,4,0.4444444444444444,1515.6411728386452
Goncalves P.C.,Clay,last_year,0,0,0,0.0,1500.0
Goncalves P.C.,Clay,last_month,0,0,0,0.0,1500.0
Goncalves P.C.,Grass,all,0,0,0,0.0,1500.0
Goncalves P.C.,Grass,last_year,0,0,0,0.0,1500.0
Goncalves P.C.,Grass,last_month,0,0,0,0.0,1500.0
Goncalves P.C.,Greenset,all,0,0,0,0.0,1500.0
Goncalves P.C.,Greenset,last_year,0,0,0,0.0,1500.0
Goncalves P.C.,Greenset,last_month,0,0,0,0.0,1500.0
Kiick A.,Hard,all,12,3,9,0.75,1572.084697100826
Kiick A.,Hard,last_year,0,0,0,0.0,1500.0
Kiick A.,Hard,last_month,0,0,0,0.0,1500.0
Kiick A.,Carpet,all,0,0,0,0.0,1500.0
Kiick A.,Carpet,last_year,0,0,0,0.0,1500.0
Kiick A.,Carpet,last_month,0,0,0,0.0,1500.0
Kiick A.,Clay,all,5,2,3,0.6,1551.1201562318697
Kiick A.,Clay,last_year,0,0,0,0.0,1500.0
Kiick A.,Clay,last_month,0,0,0,0.0,1500.0
Kiick A.,Grass,all,0,0,0,0.0,1500.0
Kiick A.,Grass,last_year,0,0,0,0.0,1500.0
Kiick A.,Grass,last_month,0,0,0,0.0,1500.0
Kiick A.,Greenset,all,0,0,0,0.0,1500.0
Kiick A.,Greenset,last_year,0,0,0,0.0,1500.0
Kiick A.,Greenset,last_month,0,0,0,0.0,1500.0
Martincova T.,Hard,all,103,45,58,0.5631067961165048,1464.1690801897694
Martincova T.,Hard,last_year,0,0,0,0.0,1500.0
Martincova T.,Hard,last_month,0,0,0,0.0,1500.0
Martincova T.,Carpet,all,0,0,0,0.0,1500.0
Martincova T.,Carpet,last_year,0,0,0,0.0,1500.0
Martincova T.,Carpet,last_month,0,0,0,0.0,1500.0
Martincova T.,Clay,all,32,11,21,0.65625,1513.2973462117309
Martincova T.,Clay,last_year,0,0,0,0.0,1500.0
Martincova T.,Clay,last_month,0,0,0,0.0,1500.0
Martincova T.,Grass,all,24,10,14,0.5833333333333334,1507.027397793527
Martincova T.,Grass,last_year,0,0,0,0.0,1500.0
Martincova T.,Grass,last_month,0,0,0,0.0,1500.0
Martincova T.,Greenset,all,0,0,0,0.0,1500.0
Martincova T.,Greenset,last_year,0,0,0,0.0,1500.0
Martincova T.,Greenset,last_month,0,0,0,0.0,1500.0
Rodionova An.,Hard,all,49,14,35,0.7142857142857143,1478.5668069173598
Rodionova An.,Hard,last_year,0,0,0,0.0,1500.0
Rodionova An.,Hard,last_month,0,0,0,0.0,1500.0
Rodionova An.,Carpet,all,0,0,0,0.0,1500.0
Rodionova An.,Carpet,last_year,0,0,0,0.0,1500.0
Rodionova An.,Carpet,last_month,0,0,0,0.0,1500.0
Rodionova An.,Clay,all,37,16,21,0.5675675675675675,1550.169816004136
Rodionova An.,Clay,last_year,0,0,0,0.0,1500.0
Rodionova An.,Clay,last_month,0,0,0,0.0,1500.0
Rodionova An.,Grass,all,12,4,8,0.6666666666666666,1493.4957822688089
Rodionova An.,Grass,last_year,0,0,0,0.0,1500.0
Rodionova An.,Grass,last_month,0,0,0,0.0,1500.0
Rodionova An.,Greenset,all,0,0,0,0.0,1500.0
Rodionova An.,Greenset,last_year,0,0,0,0.0,1500.0
Rodionova An.,Greenset,last_month,0,0,0,0.0,1500.0
Kulambayeva Z.,Hard,all,1,0,1,1.0,1517.1198956739051
Kulambayeva Z.,Hard,last_year,0,0,0,0.0,1500.0
Kulambayeva Z.,Hard,last_month,0,0,0,0.0,1500.0
Kulambayeva Z.,Carpet,all,0,0,0,0.0,1500.0
Kulambayeva Z.,Carpet,last_year,0,0,0,0.0,1500.0
Kulambayeva Z.,Carpet,last_month,0,0,0,0.0,1500.0
Kulambayeva Z.,Clay,all,0,0,0,0.0,1500.0
Kulambayeva Z.,Clay,last_year,0,0,0,0.0,1500.0
Kulambayeva Z.,Clay,last_month,0,0,0,0.0,1500.0
Kulambayeva Z.,Grass,all,0,0,0,0.0,1500.0
Kulambayeva Z.,Grass,last_year,0,0,0,0.0,1500.0
Kulambayeva Z.,Grass,last_month,0,0,0,0.0,1500.0
Kulambayeva Z.,Greenset,all,0,0,0,0.0,1500.0
Kulambayeva Z.,Greenset,last_year,0,0,0,0.0,1500.0
Kulambayeva Z.,Greenset,last_month,0,0,0,0.0,1500.0
Kasatkina D.,Hard,all,312,177,135,0.4326923076923077,1566.777372957686
Kasatkina D.,Hard,last_year,36,19,17,0.4722222222222222,1565.5621141750903
Kasatkina D.,Hard,last_month,0,0,0,0.0,1500.0
Kasatkina D.,Carpet,all,0,0,0,0.0,1500.0
Kasatkina D.,Carpet,last_year,0,0,0,0.0,1500.0
Kasatkina D.,Carpet,last_month,0,0,0,0.0,1500.0
Kasatkina D.,Clay,all,127,78,49,0.3858267716535433,1497.3513155639657
Kasatkina D.,Clay,last_year,10,5,5,0.5,1468.5478403389047
Kasatkina D.,Clay,last_month,1,0,1,1.0,1516.0
Kasatkina D.,Grass,all,57,35,22,0.38596491228070173,1501.1445158278816
Kasatkina D.,Grass,last_year,9,4,5,0.5555555555555556,1564.7785659874398
Kasatkina D.,Grass,last_month,6,2,4,0.6666666666666666,1529.8724072658852
Kasatkina D.,Greenset,all,0,0,0,0.0,1500.0
Kasatkina D.,Greenset,last_year,0,0,0,0.0,1500.0
Kasatkina D.,Greenset,last_month,0,0,0,0.0,1500.0
Peterson R.,Hard,all,93,47,46,0.4946236559139785,1425.423333250324
Peterson R.,Hard,last_year,0,0,0,0.0,1500.0
Peterson R.,Hard,last_month,0,0,0,0.0,1500.0
Peterson R.,Carpet,all,0,0,0,0.0,1500.0
Peterson R.,Carpet,last_year,0,0,0,0.0,1500.0
Peterson R.,Carpet,last_month,0,0,0,0.0,1500.0
Peterson R.,Clay,all,51,18,33,0.6470588235294118,1525.935789807086
Peterson R.,Clay,last_year,0,0,0,0.0,1500.0
Peterson R.,Clay,last_month,0,0,0,0.0,1500.0
Peterson R.,Grass,all,14,4,10,0.7142857142857143,1460.3391158116685
Peterson R.,Grass,last_year,0,0,0,0.0,1500.0
Peterson R.,Grass,last_month,0,0,0,0.0,1500.0
Peterson R.,Greenset,all,0,0,0,0.0,1500.0
Peterson R.,Greenset,last_year,0,0,0,0.0,1500.0
Peterson R.,Greenset,last_month,0,0,0,0.0,1500.0
Yastremska D.,Hard,all,150,77,73,0.4866666666666667,1489.3213900262301
Yastremska D.,Hard,last_year,25,12,13,0.52,1477.3442378362638
Yastremska D.,Hard,last_month,0,0,0,0.0,1500.0
Yastremska D.,Carpet,all,0,0,0,0.0,1500.0
Yastremska D.,Carpet,last_year,0,0,0,0.0,1500.0
Yastremska D.,Carpet,last_month,0,0,0,0.0,1500.0
Yastremska D.,Clay,all,51,23,28,0.5490196078431373,1551.7119386682
Yastremska D.,Clay,last_year,6,3,3,0.5,1527.121464386819
Yastremska D.,Clay,last_month,0,0,0,0.0,1500.0
Yastremska D.,Grass,all,28,15,13,0.4642857142857143,1454.7054540387787
Yastremska D.,Grass,last_year,13,9,4,0.3076923076923077,1457.8572849902466
Yastremska D.,Grass,last_month,10,7,3,0.3,1487.158184248916
Yastremska D.,Greenset,all,0,0,0,0.0,1500.0
Yastremska D.,Greenset,last_year,0,0,0,0.0,1500.0
Yastremska D.,Greenset,last_month,0,0,0,0.0,1500.0
Lisjak I.,Hard,all,2,1,1,0.5,1498.7730943103427
Lisjak I.,Hard,last_year,0,0,0,0.0,1500.0
Lisjak I.,Hard,last_month,0,0,0,0.0,1500.0
Lisjak I.,Carpet,all,0,0,0,0.0,1500.0
Lisjak I.,Carpet,last_year,0,0,0,0.0,1500.0
Lisjak I.,Carpet,last_month,0,0,0,0.0,1500.0
Lisjak I.,Clay,all,1,0,1,1.0,1484.8023774569797
Lisjak I.,Clay,last_year,0,0,0,0.0,1500.0
Lisjak I.,Clay,last_month,0,0,0,0.0,1500.0
Lisjak I.,Grass,all,0,0,0,0.0,1500.0
Lisjak I.,Grass,last_year,0,0,0,0.0,1500.0
Lisjak I.,Grass,last_month,0,0,0,0.0,1500.0
Lisjak I.,Greenset,all,0,0,0,0.0,1500.0
Lisjak I.,Greenset,last_year,0,0,0,0.0,1500.0
Lisjak I.,Greenset,last_month,0,0,0,0.0,1500.0
Lizarazo Y.,Hard,all,0,0,0,0.0,1500.0
Lizarazo Y.,Hard,last_year,0,0,0,0.0,1500.0
Lizarazo Y.,Hard,last_month,0,0,0,0.0,1500.0
Lizarazo Y.,Carpet,all,0,0,0,0.0,1500.0
Lizarazo Y.,Carpet,last_year,0,0,0,0.0,1500.0
Lizarazo Y.,Carpet,last_month,0,0,0,0.0,1500.0
Lizarazo Y.,Clay,all,8,2,6,0.75,1559.2539257594399
Lizarazo Y.,Clay,last_year,0,0,0,0.0,1500.0
Lizarazo Y.,Clay,last_month,0,0,0,0.0,1500.0
Lizarazo Y.,Grass,all,0,0,0,0.0,1500.0
Lizarazo Y.,Grass,last_year,0,0,0,0.0,1500.0
Lizarazo Y.,Grass,last_month,0,0,0,0.0,1500.0
Lizarazo Y.,Greenset,all,0,0,0,0.0,1500.0
Lizarazo Y.,Greenset,last_year,0,0,0,0.0,1500.0
Lizarazo Y.,Greenset,last_month,0,0,0,0.0,1500.0
Preston T.,Hard,all,7,1,6,0.8571428571428571,1458.6639077173613
Preston T.,Hard,last_year,2,0,2,1.0,1528.3043011868804
Preston T.,Hard,last_month,0,0,0,0.0,1500.0
Preston T.,Carpet,all,0,0,0,0.0,1500.0
Preston T.,Carpet,last_year,0,0,0,0.0,1500.0
Preston T.,Carpet,last_month,0,0,0,0.0,1500.0
Preston T.,Clay,all,0,0,0,0.0,1500.0
Preston T.,Clay,last_year,0,0,0,0.0,1500.0
Preston T.,Clay,last_month,0,0,0,0.0,1500.0
Preston T.,Grass,all,1,0,1,1.0,1516.0
Preston T.,Grass,last_year,0,0,0,0.0,1500.0
Preston T.,Grass,last_month,0,0,0,0.0,1500.0
Preston T.,Greenset,all,0,0,0,0.0,1500.0
Preston T.,Greenset,last_year,0,0,0,0.0,1500.0
Preston T.,Greenset,last_month,0,0,0,0.0,1500.0
Rodionova Ar.,Hard,all,41,9,32,0.7804878048780488,1480.6621673500977
Rodionova Ar.,Hard,last_year,3,0,3,1.0,1516.027619825626
Rodionova Ar.,Hard,last_month,0,0,0,0.0,1500.0
Rodionova Ar.,Carpet,all,0,0,0,0.0,1500.0
Rodionova Ar.,Carpet,last_year,0,0,0,0.0,1500.0
Rodionova Ar.,Carpet,last_month,0,0,0,0.0,1500.0
Rodionova Ar.,Clay,all,6,1,5,0.8333333333333334,1538.051729453889
Rodionova Ar.,Clay,last_year,0,0,0,0.0,1500.0
Rodionova Ar.,Clay,last_month,0,0,0,0.0,1500.0
Rodionova Ar.,Grass,all,10,4,6,0.6,1550.0637950509379
Rodionova Ar.,Grass,last_year,0,0,0,0.0,1500.0
Rodionova Ar.,Grass,last_month,0,0,0,0.0,1500.0
Rodionova Ar.,Greenset,all,0,0,0,0.0,1500.0
Rodionova Ar.,Greenset,last_year,0,0,0,0.0,1500.0
Rodionova Ar.,Greenset,last_month,0,0,0,0.0,1500.0
Lu J.,Hard,all,4,0,4,1.0,1510.6414074206018
Lu J.,Hard,last_year,2,0,2,1.0,1501.4061803822385
Lu J.,Hard,last_month,0,0,0,0.0,1500.0
Lu J.,Carpet,all,0,0,0,0.0,1500.0
Lu J.,Carpet,last_year,0,0,0,0.0,1500.0
Lu J.,Carpet,last_month,0,0,0,0.0,1500.0
Lu J.,Clay,all,0,0,0,0.0,1500.0
Lu J.,Clay,last_year,0,0,0,0.0,1500.0
Lu J.,Clay,last_month,0,0,0,0.0,1500.0
Lu J.,Grass,all,0,0,0,0.0,1500.0
Lu J.,Grass,last_year,0,0,0,0.0,1500.0
Lu J.,Grass,last_month,0,0,0,0.0,1500.0
Lu J.,Greenset,all,0,0,0,0.0,1500.0
Lu J.,Greenset,last_year,0,0,0,0.0,1500.0
Lu J.,Greenset,last_month,0,0,0,0.0,1500.0
Martic P.,Hard,all,237,113,124,0.5232067510548524,1595.8018839012657
Martic P.,Hard,last_year,11,4,7,0.6363636363636364,1568.9136508120212
Martic P.,Hard,last_month,0,0,0,0.0,1500.0
Martic P.,Carpet,all,0,0,0,0.0,1500.0
Martic P.,Carpet,last_year,0,0,0,0.0,1500.0
Martic P.,Carpet,last_month,0,0,0,0.0,1500.0
Martic P.,Clay,all,134,72,62,0.4626865671641791,1509.7031250381672
Martic P.,Clay,last_year,4,2,2,0.5,1472.7818754887107
Martic P.,Clay,last_month,0,0,0,0.0,1500.0
Martic P.,Grass,all,42,22,20,0.47619047619047616,1495.0071308257868
Martic P.,Grass,last_year,3,1,2,0.6666666666666666,1516.736306793522
Martic P.,Grass,last_month,1,0,1,1.0,1516.0
Martic P.,Greenset,all,0,0,0,0.0,1500.0
Martic P.,Greenset,last_year,0,0,0,0.0,1500.0
Martic P.,Greenset,last_month,0,0,0,0.0,1500.0
Buchina Y.,Hard,all,2,0,2,1.0,1538.964405908447
Buchina Y.,Hard,last_year,0,0,0,0.0,1500.0
Buchina Y.,Hard,last_month,0,0,0,0.0,1500.0
Buchina Y.,Carpet,all,0,0,0,0.0,1500.0
Buchina Y.,Carpet,last_year,0,0,0,0.0,1500.0
Buchina Y.,Carpet,last_month,0,0,0,0.0,1500.0
Buchina Y.,Clay,all,0,0,0,0.0,1500.0
Buchina Y.,Clay,last_year,0,0,0,0.0,1500.0
Buchina Y.,Clay,last_month,0,0,0,0.0,1500.0
Buchina Y.,Grass,all,0,0,0,0.0,1500.0
Buchina Y.,Grass,last_year,0,0,0,0.0,1500.0
Buchina Y.,Grass,last_month,0,0,0,0.0,1500.0
Buchina Y.,Greenset,all,0,0,0,0.0,1500.0
Buchina Y.,Greenset,last_year,0,0,0,0.0,1500.0
Buchina Y.,Greenset,last_month,0,0,0,0.0,1500.0
Kanepi K.,Hard,all,256,138,118,0.4609375,1420.9008765686442
Kanepi K.,Hard,last_year,0,0,0,0.0,1500.0
Kanepi K.,Hard,last_month,0,0,0,0.0,1500.0
Kanepi K.,Carpet,all,2,1,1,0.5,1530.116707342599
Kanepi K.,Carpet,last_year,0,0,0,0.0,1500.0
Kanepi K.,Carpet,last_month,0,0,0,0.0,1500.0
Kanepi K.,Clay,all,149,83,66,0.4429530201342282,1441.1108749173688
Kanepi K.,Clay,last_year,0,0,0,0.0,1500.0
Kanepi K.,Clay,last_month,0,0,0,0.0,1500.0
Kanepi K.,Grass,all,38,15,23,0.6052631578947368,1575.605791746756
Kanepi K.,Grass,last_year,0,0,0,0.0,1500.0
Kanepi K.,Grass,last_month,0,0,0,0.0,1500.0
Kanepi K.,Greenset,all,0,0,0,0.0,1500.0
Kanepi K.,Greenset,last_year,0,0,0,0.0,1500.0
Kanepi K.,Greenset,last_month,0,0,0,0.0,1500.0
Lertcheewakarn N.,Hard,all,19,3,16,0.8421052631578947,1525.415277343109
Lertcheewakarn N.,Hard,last_year,0,0,0,0.0,1500.0
Lertcheewakarn N.,Hard,last_month,0,0,0,0.0,1500.0
Lertcheewakarn N.,Carpet,all,0,0,0,0.0,1500.0
Lertcheewakarn N.,Carpet,last_year,0,0,0,0.0,1500.0
Lertcheewakarn N.,Carpet,last_month,0,0,0,0.0,1500.0
Lertcheewakarn N.,Clay,all,0,0,0,0.0,1500.0
Lertcheewakarn N.,Clay,last_year,0,0,0,0.0,1500.0
Lertcheewakarn N.,Clay,last_month,0,0,0,0.0,1500.0
Lertcheewakarn N.,Grass,all,3,0,3,1.0,1480.3750505193516
Lertcheewakarn N.,Grass,last_year,0,0,0,0.0,1500.0
Lertcheewakarn N.,Grass,last_month,0,0,0,0.0,1500.0
Lertcheewakarn N.,Greenset,all,0,0,0,0.0,1500.0
Lertcheewakarn N.,Greenset,last_year,0,0,0,0.0,1500.0
Lertcheewakarn N.,Greenset,last_month,0,0,0,0.0,1500.0
Chan Y.,Hard,all,1,0,1,1.0,1485.0000503842928
Chan Y.,Hard,last_year,0,0,0,0.0,1500.0
Chan Y.,Hard,last_month,0,0,0,0.0,1500.0
Chan Y.,Carpet,all,0,0,0,0.0,1500.0
Chan Y.,Carpet,last_year,0,0,0,0.0,1500.0
Chan Y.,Carpet,last_month,0,0,0,0.0,1500.0
Chan Y.,Clay,all,0,0,0,0.0,1500.0
Chan Y.,Clay,last_year,0,0,0,0.0,1500.0
Chan Y.,Clay,last_month,0,0,0,0.0,1500.0
Chan Y.,Grass,all,0,0,0,0.0,1500.0
Chan Y.,Grass,last_year,0,0,0,0.0,1500.0
Chan Y.,Grass,last_month,0,0,0,0.0,1500.0
Chan Y.,Greenset,all,0,0,0,0.0,1500.0
Chan Y.,Greenset,last_year,0,0,0,0.0,1500.0
Chan Y.,Greenset,last_month,0,0,0,0.0,1500.0
Kondratieva M.,Hard,all,0,0,0,0.0,1500.0
Kondratieva M.,Hard,last_year,0,0,0,0.0,1500.0
Kondratieva M.,Hard,last_month,0,0,0,0.0,1500.0
Kondratieva M.,Carpet,all,0,0,0,0.0,1500.0
Kondratieva M.,Carpet,last_year,0,0,0,0.0,1500.0
Kondratieva M.,Carpet,last_month,0,0,0,0.0,1500.0
Kondratieva M.,Clay,all,2,1,1,0.5,1503.4963527878988
Kondratieva M.,Clay,last_year,0,0,0,0.0,1500.0
Kondratieva M.,Clay,last_month,0,0,0,0.0,1500.0
Kondratieva M.,Grass,all,0,0,0,0.0,1500.0
Kondratieva M.,Grass,last_year,0,0,0,0.0,1500.0
Kondratieva M.,Grass,last_month,0,0,0,0.0,1500.0
Kondratieva M.,Greenset,all,0,0,0,0.0,1500.0
Kondratieva M.,Greenset,last_year,0,0,0,0.0,1500.0
Kondratieva M.,Greenset,last_month,0,0,0,0.0,1500.0
Embree L.,Hard,all,0,0,0,0.0,1500.0
Embree L.,Hard,last_year,0,0,0,0.0,1500.0
Embree L.,Hard,last_month,0,0,0,0.0,1500.0
Embree L.,Carpet,all,0,0,0,0.0,1500.0
Embree L.,Carpet,last_year,0,0,0,0.0,1500.0
Embree L.,Carpet,last_month,0,0,0,0.0,1500.0
Embree L.,Clay,all,1,0,1,1.0,1512.2569285677962
Embree L.,Clay,last_year,0,0,0,0.0,1500.0
Embree L.,Clay,last_month,0,0,0,0.0,1500.0
Embree L.,Grass,all,0,0,0,0.0,1500.0
Embree L.,Grass,last_year,0,0,0,0.0,1500.0
Embree L.,Grass,last_month,0,0,0,0.0,1500.0
Embree L.,Greenset,all,0,0,0,0.0,1500.0
Embree L.,Greenset,last_year,0,0,0,0.0,1500.0
Embree L.,Greenset,last_month,0,0,0,0.0,1500.0
Kucova Z.,Hard,all,10,1,9,0.9,1556.3163078828843
Kucova Z.,Hard,last_year,0,0,0,0.0,1500.0
Kucova Z.,Hard,last_month,0,0,0,0.0,1500.0
Kucova Z.,Carpet,all,0,0,0,0.0,1500.0
Kucova Z.,Carpet,last_year,0,0,0,0.0,1500.0
Kucova Z.,Carpet,last_month,0,0,0,0.0,1500.0
Kucova Z.,Clay,all,7,3,4,0.5714285714285714,1490.539050200644
Kucova Z.,Clay,last_year,0,0,0,0.0,1500.0
Kucova Z.,Clay,last_month,0,0,0,0.0,1500.0
Kucova Z.,Grass,all,1,0,1,1.0,1483.9357172732987
Kucova Z.,Grass,last_year,0,0,0,0.0,1500.0
Kucova Z.,Grass,last_month,0,0,0,0.0,1500.0
Kucova Z.,Greenset,all,0,0,0,0.0,1500.0
Kucova Z.,Greenset,last_year,0,0,0,0.0,1500.0
Kucova Z.,Greenset,last_month,0,0,0,0.0,1500.0
Guo H.,Hard,all,4,0,4,1.0,1468.456440067668
Guo H.,Hard,last_year,0,0,0,0.0,1500.0
Guo H.,Hard,last_month,0,0,0,0.0,1500.0
Guo H.,Carpet,all,0,0,0,0.0,1500.0
Guo H.,Carpet,last_year,0,0,0,0.0,1500.0
Guo H.,Carpet,last_month,0,0,0,0.0,1500.0
Guo H.,Clay,all,0,0,0,0.0,1500.0
Guo H.,Clay,last_year,0,0,0,0.0,1500.0
Guo H.,Clay,last_month,0,0,0,0.0,1500.0
Guo H.,Grass,all,0,0,0,0.0,1500.0
Guo H.,Grass,last_year,0,0,0,0.0,1500.0
Guo H.,Grass,last_month,0,0,0,0.0,1500.0
Guo H.,Greenset,all,0,0,0,0.0,1500.0
Guo H.,Greenset,last_year,0,0,0,0.0,1500.0
Guo H.,Greenset,last_month,0,0,0,0.0,1500.0
Urgesi F.,Hard,all,0,0,0,0.0,1500.0
Urgesi F.,Hard,last_year,0,0,0,0.0,1500.0
Urgesi F.,Hard,last_month,0,0,0,0.0,1500.0
Urgesi F.,Carpet,all,0,0,0,0.0,1500.0
Urgesi F.,Carpet,last_year,0,0,0,0.0,1500.0
Urgesi F.,Carpet,last_month,0,0,0,0.0,1500.0
Urgesi F.,Clay,all,1,0,1,1.0,1484.6418646553814
Urgesi F.,Clay,last_year,1,0,1,1.0,1484.6169754196576
Urgesi F.,Clay,last_month,0,0,0,0.0,1500.0
Urgesi F.,Grass,all,0,0,0,0.0,1500.0
Urgesi F.,Grass,last_year,0,0,0,0.0,1500.0
Urgesi F.,Grass,last_month,0,0,0,0.0,1500.0
Urgesi F.,Greenset,all,0,0,0,0.0,1500.0
Urgesi F.,Greenset,last_year,0,0,0,0.0,1500.0
Urgesi F.,Greenset,last_month,0,0,0,0.0,1500.0
Hsu C.W.,Hard,all,1,0,1,1.0,1514.7202244211146
Hsu C.W.,Hard,last_year,0,0,0,0.0,1500.0
Hsu C.W.,Hard,last_month,0,0,0,0.0,1500.0
Hsu C.W.,Carpet,all,0,0,0,0.0,1500.0
Hsu C.W.,Carpet,last_year,0,0,0,0.0,1500.0
Hsu C.W.,Carpet,last_month,0,0,0,0.0,1500.0
Hsu C.W.,Clay,all,0,0,0,0.0,1500.0
Hsu C.W.,Clay,last_year,0,0,0,0.0,1500.0
Hsu C.W.,Clay,last_month,0,0,0,0.0,1500.0
Hsu C.W.,Grass,all,0,0,0,0.0,1500.0
Hsu C.W.,Grass,last_year,0,0,0,0.0,1500.0
Hsu C.W.,Grass,last_month,0,0,0,0.0,1500.0
Hsu C.W.,Greenset,all,0,0,0,0.0,1500.0
Hsu C.W.,Greenset,last_year,0,0,0,0.0,1500.0
Hsu C.W.,Greenset,last_month,0,0,0,0.0,1500.0
Zhang K.L.,Hard,all,21,8,13,0.6190476190476191,1461.1905449377196
Zhang K.L.,Hard,last_year,0,0,0,0.0,1500.0
Zhang K.L.,Hard,last_month,0,0,0,0.0,1500.0
Zhang K.L.,Carpet,all,0,0,0,0.0,1500.0
Zhang K.L.,Carpet,last_year,0,0,0,0.0,1500.0
Zhang K.L.,Carpet,last_month,0,0,0,0.0,1500.0
Zhang K.L.,Clay,all,0,0,0,0.0,1500.0
Zhang K.L.,Clay,last_year,0,0,0,0.0,1500.0
Zhang K.L.,Clay,last_month,0,0,0,0.0,1500.0
Zhang K.L.,Grass,all,1,0,1,1.0,1483.1229511481413
Zhang K.L.,Grass,last_year,0,0,0,0.0,1500.0
Zhang K.L.,Grass,last_month,0,0,0,0.0,1500.0
Zhang K.L.,Greenset,all,0,0,0,0.0,1500.0
Zhang K.L.,Greenset,last_year,0,0,0,0.0,1500.0
Zhang K.L.,Greenset,last_month,0,0,0,0.0,1500.0
Kostyuk M.,Hard,all,143,81,62,0.43356643356643354,1459.8507906579985
Kostyuk M.,Hard,last_year,33,19,14,0.42424242424242425,1475.0350945106502
Kostyuk M.,Hard,last_month,0,0,0,0.0,1500.0
Kostyuk M.,Carpet,all,0,0,0,0.0,1500.0
Kostyuk M.,Carpet,last_year,0,0,0,0.0,1500.0
Kostyuk M.,Carpet,last_month,0,0,0,0.0,1500.0
Kostyuk M.,Clay,all,45,22,23,0.5111111111111111,1537.0559047481559
Kostyuk M.,Clay,last_year,9,6,3,0.3333333333333333,1520.7590047882097
Kostyuk M.,Clay,last_month,0,0,0,0.0,1500.0
Kostyuk M.,Grass,all,22,8,14,0.6363636363636364,1518.2810983426796
Kostyuk M.,Grass,last_year,6,2,4,0.6666666666666666,1511.609803580368
Kostyuk M.,Grass,last_month,3,0,3,1.0,1520.6767380103092
Kostyuk M.,Greenset,all,0,0,0,0.0,1500.0
Kostyuk M.,Greenset,last_year,0,0,0,0.0,1500.0
Kostyuk M.,Greenset,last_month,0,0,0,0.0,1500.0
Curmi F.,Hard,all,0,0,0,0.0,1500.0
Curmi F.,Hard,last_year,0,0,0,0.0,1500.0
Curmi F.,Hard,last_month,0,0,0,0.0,1500.0
Curmi F.,Carpet,all,0,0,0,0.0,1500.0
Curmi F.,Carpet,last_year,0,0,0,0.0,1500.0
Curmi F.,Carpet,last_month,0,0,0,0.0,1500.0
Curmi F.,Clay,all,1,0,1,1.0,1487.3426325195642
Curmi F.,Clay,last_year,0,0,0,0.0,1500.0
Curmi F.,Clay,last_month,0,0,0,0.0,1500.0
Curmi F.,Grass,all,0,0,0,0.0,1500.0
Curmi F.,Grass,last_year,0,0,0,0.0,1500.0
Curmi F.,Grass,last_month,0,0,0,0.0,1500.0
Curmi F.,Greenset,all,0,0,0,0.0,1500.0
Curmi F.,Greenset,last_year,0,0,0,0.0,1500.0
Curmi F.,Greenset,last_month,0,0,0,0.0,1500.0
Fujiwara R.,Hard,all,6,1,5,0.8333333333333334,1528.2407485460524
Fujiwara R.,Hard,last_year,0,0,0,0.0,1500.0
Fujiwara R.,Hard,last_month,0,0,0,0.0,1500.0
Fujiwara R.,Carpet,all,0,0,0,0.0,1500.0
Fujiwara R.,Carpet,last_year,0,0,0,0.0,1500.0
Fujiwara R.,Carpet,last_month,0,0,0,0.0,1500.0
Fujiwara R.,Clay,all,1,0,1,1.0,1517.2212883585921
Fujiwara R.,Clay,last_year,0,0,0,0.0,1500.0
Fujiwara R.,Clay,last_month,0,0,0,0.0,1500.0
Fujiwara R.,Grass,all,3,1,2,0.6666666666666666,1482.3733715807932
Fujiwara R.,Grass,last_year,0,0,0,0.0,1500.0
Fujiwara R.,Grass,last_month,0,0,0,0.0,1500.0
Fujiwara R.,Greenset,all,0,0,0,0.0,1500.0
Fujiwara R.,Greenset,last_year,0,0,0,0.0,1500.0
Fujiwara R.,Greenset,last_month,0,0,0,0.0,1500.0
Altick F.,Hard,all,0,0,0,0.0,1500.0
Altick F.,Hard,last_year,0,0,0,0.0,1500.0
Altick F.,Hard,last_month,0,0,0,0.0,1500.0
Altick F.,Carpet,all,0,0,0,0.0,1500.0
Altick F.,Carpet,last_year,0,0,0,0.0,1500.0
Altick F.,Carpet,last_month,0,0,0,0.0,1500.0
Altick F.,Clay,all,1,0,1,1.0,1483.8783310058852
Altick F.,Clay,last_year,0,0,0,0.0,1500.0
Altick F.,Clay,last_month,0,0,0,0.0,1500.0
Altick F.,Grass,all,0,0,0,0.0,1500.0
Altick F.,Grass,last_year,0,0,0,0.0,1500.0
Altick F.,Grass,last_month,0,0,0,0.0,1500.0
Altick F.,Greenset,all,0,0,0,0.0,1500.0
Altick F.,Greenset,last_year,0,0,0,0.0,1500.0
Altick F.,Greenset,last_month,0,0,0,0.0,1500.0
Muhamed A.,Hard,all,1,0,1,1.0,1487.3431645262337
Muhamed A.,Hard,last_year,0,0,0,0.0,1500.0
Muhamed A.,Hard,last_month,0,0,0,0.0,1500.0
Muhamed A.,Carpet,all,0,0,0,0.0,1500.0
Muhamed A.,Carpet,last_year,0,0,0,0.0,1500.0
Muhamed A.,Carpet,last_month,0,0,0,0.0,1500.0
Muhamed A.,Clay,all,0,0,0,0.0,1500.0
Muhamed A.,Clay,last_year,0,0,0,0.0,1500.0
Muhamed A.,Clay,last_month,0,0,0,0.0,1500.0
Muhamed A.,Grass,all,0,0,0,0.0,1500.0
Muhamed A.,Grass,last_year,0,0,0,0.0,1500.0
Muhamed A.,Grass,last_month,0,0,0,0.0,1500.0
Muhamed A.,Greenset,all,0,0,0,0.0,1500.0
Muhamed A.,Greenset,last_year,0,0,0,0.0,1500.0
Muhamed A.,Greenset,last_month,0,0,0,0.0,1500.0
Kuznetsova S.,Hard,all,386,240,146,0.37823834196891193,1487.3752317831813
Kuznetsova S.,Hard,last_year,0,0,0,0.0,1500.0
Kuznetsova S.,Hard,last_month,0,0,0,0.0,1500.0
Kuznetsova S.,Carpet,all,8,5,3,0.375,1455.5232193454935
Kuznetsova S.,Carpet,last_year,0,0,0,0.0,1500.0
Kuznetsova S.,Carpet,last_month,0,0,0,0.0,1500.0
Kuznetsova S.,Clay,all,158,105,53,0.33544303797468356,1473.9073571030003
Kuznetsova S.,Clay,last_year,0,0,0,0.0,1500.0
Kuznetsova S.,Clay,last_month,0,0,0,0.0,1500.0
Kuznetsova S.,Grass,all,55,31,24,0.43636363636363634,1533.7866409165952
Kuznetsova S.,Grass,last_year,0,0,0,0.0,1500.0
Kuznetsova S.,Grass,last_month,0,0,0,0.0,1500.0
Kuznetsova S.,Greenset,all,0,0,0,0.0,1500.0
Kuznetsova S.,Greenset,last_year,0,0,0,0.0,1500.0
Kuznetsova S.,Greenset,last_month,0,0,0,0.0,1500.0
Borsanyi C.,Hard,all,0,0,0,0.0,1500.0
Borsanyi C.,Hard,last_year,0,0,0,0.0,1500.0
Borsanyi C.,Hard,last_month,0,0,0,0.0,1500.0
Borsanyi C.,Carpet,all,0,0,0,0.0,1500.0
Borsanyi C.,Carpet,last_year,0,0,0,0.0,1500.0
Borsanyi C.,Carpet,last_month,0,0,0,0.0,1500.0
Borsanyi C.,Clay,all,1,0,1,1.0,1516.106917060586
Borsanyi C.,Clay,last_year,0,0,0,0.0,1500.0
Borsanyi C.,Clay,last_month,0,0,0,0.0,1500.0
Borsanyi C.,Grass,all,0,0,0,0.0,1500.0
Borsanyi C.,Grass,last_year,0,0,0,0.0,1500.0
Borsanyi C.,Grass,last_month,0,0,0,0.0,1500.0
Borsanyi C.,Greenset,all,0,0,0,0.0,1500.0
Borsanyi C.,Greenset,last_year,0,0,0,0.0,1500.0
Borsanyi C.,Greenset,last_month,0,0,0,0.0,1500.0
Collins D.R.,Hard,all,0,0,0,0.0,1500.0
Collins D.R.,Hard,last_year,0,0,0,0.0,1500.0
Collins D.R.,Hard,last_month,0,0,0,0.0,1500.0
Collins D.R.,Carpet,all,0,0,0,0.0,1500.0
Collins D.R.,Carpet,last_year,0,0,0,0.0,1500.0
Collins D.R.,Carpet,last_month,0,0,0,0.0,1500.0
Collins D.R.,Clay,all,0,0,0,0.0,1500.0
Collins D.R.,Clay,last_year,0,0,0,0.0,1500.0
Collins D.R.,Clay,last_month,0,0,0,0.0,1500.0
Collins D.R.,Grass,all,4,2,2,0.5,1536.0864256341852
Collins D.R.,Grass,last_year,0,0,0,0.0,1500.0
Collins D.R.,Grass,last_month,0,0,0,0.0,1500.0
Collins D.R.,Greenset,all,0,0,0,0.0,1500.0
Collins D.R.,Greenset,last_year,0,0,0,0.0,1500.0
Collins D.R.,Greenset,last_month,0,0,0,0.0,1500.0
Sharipova S.,Hard,all,17,4,13,0.7647058823529411,1543.336710880475
Sharipova S.,Hard,last_year,0,0,0,0.0,1500.0
Sharipova S.,Hard,last_month,0,0,0,0.0,1500.0
Sharipova S.,Carpet,all,0,0,0,0.0,1500.0
Sharipova S.,Carpet,last_year,0,0,0,0.0,1500.0
Sharipova S.,Carpet,last_month,0,0,0,0.0,1500.0
Sharipova S.,Clay,all,0,0,0,0.0,1500.0
Sharipova S.,Clay,last_year,0,0,0,0.0,1500.0
Sharipova S.,Clay,last_month,0,0,0,0.0,1500.0
Sharipova S.,Grass,all,0,0,0,0.0,1500.0
Sharipova S.,Grass,last_year,0,0,0,0.0,1500.0
Sharipova S.,Grass,last_month,0,0,0,0.0,1500.0
Sharipova S.,Greenset,all,0,0,0,0.0,1500.0
Sharipova S.,Greenset,last_year,0,0,0,0.0,1500.0
Sharipova S.,Greenset,last_month,0,0,0,0.0,1500.0
Urhobo A.,Hard,all,1,0,1,1.0,1514.026927084832
Urhobo A.,Hard,last_year,1,0,1,1.0,1513.3968360945282
Urhobo A.,Hard,last_month,0,0,0,0.0,1500.0
Urhobo A.,Carpet,all,0,0,0,0.0,1500.0
Urhobo A.,Carpet,last_year,0,0,0,0.0,1500.0
Urhobo A.,Carpet,last_month,0,0,0,0.0,1500.0
Urhobo A.,Clay,all,0,0,0,0.0,1500.0
Urhobo A.,Clay,last_year,0,0,0,0.0,1500.0
Urhobo A.,Clay,last_month,0,0,0,0.0,1500.0
Urhobo A.,Grass,all,0,0,0,0.0,1500.0
Urhobo A.,Grass,last_year,0,0,0,0.0,1500.0
Urhobo A.,Grass,last_month,0,0,0,0.0,1500.0
Urhobo A.,Greenset,all,0,0,0,0.0,1500.0
Urhobo A.,Greenset,last_year,0,0,0,0.0,1500.0
Urhobo A.,Greenset,last_month,0,0,0,0.0,1500.0
Prozorova T.,Hard,all,4,0,4,1.0,1525.5887792878161
Prozorova T.,Hard,last_year,3,0,3,1.0,1516.9103595407926
Prozorova T.,Hard,last_month,0,0,0,0.0,1500.0
Prozorova T.,Carpet,all,0,0,0,0.0,1500.0
Prozorova T.,Carpet,last_year,0,0,0,0.0,1500.0
Prozorova T.,Carpet,last_month,0,0,0,0.0,1500.0
Prozorova T.,Clay,all,3,1,2,0.6666666666666666,1546.1732956066999
Prozorova T.,Clay,last_year,0,0,0,0.0,1500.0
Prozorova T.,Clay,last_month,0,0,0,0.0,1500.0
Prozorova T.,Grass,all,0,0,0,0.0,1500.0
Prozorova T.,Grass,last_year,0,0,0,0.0,1500.0
Prozorova T.,Grass,last_month,0,0,0,0.0,1500.0
Prozorova T.,Greenset,all,0,0,0,0.0,1500.0
Prozorova T.,Greenset,last_year,0,0,0,0.0,1500.0
Prozorova T.,Greenset,last_month,0,0,0,0.0,1500.0
Garcia-Vidagany B.,Hard,all,0,0,0,0.0,1500.0
Garcia-Vidagany B.,Hard,last_year,0,0,0,0.0,1500.0
Garcia-Vidagany B.,Hard,last_month,0,0,0,0.0,1500.0
Garcia-Vidagany B.,Carpet,all,0,0,0,0.0,1500.0
Garcia-Vidagany B.,Carpet,last_year,0,0,0,0.0,1500.0
Garcia-Vidagany B.,Carpet,last_month,0,0,0,0.0,1500.0
Garcia-Vidagany B.,Clay,all,1,0,1,1.0,1482.808576519623
Garcia-Vidagany B.,Clay,last_year,0,0,0,0.0,1500.0
Garcia-Vidagany B.,Clay,last_month,0,0,0,0.0,1500.0
Garcia-Vidagany B.,Grass,all,0,0,0,0.0,1500.0
Garcia-Vidagany B.,Grass,last_year,0,0,0,0.0,1500.0
Garcia-Vidagany B.,Grass,last_month,0,0,0,0.0,1500.0
Garcia-Vidagany B.,Greenset,all,0,0,0,0.0,1500.0
Garcia-Vidagany B.,Greenset,last_year,0,0,0,0.0,1500.0
Garcia-Vidagany B.,Greenset,last_month,0,0,0,0.0,1500.0
Kubka M.,Hard,all,0,0,0,0.0,1500.0
Kubka M.,Hard,last_year,0,0,0,0.0,1500.0
Kubka M.,Hard,last_month,0,0,0,0.0,1500.0
Kubka M.,Carpet,all,0,0,0,0.0,1500.0
Kubka M.,Carpet,last_year,0,0,0,0.0,1500.0
Kubka M.,Carpet,last_month,0,0,0,0.0,1500.0
Kubka M.,Clay,all,1,0,1,1.0,1518.7354331034062
Kubka M.,Clay,last_year,0,0,0,0.0,1500.0
Kubka M.,Clay,last_month,0,0,0,0.0,1500.0
Kubka M.,Grass,all,0,0,0,0.0,1500.0
Kubka M.,Grass,last_year,0,0,0,0.0,1500.0
Kubka M.,Grass,last_month,0,0,0,0.0,1500.0
Kubka M.,Greenset,all,0,0,0,0.0,1500.0
Kubka M.,Greenset,last_year,0,0,0,0.0,1500.0
Kubka M.,Greenset,last_month,0,0,0,0.0,1500.0
Linetskaya E.,Hard,all,1,0,1,1.0,1517.5083129237016
Linetskaya E.,Hard,last_year,0,0,0,0.0,1500.0
Linetskaya E.,Hard,last_month,0,0,0,0.0,1500.0
Linetskaya E.,Carpet,all,0,0,0,0.0,1500.0
Linetskaya E.,Carpet,last_year,0,0,0,0.0,1500.0
Linetskaya E.,Carpet,last_month,0,0,0,0.0,1500.0
Linetskaya E.,Clay,all,0,0,0,0.0,1500.0
Linetskaya E.,Clay,last_year,0,0,0,0.0,1500.0
Linetskaya E.,Clay,last_month,0,0,0,0.0,1500.0
Linetskaya E.,Grass,all,0,0,0,0.0,1500.0
Linetskaya E.,Grass,last_year,0,0,0,0.0,1500.0
Linetskaya E.,Grass,last_month,0,0,0,0.0,1500.0
Linetskaya E.,Greenset,all,0,0,0,0.0,1500.0
Linetskaya E.,Greenset,last_year,0,0,0,0.0,1500.0
Linetskaya E.,Greenset,last_month,0,0,0,0.0,1500.0
Elliott A.,Hard,all,0,0,0,0.0,1500.0
Elliott A.,Hard,last_year,0,0,0,0.0,1500.0
Elliott A.,Hard,last_month,0,0,0,0.0,1500.0
Elliott A.,Carpet,all,0,0,0,0.0,1500.0
Elliott A.,Carpet,last_year,0,0,0,0.0,1500.0
Elliott A.,Carpet,last_month,0,0,0,0.0,1500.0
Elliott A.,Clay,all,0,0,0,0.0,1500.0
Elliott A.,Clay,last_year,0,0,0,0.0,1500.0
Elliott A.,Clay,last_month,0,0,0,0.0,1500.0
Elliott A.,Grass,all,1,0,1,1.0,1514.692790860961
Elliott A.,Grass,last_year,0,0,0,0.0,1500.0
Elliott A.,Grass,last_month,0,0,0,0.0,1500.0
Elliott A.,Greenset,all,0,0,0,0.0,1500.0
Elliott A.,Greenset,last_year,0,0,0,0.0,1500.0
Elliott A.,Greenset,last_month,0,0,0,0.0,1500.0
Olaru I.,Hard,all,40,17,23,0.575,1524.3862128605801
Olaru I.,Hard,last_year,0,0,0,0.0,1500.0
Olaru I.,Hard,last_month,0,0,0,0.0,1500.0
Olaru I.,Carpet,all,0,0,0,0.0,1500.0
Olaru I.,Carpet,last_year,0,0,0,0.0,1500.0
Olaru I.,Carpet,last_month,0,0,0,0.0,1500.0
Olaru I.,Clay,all,38,17,21,0.5526315789473685,1546.870453392096
Olaru I.,Clay,last_year,0,0,0,0.0,1500.0
Olaru I.,Clay,last_month,0,0,0,0.0,1500.0
Olaru I.,Grass,all,6,2,4,0.6666666666666666,1504.5584722778317
Olaru I.,Grass,last_year,0,0,0,0.0,1500.0
Olaru I.,Grass,last_month,0,0,0,0.0,1500.0
Olaru I.,Greenset,all,0,0,0,0.0,1500.0
Olaru I.,Greenset,last_year,0,0,0,0.0,1500.0
Olaru I.,Greenset,last_month,0,0,0,0.0,1500.0
Mishina D.,Hard,all,1,0,1,1.0,1517.2301414790904
Mishina D.,Hard,last_year,0,0,0,0.0,1500.0
Mishina D.,Hard,last_month,0,0,0,0.0,1500.0
Mishina D.,Carpet,all,0,0,0,0.0,1500.0
Mishina D.,Carpet,last_year,0,0,0,0.0,1500.0
Mishina D.,Carpet,last_month,0,0,0,0.0,1500.0
Mishina D.,Clay,all,0,0,0,0.0,1500.0
Mishina D.,Clay,last_year,0,0,0,0.0,1500.0
Mishina D.,Clay,last_month,0,0,0,0.0,1500.0
Mishina D.,Grass,all,0,0,0,0.0,1500.0
Mishina D.,Grass,last_year,0,0,0,0.0,1500.0
Mishina D.,Grass,last_month,0,0,0,0.0,1500.0
Mishina D.,Greenset,all,0,0,0,0.0,1500.0
Mishina D.,Greenset,last_year,0,0,0,0.0,1500.0
Mishina D.,Greenset,last_month,0,0,0,0.0,1500.0
Torro-Flor M.T.,Hard,all,0,0,0,0.0,1500.0
Torro-Flor M.T.,Hard,last_year,0,0,0,0.0,1500.0
Torro-Flor M.T.,Hard,last_month,0,0,0,0.0,1500.0
Torro-Flor M.T.,Carpet,all,0,0,0,0.0,1500.0
Torro-Flor M.T.,Carpet,last_year,0,0,0,0.0,1500.0
Torro-Flor M.T.,Carpet,last_month,0,0,0,0.0,1500.0
Torro-Flor M.T.,Clay,all,1,0,1,1.0,1484.0
Torro-Flor M.T.,Clay,last_year,0,0,0,0.0,1500.0
Torro-Flor M.T.,Clay,last_month,0,0,0,0.0,1500.0
Torro-Flor M.T.,Grass,all,0,0,0,0.0,1500.0
Torro-Flor M.T.,Grass,last_year,0,0,0,0.0,1500.0
Torro-Flor M.T.,Grass,last_month,0,0,0,0.0,1500.0
Torro-Flor M.T.,Greenset,all,0,0,0,0.0,1500.0
Torro-Flor M.T.,Greenset,last_year,0,0,0,0.0,1500.0
Torro-Flor M.T.,Greenset,last_month,0,0,0,0.0,1500.0
Kontaveit A.,Hard,all,209,126,83,0.6028708133971292,1553.682540592815
Kontaveit A.,Hard,last_year,0,0,0,0.0,1500.0
Kontaveit A.,Hard,last_month,0,0,0,0.0,1500.0
Kontaveit A.,Carpet,all,0,0,0,0.0,1500.0
Kontaveit A.,Carpet,last_year,0,0,0,0.0,1500.0
Kontaveit A.,Carpet,last_month,0,0,0,0.0,1500.0
Kontaveit A.,Clay,all,81,47,34,0.41975308641975306,1500.5482184249095
Kontaveit A.,Clay,last_year,0,0,0,0.0,1500.0
Kontaveit A.,Clay,last_month,0,0,0,0.0,1500.0
Kontaveit A.,Grass,all,35,19,16,0.45714285714285713,1508.061856558119
Kontaveit A.,Grass,last_year,0,0,0,0.0,1500.0
Kontaveit A.,Grass,last_month,0,0,0,0.0,1500.0
Kontaveit A.,Greenset,all,0,0,0,0.0,1500.0
Kontaveit A.,Greenset,last_year,0,0,0,0.0,1500.0
Kontaveit A.,Greenset,last_month,0,0,0,0.0,1500.0
Ristic M.,Hard,all,0,0,0,0.0,1500.0
Ristic M.,Hard,last_year,0,0,0,0.0,1500.0
Ristic M.,Hard,last_month,0,0,0,0.0,1500.0
Ristic M.,Carpet,all,0,0,0,0.0,1500.0
Ristic M.,Carpet,last_year,0,0,0,0.0,1500.0
Ristic M.,Carpet,last_month,0,0,0,0.0,1500.0
Ristic M.,Clay,all,2,0,2,1.0,1470.6306591527464
Ristic M.,Clay,last_year,1,0,1,1.0,1484.0
Ristic M.,Clay,last_month,0,0,0,0.0,1500.0
Ristic M.,Grass,all,0,0,0,0.0,1500.0
Ristic M.,Grass,last_year,0,0,0,0.0,1500.0
Ristic M.,Grass,last_month,0,0,0,0.0,1500.0
Ristic M.,Greenset,all,0,0,0,0.0,1500.0
Ristic M.,Greenset,last_year,0,0,0,0.0,1500.0
Ristic M.,Greenset,last_month,0,0,0,0.0,1500.0
Scholl C.,Hard,all,0,0,0,0.0,1500.0
Scholl C.,Hard,last_year,0,0,0,0.0,1500.0
Scholl C.,Hard,last_month,0,0,0,0.0,1500.0
Scholl C.,Carpet,all,0,0,0,0.0,1500.0
Scholl C.,Carpet,last_year,0,0,0,0.0,1500.0
Scholl C.,Carpet,last_month,0,0,0,0.0,1500.0
Scholl C.,Clay,all,4,2,2,0.5,1494.834823801892
Scholl C.,Clay,last_year,0,0,0,0.0,1500.0
Scholl C.,Clay,last_month,0,0,0,0.0,1500.0
Scholl C.,Grass,all,0,0,0,0.0,1500.0
Scholl C.,Grass,last_year,0,0,0,0.0,1500.0
Scholl C.,Grass,last_month,0,0,0,0.0,1500.0
Scholl C.,Greenset,all,0,0,0,0.0,1500.0
Scholl C.,Greenset,last_year,0,0,0,0.0,1500.0
Scholl C.,Greenset,last_month,0,0,0,0.0,1500.0
Pieri J.,Hard,all,1,0,1,1.0,1479.5247833445244
Pieri J.,Hard,last_year,0,0,0,0.0,1500.0
Pieri J.,Hard,last_month,0,0,0,0.0,1500.0
Pieri J.,Carpet,all,0,0,0,0.0,1500.0
Pieri J.,Carpet,last_year,0,0,0,0.0,1500.0
Pieri J.,Carpet,last_month,0,0,0,0.0,1500.0
Pieri J.,Clay,all,1,0,1,1.0,1512.970780793422
Pieri J.,Clay,last_year,0,0,0,0.0,1500.0
Pieri J.,Clay,last_month,0,0,0,0.0,1500.0
Pieri J.,Grass,all,0,0,0,0.0,1500.0
Pieri J.,Grass,last_year,0,0,0,0.0,1500.0
Pieri J.,Grass,last_month,0,0,0,0.0,1500.0
Pieri J.,Greenset,all,0,0,0,0.0,1500.0
Pieri J.,Greenset,last_year,0,0,0,0.0,1500.0
Pieri J.,Greenset,last_month,0,0,0,0.0,1500.0
Strakhova V.,Hard,all,0,0,0,0.0,1500.0
Strakhova V.,Hard,last_year,0,0,0,0.0,1500.0
Strakhova V.,Hard,last_month,0,0,0,0.0,1500.0
Strakhova V.,Carpet,all,0,0,0,0.0,1500.0
Strakhova V.,Carpet,last_year,0,0,0,0.0,1500.0
Strakhova V.,Carpet,last_month,0,0,0,0.0,1500.0
Strakhova V.,Clay,all,1,0,1,1.0,1485.3957742673335
Strakhova V.,Clay,last_year,0,0,0,0.0,1500.0
Strakhova V.,Clay,last_month,0,0,0,0.0,1500.0
Strakhova V.,Grass,all,0,0,0,0.0,1500.0
Strakhova V.,Grass,last_year,0,0,0,0.0,1500.0
Strakhova V.,Grass,last_month,0,0,0,0.0,1500.0
Strakhova V.,Greenset,all,0,0,0,0.0,1500.0
Strakhova V.,Greenset,last_year,0,0,0,0.0,1500.0
Strakhova V.,Greenset,last_month,0,0,0,0.0,1500.0
Pera B.,Hard,all,117,43,74,0.6324786324786325,1564.5214568615493
Pera B.,Hard,last_year,20,8,12,0.6,1585.6295532676888
Pera B.,Hard,last_month,0,0,0,0.0,1500.0
Pera B.,Carpet,all,0,0,0,0.0,1500.0
Pera B.,Carpet,last_year,0,0,0,0.0,1500.0
Pera B.,Carpet,last_month,0,0,0,0.0,1500.0
Pera B.,Clay,all,82,47,35,0.4268292682926829,1524.574814303987
Pera B.,Clay,last_year,8,4,4,0.5,1497.8826769818797
Pera B.,Clay,last_month,0,0,0,0.0,1500.0
Pera B.,Grass,all,18,5,13,0.7222222222222222,1537.2383934963711
Pera B.,Grass,last_year,6,3,3,0.5,1555.6533438140114
Pera B.,Grass,last_month,3,1,2,0.6666666666666666,1515.6723180743945
Pera B.,Greenset,all,0,0,0,0.0,1500.0
Pera B.,Greenset,last_year,0,0,0,0.0,1500.0
Pera B.,Greenset,last_month,0,0,0,0.0,1500.0
Arconada U.M.,Hard,all,6,1,5,0.8333333333333334,1538.900997816739
Arconada U.M.,Hard,last_year,0,0,0,0.0,1500.0
Arconada U.M.,Hard,last_month,0,0,0,0.0,1500.0
Arconada U.M.,Carpet,all,0,0,0,0.0,1500.0
Arconada U.M.,Carpet,last_year,0,0,0,0.0,1500.0
Arconada U.M.,Carpet,last_month,0,0,0,0.0,1500.0
Arconada U.M.,Clay,all,2,0,2,1.0,1501.695143773986
Arconada U.M.,Clay,last_year,0,0,0,0.0,1500.0
Arconada U.M.,Clay,last_month,0,0,0,0.0,1500.0
Arconada U.M.,Grass,all,0,0,0,0.0,1500.0
Arconada U.M.,Grass,last_year,0,0,0,0.0,1500.0
Arconada U.M.,Grass,last_month,0,0,0,0.0,1500.0
Arconada U.M.,Greenset,all,0,0,0,0.0,1500.0
Arconada U.M.,Greenset,last_year,0,0,0,0.0,1500.0
Arconada U.M.,Greenset,last_month,0,0,0,0.0,1500.0
King V.,Hard,all,170,78,92,0.5411764705882353,1501.027129877804
King V.,Hard,last_year,0,0,0,0.0,1500.0
King V.,Hard,last_month,0,0,0,0.0,1500.0
King V.,Carpet,all,0,0,0,0.0,1500.0
King V.,Carpet,last_year,0,0,0,0.0,1500.0
King V.,Carpet,last_month,0,0,0,0.0,1500.0
King V.,Clay,all,58,25,33,0.5689655172413793,1545.2362293201984
King V.,Clay,last_year,0,0,0,0.0,1500.0
King V.,Clay,last_month,0,0,0,0.0,1500.0
King V.,Grass,all,18,5,13,0.7222222222222222,1516.6772849924992
King V.,Grass,last_year,0,0,0,0.0,1500.0
King V.,Grass,last_month,0,0,0,0.0,1500.0
King V.,Greenset,all,2,1,1,0.5,1500.0
King V.,Greenset,last_year,0,0,0,0.0,1500.0
King V.,Greenset,last_month,0,0,0,0.0,1500.0
Kovinic D.,Hard,all,98,33,65,0.6632653061224489,1367.8219675821263
Kovinic D.,Hard,last_year,2,1,1,0.5,1469.21303489127
Kovinic D.,Hard,last_month,0,0,0,0.0,1500.0
Kovinic D.,Carpet,all,0,0,0,0.0,1500.0
Kovinic D.,Carpet,last_year,0,0,0,0.0,1500.0
Kovinic D.,Carpet,last_month,0,0,0,0.0,1500.0
Kovinic D.,Clay,all,94,50,44,0.46808510638297873,1470.5025984931603
Kovinic D.,Clay,last_year,0,0,0,0.0,1500.0
Kovinic D.,Clay,last_month,0,0,0,0.0,1500.0
Kovinic D.,Grass,all,6,0,6,1.0,1554.2385598003727
Kovinic D.,Grass,last_year,0,0,0,0.0,1500.0
Kovinic D.,Grass,last_month,0,0,0,0.0,1500.0
Kovinic D.,Greenset,all,0,0,0,0.0,1500.0
Kovinic D.,Greenset,last_year,0,0,0,0.0,1500.0
Kovinic D.,Greenset,last_month,0,0,0,0.0,1500.0
Yamaguchi M.,Hard,all,2,0,2,1.0,1497.1948602144419
Yamaguchi M.,Hard,last_year,2,0,2,1.0,1499.6760000200243
Yamaguchi M.,Hard,last_month,0,0,0,0.0,1500.0
Yamaguchi M.,Carpet,all,0,0,0,0.0,1500.0
Yamaguchi M.,Carpet,last_year,0,0,0,0.0,1500.0
Yamaguchi M.,Carpet,last_month,0,0,0,0.0,1500.0
Yamaguchi M.,Clay,all,0,0,0,0.0,1500.0
Yamaguchi M.,Clay,last_year,0,0,0,0.0,1500.0
Yamaguchi M.,Clay,last_month,0,0,0,0.0,1500.0
Yamaguchi M.,Grass,all,0,0,0,0.0,1500.0
Yamaguchi M.,Grass,last_year,0,0,0,0.0,1500.0
Yamaguchi M.,Grass,last_month,0,0,0,0.0,1500.0
Yamaguchi M.,Greenset,all,0,0,0,0.0,1500.0
Yamaguchi M.,Greenset,last_year,0,0,0,0.0,1500.0
Yamaguchi M.,Greenset,last_month,0,0,0,0.0,1500.0
Dodin O.,Hard,all,68,29,39,0.5735294117647058,1558.0287123382616
Dodin O.,Hard,last_year,1,0,1,1.0,1484.0
Dodin O.,Hard,last_month,0,0,0,0.0,1500.0
Dodin O.,Carpet,all,0,0,0,0.0,1500.0
Dodin O.,Carpet,last_year,0,0,0,0.0,1500.0
Dodin O.,Carpet,last_month,0,0,0,0.0,1500.0
Dodin O.,Clay,all,40,15,25,0.625,1484.3304684351078
Dodin O.,Clay,last_year,0,0,0,0.0,1500.0
Dodin O.,Clay,last_month,0,0,0,0.0,1500.0
Dodin O.,Grass,all,9,1,8,0.8888888888888888,1459.3270442431342
Dodin O.,Grass,last_year,1,0,1,1.0,1484.0
Dodin O.,Grass,last_month,0,0,0,0.0,1500.0
Dodin O.,Greenset,all,0,0,0,0.0,1500.0
Dodin O.,Greenset,last_year,0,0,0,0.0,1500.0
Dodin O.,Greenset,last_month,0,0,0,0.0,1500.0
Zakharova A.,Hard,all,16,5,11,0.6875,1529.6208545632314
Zakharova A.,Hard,last_year,6,2,4,0.6666666666666666,1523.4497178764882
Zakharova A.,Hard,last_month,0,0,0,0.0,1500.0
Zakharova A.,Carpet,all,0,0,0,0.0,1500.0
Zakharova A.,Carpet,last_year,0,0,0,0.0,1500.0
Zakharova A.,Carpet,last_month,0,0,0,0.0,1500.0
Zakharova A.,Clay,all,2,0,2,1.0,1470.0401566866315
Zakharova A.,Clay,last_year,0,0,0,0.0,1500.0
Zakharova A.,Clay,last_month,0,0,0,0.0,1500.0
Zakharova A.,Grass,all,4,2,2,0.5,1499.9274812992267
Zakharova A.,Grass,last_year,4,2,2,0.5,1500.8332779043903
Zakharova A.,Grass,last_month,4,2,2,0.5,1500.6522475419315
Zakharova A.,Greenset,all,0,0,0,0.0,1500.0
Zakharova A.,Greenset,last_year,0,0,0,0.0,1500.0
Zakharova A.,Greenset,last_month,0,0,0,0.0,1500.0
Crawford S.,Hard,all,21,7,14,0.6666666666666666,1518.0895492358645
Crawford S.,Hard,last_year,0,0,0,0.0,1500.0
Crawford S.,Hard,last_month,0,0,0,0.0,1500.0
Crawford S.,Carpet,all,0,0,0,0.0,1500.0
Crawford S.,Carpet,last_year,0,0,0,0.0,1500.0
Crawford S.,Carpet,last_month,0,0,0,0.0,1500.0
Crawford S.,Clay,all,2,0,2,1.0,1467.4074193263714
Crawford S.,Clay,last_year,0,0,0,0.0,1500.0
Crawford S.,Clay,last_month,0,0,0,0.0,1500.0
Crawford S.,Grass,all,2,1,1,0.5,1498.6044582248082
Crawford S.,Grass,last_year,0,0,0,0.0,1500.0
Crawford S.,Grass,last_month,0,0,0,0.0,1500.0
Crawford S.,Greenset,all,0,0,0,0.0,1500.0
Crawford S.,Greenset,last_year,0,0,0,0.0,1500.0
Crawford S.,Greenset,last_month,0,0,0,0.0,1500.0
Christie F.,Hard,all,0,0,0,0.0,1500.0
Christie F.,Hard,last_year,0,0,0,0.0,1500.0
Christie F.,Hard,last_month,0,0,0,0.0,1500.0
Christie F.,Carpet,all,0,0,0,0.0,1500.0
Christie F.,Carpet,last_year,0,0,0,0.0,1500.0
Christie F.,Carpet,last_month,0,0,0,0.0,1500.0
Christie F.,Clay,all,0,0,0,0.0,1500.0
Christie F.,Clay,last_year,0,0,0,0.0,1500.0
Christie F.,Clay,last_month,0,0,0,0.0,1500.0
Christie F.,Grass,all,1,0,1,1.0,1484.7260403846371
Christie F.,Grass,last_year,0,0,0,0.0,1500.0
Christie F.,Grass,last_month,0,0,0,0.0,1500.0
Christie F.,Greenset,all,0,0,0,0.0,1500.0
Christie F.,Greenset,last_year,0,0,0,0.0,1500.0
Christie F.,Greenset,last_month,0,0,0,0.0,1500.0
Mattek-Sands B.,Hard,all,133,57,76,0.5714285714285714,1500.1598626380849
Mattek-Sands B.,Hard,last_year,0,0,0,0.0,1500.0
Mattek-Sands B.,Hard,last_month,0,0,0,0.0,1500.0
Mattek-Sands B.,Carpet,all,0,0,0,0.0,1500.0
Mattek-Sands B.,Carpet,last_year,0,0,0,0.0,1500.0
Mattek-Sands B.,Carpet,last_month,0,0,0,0.0,1500.0
Mattek-Sands B.,Clay,all,67,31,36,0.5373134328358209,1512.5455660952766
Mattek-Sands B.,Clay,last_year,0,0,0,0.0,1500.0
Mattek-Sands B.,Clay,last_month,0,0,0,0.0,1500.0
Mattek-Sands B.,Grass,all,12,4,8,0.3333333333333333,1480.728862478104
Mattek-Sands B.,Grass,last_year,0,0,0,0.0,1500.0
Mattek-Sands B.,Grass,last_month,0,0,0,0.0,1500.0
Mattek-Sands B.,Greenset,all,0,0,0,0.0,1500.0
Mattek-Sands B.,Greenset,last_year,0,0,0,0.0,1500.0
Mattek-Sands B.,Greenset,last_month,0,0,0,0.0,1500.0
Naef C.,Hard,all,2,0,2,1.0,1527.168613217954
Naef C.,Hard,last_year,0,0,0,0.0,1500.0
Naef C.,Hard,last_month,0,0,0,0.0,1500.0
Naef C.,Carpet,all,0,0,0,0.0,1500.0
Naef C.,Carpet,last_year,0,0,0,0.0,1500.0
Naef C.,Carpet,last_month,0,0,0,0.0,1500.0
Naef C.,Clay,all,1,0,1,1.0,1483.697896053089
Naef C.,Clay,last_year,0,0,0,0.0,1500.0
Naef C.,Clay,last_month,0,0,0,0.0,1500.0
Naef C.,Grass,all,6,3,3,0.5,1481.2756574236737
Naef C.,Grass,last_year,0,0,0,0.0,1500.0
Naef C.,Grass,last_month,0,0,0,0.0,1500.0
Naef C.,Greenset,all,0,0,0,0.0,1500.0
Naef C.,Greenset,last_year,0,0,0,0.0,1500.0
Naef C.,Greenset,last_month,0,0,0,0.0,1500.0
Gamiz A.,Hard,all,1,0,1,1.0,1516.153129675046
Gamiz A.,Hard,last_year,0,0,0,0.0,1500.0
Gamiz A.,Hard,last_month,0,0,0,0.0,1500.0
Gamiz A.,Carpet,all,0,0,0,0.0,1500.0
Gamiz A.,Carpet,last_year,0,0,0,0.0,1500.0
Gamiz A.,Carpet,last_month,0,0,0,0.0,1500.0
Gamiz A.,Clay,all,3,1,2,0.6666666666666666,1485.4451396110583
Gamiz A.,Clay,last_year,0,0,0,0.0,1500.0
Gamiz A.,Clay,last_month,0,0,0,0.0,1500.0
Gamiz A.,Grass,all,0,0,0,0.0,1500.0
Gamiz A.,Grass,last_year,0,0,0,0.0,1500.0
Gamiz A.,Grass,last_month,0,0,0,0.0,1500.0
Gamiz A.,Greenset,all,0,0,0,0.0,1500.0
Gamiz A.,Greenset,last_year,0,0,0,0.0,1500.0
Gamiz A.,Greenset,last_month,0,0,0,0.0,1500.0
Roma N.,Hard,all,0,0,0,0.0,1500.0
Roma N.,Hard,last_year,0,0,0,0.0,1500.0
Roma N.,Hard,last_month,0,0,0,0.0,1500.0
Roma N.,Carpet,all,0,0,0,0.0,1500.0
Roma N.,Carpet,last_year,0,0,0,0.0,1500.0
Roma N.,Carpet,last_month,0,0,0,0.0,1500.0
Roma N.,Clay,all,1,0,1,1.0,1483.8959119229642
Roma N.,Clay,last_year,0,0,0,0.0,1500.0
Roma N.,Clay,last_month,0,0,0,0.0,1500.0
Roma N.,Grass,all,0,0,0,0.0,1500.0
Roma N.,Grass,last_year,0,0,0,0.0,1500.0
Roma N.,Grass,last_month,0,0,0,0.0,1500.0
Roma N.,Greenset,all,0,0,0,0.0,1500.0
Roma N.,Greenset,last_year,0,0,0,0.0,1500.0
Roma N.,Greenset,last_month,0,0,0,0.0,1500.0
Barte H.,Hard,all,2,0,2,1.0,1504.0189294240836
Barte H.,Hard,last_year,0,0,0,0.0,1500.0
Barte H.,Hard,last_month,0,0,0,0.0,1500.0
Barte H.,Carpet,all,0,0,0,0.0,1500.0
Barte H.,Carpet,last_year,0,0,0,0.0,1500.0
Barte H.,Carpet,last_month,0,0,0,0.0,1500.0
Barte H.,Clay,all,0,0,0,0.0,1500.0
Barte H.,Clay,last_year,0,0,0,0.0,1500.0
Barte H.,Clay,last_month,0,0,0,0.0,1500.0
Barte H.,Grass,all,0,0,0,0.0,1500.0
Barte H.,Grass,last_year,0,0,0,0.0,1500.0
Barte H.,Grass,last_month,0,0,0,0.0,1500.0
Barte H.,Greenset,all,0,0,0,0.0,1500.0
Barte H.,Greenset,last_year,0,0,0,0.0,1500.0
Barte H.,Greenset,last_month,0,0,0,0.0,1500.0
Essaadi L.,Hard,all,0,0,0,0.0,1500.0
Essaadi L.,Hard,last_year,0,0,0,0.0,1500.0
Essaadi L.,Hard,last_month,0,0,0,0.0,1500.0
Essaadi L.,Carpet,all,0,0,0,0.0,1500.0
Essaadi L.,Carpet,last_year,0,0,0,0.0,1500.0
Essaadi L.,Carpet,last_month,0,0,0,0.0,1500.0
Essaadi L.,Clay,all,1,0,1,1.0,1484.0
Essaadi L.,Clay,last_year,0,0,0,0.0,1500.0
Essaadi L.,Clay,last_month,0,0,0,0.0,1500.0
Essaadi L.,Grass,all,0,0,0,0.0,1500.0
Essaadi L.,Grass,last_year,0,0,0,0.0,1500.0
Essaadi L.,Grass,last_month,0,0,0,0.0,1500.0
Essaadi L.,Greenset,all,0,0,0,0.0,1500.0
Essaadi L.,Greenset,last_year,0,0,0,0.0,1500.0
Essaadi L.,Greenset,last_month,0,0,0,0.0,1500.0
Kuryanovich I.,Hard,all,1,0,1,1.0,1486.637244991428
Kuryanovich I.,Hard,last_year,0,0,0,0.0,1500.0
Kuryanovich I.,Hard,last_month,0,0,0,0.0,1500.0
Kuryanovich I.,Carpet,all,0,0,0,0.0,1500.0
Kuryanovich I.,Carpet,last_year,0,0,0,0.0,1500.0
Kuryanovich I.,Carpet,last_month,0,0,0,0.0,1500.0
Kuryanovich I.,Clay,all,0,0,0,0.0,1500.0
Kuryanovich I.,Clay,last_year,0,0,0,0.0,1500.0
Kuryanovich I.,Clay,last_month,0,0,0,0.0,1500.0
Kuryanovich I.,Grass,all,0,0,0,0.0,1500.0
Kuryanovich I.,Grass,last_year,0,0,0,0.0,1500.0
Kuryanovich I.,Grass,last_month,0,0,0,0.0,1500.0
Kuryanovich I.,Greenset,all,0,0,0,0.0,1500.0
Kuryanovich I.,Greenset,last_year,0,0,0,0.0,1500.0
Kuryanovich I.,Greenset,last_month,0,0,0,0.0,1500.0
Kratzer A.,Hard,all,3,1,2,0.6666666666666666,1514.8295158135525
Kratzer A.,Hard,last_year,0,0,0,0.0,1500.0
Kratzer A.,Hard,last_month,0,0,0,0.0,1500.0
Kratzer A.,Carpet,all,0,0,0,0.0,1500.0
Kratzer A.,Carpet,last_year,0,0,0,0.0,1500.0
Kratzer A.,Carpet,last_month,0,0,0,0.0,1500.0
Kratzer A.,Clay,all,0,0,0,0.0,1500.0
Kratzer A.,Clay,last_year,0,0,0,0.0,1500.0
Kratzer A.,Clay,last_month,0,0,0,0.0,1500.0
Kratzer A.,Grass,all,0,0,0,0.0,1500.0
Kratzer A.,Grass,last_year,0,0,0,0.0,1500.0
Kratzer A.,Grass,last_month,0,0,0,0.0,1500.0
Kratzer A.,Greenset,all,0,0,0,0.0,1500.0
Kratzer A.,Greenset,last_year,0,0,0,0.0,1500.0
Kratzer A.,Greenset,last_month,0,0,0,0.0,1500.0
Vondrousova M.,Hard,all,144,88,56,0.3888888888888889,1439.1848100024197
Vondrousova M.,Hard,last_year,7,4,3,0.42857142857142855,1450.6483268243762
Vondrousova M.,Hard,last_month,0,0,0,0.0,1500.0
Vondrousova M.,Carpet,all,0,0,0,0.0,1500.0
Vondrousova M.,Carpet,last_year,0,0,0,0.0,1500.0
Vondrousova M.,Carpet,last_month,0,0,0,0.0,1500.0
Vondrousova M.,Clay,all,72,46,26,0.3611111111111111,1458.3584160172663
Vondrousova M.,Clay,last_year,3,2,1,0.3333333333333333,1453.323827165739
Vondrousova M.,Clay,last_month,0,0,0,0.0,1500.0
Vondrousova M.,Grass,all,30,17,13,0.43333333333333335,1467.1673321067626
Vondrousova M.,Grass,last_year,8,6,2,0.25,1468.4300405741792
Vondrousova M.,Grass,last_month,7,6,1,0.14285714285714285,1478.0608692982598
Vondrousova M.,Greenset,all,0,0,0,0.0,1500.0
Vondrousova M.,Greenset,last_year,0,0,0,0.0,1500.0
Vondrousova M.,Greenset,last_month,0,0,0,0.0,1500.0
Stosur S. ,Hard,all,2,1,1,0.5,1530.4968829087939
Stosur S. ,Hard,last_year,0,0,0,0.0,1500.0
Stosur S. ,Hard,last_month,0,0,0,0.0,1500.0
Stosur S. ,Carpet,all,0,0,0,0.0,1500.0
Stosur S. ,Carpet,last_year,0,0,0,0.0,1500.0
Stosur S. ,Carpet,last_month,0,0,0,0.0,1500.0
Stosur S. ,Clay,all,0,0,0,0.0,1500.0
Stosur S. ,Clay,last_year,0,0,0,0.0,1500.0
Stosur S. ,Clay,last_month,0,0,0,0.0,1500.0
Stosur S. ,Grass,all,0,0,0,0.0,1500.0
Stosur S. ,Grass,last_year,0,0,0,0.0,1500.0
Stosur S. ,Grass,last_month,0,0,0,0.0,1500.0
Stosur S. ,Greenset,all,0,0,0,0.0,1500.0
Stosur S. ,Greenset,last_year,0,0,0,0.0,1500.0
Stosur S. ,Greenset,last_month,0,0,0,0.0,1500.0
Tkacheva M.,Hard,all,1,0,1,1.0,1515.399004132822
Tkacheva M.,Hard,last_year,0,0,0,0.0,1500.0
Tkacheva M.,Hard,last_month,0,0,0,0.0,1500.0
Tkacheva M.,Carpet,all,0,0,0,0.0,1500.0
Tkacheva M.,Carpet,last_year,0,0,0,0.0,1500.0
Tkacheva M.,Carpet,last_month,0,0,0,0.0,1500.0
Tkacheva M.,Clay,all,0,0,0,0.0,1500.0
Tkacheva M.,Clay,last_year,0,0,0,0.0,1500.0
Tkacheva M.,Clay,last_month,0,0,0,0.0,1500.0
Tkacheva M.,Grass,all,0,0,0,0.0,1500.0
Tkacheva M.,Grass,last_year,0,0,0,0.0,1500.0
Tkacheva M.,Grass,last_month,0,0,0,0.0,1500.0
Tkacheva M.,Greenset,all,0,0,0,0.0,1500.0
Tkacheva M.,Greenset,last_year,0,0,0,0.0,1500.0
Tkacheva M.,Greenset,last_month,0,0,0,0.0,1500.0
Guskova N.,Hard,all,1,0,1,1.0,1482.729840714301
Guskova N.,Hard,last_year,0,0,0,0.0,1500.0
Guskova N.,Hard,last_month,0,0,0,0.0,1500.0
Guskova N.,Carpet,all,0,0,0,0.0,1500.0
Guskova N.,Carpet,last_year,0,0,0,0.0,1500.0
Guskova N.,Carpet,last_month,0,0,0,0.0,1500.0
Guskova N.,Clay,all,0,0,0,0.0,1500.0
Guskova N.,Clay,last_year,0,0,0,0.0,1500.0
Guskova N.,Clay,last_month,0,0,0,0.0,1500.0
Guskova N.,Grass,all,0,0,0,0.0,1500.0
Guskova N.,Grass,last_year,0,0,0,0.0,1500.0
Guskova N.,Grass,last_month,0,0,0,0.0,1500.0
Guskova N.,Greenset,all,0,0,0,0.0,1500.0
Guskova N.,Greenset,last_year,0,0,0,0.0,1500.0
Guskova N.,Greenset,last_month,0,0,0,0.0,1500.0
Kumkhum L.,Hard,all,48,19,29,0.6041666666666666,1567.0319359029952
Kumkhum L.,Hard,last_year,0,0,0,0.0,1500.0
Kumkhum L.,Hard,last_month,0,0,0,0.0,1500.0
Kumkhum L.,Carpet,all,0,0,0,0.0,1500.0
Kumkhum L.,Carpet,last_year,0,0,0,0.0,1500.0
Kumkhum L.,Carpet,last_month,0,0,0,0.0,1500.0
Kumkhum L.,Clay,all,5,0,5,1.0,1482.9830206042352
Kumkhum L.,Clay,last_year,0,0,0,0.0,1500.0
Kumkhum L.,Clay,last_month,0,0,0,0.0,1500.0
Kumkhum L.,Grass,all,4,1,3,0.75,1528.8169208514978
Kumkhum L.,Grass,last_year,0,0,0,0.0,1500.0
Kumkhum L.,Grass,last_month,0,0,0,0.0,1500.0
Kumkhum L.,Greenset,all,0,0,0,0.0,1500.0
Kumkhum L.,Greenset,last_year,0,0,0,0.0,1500.0
Kumkhum L.,Greenset,last_month,0,0,0,0.0,1500.0
Pervushina O.,Hard,all,2,0,2,1.0,1498.1314862284926
Pervushina O.,Hard,last_year,0,0,0,0.0,1500.0
Pervushina O.,Hard,last_month,0,0,0,0.0,1500.0
Pervushina O.,Carpet,all,0,0,0,0.0,1500.0
Pervushina O.,Carpet,last_year,0,0,0,0.0,1500.0
Pervushina O.,Carpet,last_month,0,0,0,0.0,1500.0
Pervushina O.,Clay,all,0,0,0,0.0,1500.0
Pervushina O.,Clay,last_year,0,0,0,0.0,1500.0
Pervushina O.,Clay,last_month,0,0,0,0.0,1500.0
Pervushina O.,Grass,all,0,0,0,0.0,1500.0
Pervushina O.,Grass,last_year,0,0,0,0.0,1500.0
Pervushina O.,Grass,last_month,0,0,0,0.0,1500.0
Pervushina O.,Greenset,all,0,0,0,0.0,1500.0
Pervushina O.,Greenset,last_year,0,0,0,0.0,1500.0
Pervushina O.,Greenset,last_month,0,0,0,0.0,1500.0
Rogowska O.,Hard,all,35,6,29,0.8285714285714286,1508.4274319035476
Rogowska O.,Hard,last_year,0,0,0,0.0,1500.0
Rogowska O.,Hard,last_month,0,0,0,0.0,1500.0
Rogowska O.,Carpet,all,0,0,0,0.0,1500.0
Rogowska O.,Carpet,last_year,0,0,0,0.0,1500.0
Rogowska O.,Carpet,last_month,0,0,0,0.0,1500.0
Rogowska O.,Clay,all,7,1,6,0.8571428571428571,1481.5225875491624
Rogowska O.,Clay,last_year,0,0,0,0.0,1500.0
Rogowska O.,Clay,last_month,0,0,0,0.0,1500.0
Rogowska O.,Grass,all,1,0,1,1.0,1511.2492179180808
Rogowska O.,Grass,last_year,0,0,0,0.0,1500.0
Rogowska O.,Grass,last_month,0,0,0,0.0,1500.0
Rogowska O.,Greenset,all,0,0,0,0.0,1500.0
Rogowska O.,Greenset,last_year,0,0,0,0.0,1500.0
Rogowska O.,Greenset,last_month,0,0,0,0.0,1500.0
Jimenez Kasintseva V.,Hard,all,2,0,2,1.0,1470.5709546327307
Jimenez Kasintseva V.,Hard,last_year,1,0,1,1.0,1486.564230761173
Jimenez Kasintseva V.,Hard,last_month,0,0,0,0.0,1500.0
Jimenez Kasintseva V.,Carpet,all,0,0,0,0.0,1500.0
Jimenez Kasintseva V.,Carpet,last_year,0,0,0,0.0,1500.0
Jimenez Kasintseva V.,Carpet,last_month,0,0,0,0.0,1500.0
Jimenez Kasintseva V.,Clay,all,3,1,2,0.6666666666666666,1483.6927728772816
Jimenez Kasintseva V.,Clay,last_year,1,0,1,1.0,1514.5641271217237
Jimenez Kasintseva V.,Clay,last_month,0,0,0,0.0,1500.0
Jimenez Kasintseva V.,Grass,all,0,0,0,0.0,1500.0
Jimenez Kasintseva V.,Grass,last_year,0,0,0,0.0,1500.0
Jimenez Kasintseva V.,Grass,last_month,0,0,0,0.0,1500.0
Jimenez Kasintseva V.,Greenset,all,0,0,0,0.0,1500.0
Jimenez Kasintseva V.,Greenset,last_year,0,0,0,0.0,1500.0
Jimenez Kasintseva V.,Greenset,last_month,0,0,0,0.0,1500.0
Baszak W.,Hard,all,0,0,0,0.0,1500.0
Baszak W.,Hard,last_year,0,0,0,0.0,1500.0
Baszak W.,Hard,last_month,0,0,0,0.0,1500.0
Baszak W.,Carpet,all,0,0,0,0.0,1500.0
Baszak W.,Carpet,last_year,0,0,0,0.0,1500.0
Baszak W.,Carpet,last_month,0,0,0,0.0,1500.0
Baszak W.,Clay,all,1,0,1,1.0,1519.9019316358726
Baszak W.,Clay,last_year,0,0,0,0.0,1500.0
Baszak W.,Clay,last_month,0,0,0,0.0,1500.0
Baszak W.,Grass,all,0,0,0,0.0,1500.0
Baszak W.,Grass,last_year,0,0,0,0.0,1500.0
Baszak W.,Grass,last_month,0,0,0,0.0,1500.0
Baszak W.,Greenset,all,0,0,0,0.0,1500.0
Baszak W.,Greenset,last_year,0,0,0,0.0,1500.0
Baszak W.,Greenset,last_month,0,0,0,0.0,1500.0
Kostanic J.,Hard,all,9,4,5,0.5555555555555556,1488.2671991968446
Kostanic J.,Hard,last_year,0,0,0,0.0,1500.0
Kostanic J.,Hard,last_month,0,0,0,0.0,1500.0
Kostanic J.,Carpet,all,0,0,0,0.0,1500.0
Kostanic J.,Carpet,last_year,0,0,0,0.0,1500.0
Kostanic J.,Carpet,last_month,0,0,0,0.0,1500.0
Kostanic J.,Clay,all,0,0,0,0.0,1500.0
Kostanic J.,Clay,last_year,0,0,0,0.0,1500.0
Kostanic J.,Clay,last_month,0,0,0,0.0,1500.0
Kostanic J.,Grass,all,0,0,0,0.0,1500.0
Kostanic J.,Grass,last_year,0,0,0,0.0,1500.0
Kostanic J.,Grass,last_month,0,0,0,0.0,1500.0
Kostanic J.,Greenset,all,0,0,0,0.0,1500.0
Kostanic J.,Greenset,last_year,0,0,0,0.0,1500.0
Kostanic J.,Greenset,last_month,0,0,0,0.0,1500.0
Wickmayer Y.,Hard,all,265,137,128,0.4830188679245283,1549.2455399563091
Wickmayer Y.,Hard,last_year,0,0,0,0.0,1500.0
Wickmayer Y.,Hard,last_month,0,0,0,0.0,1500.0
Wickmayer Y.,Carpet,all,0,0,0,0.0,1500.0
Wickmayer Y.,Carpet,last_year,0,0,0,0.0,1500.0
Wickmayer Y.,Carpet,last_month,0,0,0,0.0,1500.0
Wickmayer Y.,Clay,all,87,42,45,0.5172413793103449,1502.5781838363334
Wickmayer Y.,Clay,last_year,1,0,1,1.0,1484.8785544203515
Wickmayer Y.,Clay,last_month,0,0,0,0.0,1500.0
Wickmayer Y.,Grass,all,71,39,32,0.4507042253521127,1614.1948980983823
Wickmayer Y.,Grass,last_year,2,0,2,1.0,1532.0
Wickmayer Y.,Grass,last_month,2,0,2,1.0,1531.263693206478
Wickmayer Y.,Greenset,all,0,0,0,0.0,1500.0
Wickmayer Y.,Greenset,last_year,0,0,0,0.0,1500.0
Wickmayer Y.,Greenset,last_month,0,0,0,0.0,1500.0
Linette M.,Hard,all,245,121,124,0.5061224489795918,1482.2099776986038
Linette M.,Hard,last_year,32,17,15,0.46875,1481.6673018099532
Linette M.,Hard,last_month,0,0,0,0.0,1500.0
Linette M.,Carpet,all,0,0,0,0.0,1500.0
Linette M.,Carpet,last_year,0,0,0,0.0,1500.0
Linette M.,Carpet,last_month,0,0,0,0.0,1500.0
Linette M.,Clay,all,99,48,51,0.5151515151515151,1517.2351339946217
Linette M.,Clay,last_year,12,8,4,0.3333333333333333,1472.625895927186
Linette M.,Clay,last_month,0,0,0,0.0,1500.0
Linette M.,Grass,all,43,18,25,0.5813953488372093,1591.0993632205957
Linette M.,Grass,last_year,7,3,4,0.5714285714285714,1569.9010715040754
Linette M.,Grass,last_month,6,3,3,0.5,1557.849478456848
Linette M.,Greenset,all,0,0,0,0.0,1500.0
Linette M.,Greenset,last_year,0,0,0,0.0,1500.0
Linette M.,Greenset,last_month,0,0,0,0.0,1500.0
Fett J.,Hard,all,37,14,23,0.6216216216216216,1500.216129099806
Fett J.,Hard,last_year,9,3,6,0.6666666666666666,1497.1192995152346
Fett J.,Hard,last_month,0,0,0,0.0,1500.0
Fett J.,Carpet,all,0,0,0,0.0,1500.0
Fett J.,Carpet,last_year,0,0,0,0.0,1500.0
Fett J.,Carpet,last_month,0,0,0,0.0,1500.0
Fett J.,Clay,all,16,7,9,0.5625,1500.9185475428123
Fett J.,Clay,last_year,5,2,3,0.6,1455.5028719301122
Fett J.,Clay,last_month,0,0,0,0.0,1500.0
Fett J.,Grass,all,6,1,5,0.8333333333333334,1550.7740232780448
Fett J.,Grass,last_year,0,0,0,0.0,1500.0
Fett J.,Grass,last_month,0,0,0,0.0,1500.0
Fett J.,Greenset,all,0,0,0,0.0,1500.0
Fett J.,Greenset,last_year,0,0,0,0.0,1500.0
Fett J.,Greenset,last_month,0,0,0,0.0,1500.0
Hibino N.,Hard,all,130,58,72,0.5538461538461539,1575.5938822283113
Hibino N.,Hard,last_year,8,2,6,0.75,1548.7246525639378
Hibino N.,Hard,last_month,0,0,0,0.0,1500.0
Hibino N.,Carpet,all,0,0,0,0.0,1500.0
Hibino N.,Carpet,last_year,0,0,0,0.0,1500.0
Hibino N.,Carpet,last_month,0,0,0,0.0,1500.0
Hibino N.,Clay,all,37,10,27,0.7297297297297297,1465.3001836231895
Hibino N.,Clay,last_year,3,1,2,0.6666666666666666,1479.4640751024742
Hibino N.,Clay,last_month,0,0,0,0.0,1500.0
Hibino N.,Grass,all,13,2,11,0.8461538461538461,1582.7130829924308
Hibino N.,Grass,last_year,1,0,1,1.0,1516.0
Hibino N.,Grass,last_month,0,0,0,0.0,1500.0
Hibino N.,Greenset,all,0,0,0,0.0,1500.0
Hibino N.,Greenset,last_year,0,0,0,0.0,1500.0
Hibino N.,Greenset,last_month,0,0,0,0.0,1500.0
Zhang K-L.,Hard,all,2,1,1,0.5,1497.5900614076618
Zhang K-L.,Hard,last_year,0,0,0,0.0,1500.0
Zhang K-L.,Hard,last_month,0,0,0,0.0,1500.0
Zhang K-L.,Carpet,all,0,0,0,0.0,1500.0
Zhang K-L.,Carpet,last_year,0,0,0,0.0,1500.0
Zhang K-L.,Carpet,last_month,0,0,0,0.0,1500.0
Zhang K-L.,Clay,all,0,0,0,0.0,1500.0
Zhang K-L.,Clay,last_year,0,0,0,0.0,1500.0
Zhang K-L.,Clay,last_month,0,0,0,0.0,1500.0
Zhang K-L.,Grass,all,0,0,0,0.0,1500.0
Zhang K-L.,Grass,last_year,0,0,0,0.0,1500.0
Zhang K-L.,Grass,last_month,0,0,0,0.0,1500.0
Zhang K-L.,Greenset,all,0,0,0,0.0,1500.0
Zhang K-L.,Greenset,last_year,0,0,0,0.0,1500.0
Zhang K-L.,Greenset,last_month,0,0,0,0.0,1500.0
Chakhnashvili M.,Hard,all,0,0,0,0.0,1500.0
Chakhnashvili M.,Hard,last_year,0,0,0,0.0,1500.0
Chakhnashvili M.,Hard,last_month,0,0,0,0.0,1500.0
Chakhnashvili M.,Carpet,all,0,0,0,0.0,1500.0
Chakhnashvili M.,Carpet,last_year,0,0,0,0.0,1500.0
Chakhnashvili M.,Carpet,last_month,0,0,0,0.0,1500.0
Chakhnashvili M.,Clay,all,5,2,3,0.6,1514.0434039372085
Chakhnashvili M.,Clay,last_year,0,0,0,0.0,1500.0
Chakhnashvili M.,Clay,last_month,0,0,0,0.0,1500.0
Chakhnashvili M.,Grass,all,0,0,0,0.0,1500.0
Chakhnashvili M.,Grass,last_year,0,0,0,0.0,1500.0
Chakhnashvili M.,Grass,last_month,0,0,0,0.0,1500.0
Chakhnashvili M.,Greenset,all,0,0,0,0.0,1500.0
Chakhnashvili M.,Greenset,last_year,0,0,0,0.0,1500.0
Chakhnashvili M.,Greenset,last_month,0,0,0,0.0,1500.0
Salerni M.,Hard,all,0,0,0,0.0,1500.0
Salerni M.,Hard,last_year,0,0,0,0.0,1500.0
Salerni M.,Hard,last_month,0,0,0,0.0,1500.0
Salerni M.,Carpet,all,0,0,0,0.0,1500.0
Salerni M.,Carpet,last_year,0,0,0,0.0,1500.0
Salerni M.,Carpet,last_month,0,0,0,0.0,1500.0
Salerni M.,Clay,all,1,0,1,1.0,1486.6258781003496
Salerni M.,Clay,last_year,0,0,0,0.0,1500.0
Salerni M.,Clay,last_month,0,0,0,0.0,1500.0
Salerni M.,Grass,all,0,0,0,0.0,1500.0
Salerni M.,Grass,last_year,0,0,0,0.0,1500.0
Salerni M.,Grass,last_month,0,0,0,0.0,1500.0
Salerni M.,Greenset,all,0,0,0,0.0,1500.0
Salerni M.,Greenset,last_year,0,0,0,0.0,1500.0
Salerni M.,Greenset,last_month,0,0,0,0.0,1500.0
Lovric P.,Hard,all,1,0,1,1.0,1517.374891997237
Lovric P.,Hard,last_year,0,0,0,0.0,1500.0
Lovric P.,Hard,last_month,0,0,0,0.0,1500.0
Lovric P.,Carpet,all,0,0,0,0.0,1500.0
Lovric P.,Carpet,last_year,0,0,0,0.0,1500.0
Lovric P.,Carpet,last_month,0,0,0,0.0,1500.0
Lovric P.,Clay,all,0,0,0,0.0,1500.0
Lovric P.,Clay,last_year,0,0,0,0.0,1500.0
Lovric P.,Clay,last_month,0,0,0,0.0,1500.0
Lovric P.,Grass,all,0,0,0,0.0,1500.0
Lovric P.,Grass,last_year,0,0,0,0.0,1500.0
Lovric P.,Grass,last_month,0,0,0,0.0,1500.0
Lovric P.,Greenset,all,0,0,0,0.0,1500.0
Lovric P.,Greenset,last_year,0,0,0,0.0,1500.0
Lovric P.,Greenset,last_month,0,0,0,0.0,1500.0
Haas B.,Hard,all,9,1,8,0.8888888888888888,1505.495033334702
Haas B.,Hard,last_year,0,0,0,0.0,1500.0
Haas B.,Hard,last_month,0,0,0,0.0,1500.0
Haas B.,Carpet,all,0,0,0,0.0,1500.0
Haas B.,Carpet,last_year,0,0,0,0.0,1500.0
Haas B.,Carpet,last_month,0,0,0,0.0,1500.0
Haas B.,Clay,all,11,1,10,0.9090909090909091,1544.4803147630544
Haas B.,Clay,last_year,0,0,0,0.0,1500.0
Haas B.,Clay,last_month,0,0,0,0.0,1500.0
Haas B.,Grass,all,0,0,0,0.0,1500.0
Haas B.,Grass,last_year,0,0,0,0.0,1500.0
Haas B.,Grass,last_month,0,0,0,0.0,1500.0
Haas B.,Greenset,all,0,0,0,0.0,1500.0
Haas B.,Greenset,last_year,0,0,0,0.0,1500.0
Haas B.,Greenset,last_month,0,0,0,0.0,1500.0
Wickmayer Y. ,Hard,all,1,1,0,1.0,1516.0
Wickmayer Y. ,Hard,last_year,0,0,0,0.0,1500.0
Wickmayer Y. ,Hard,last_month,0,0,0,0.0,1500.0
Wickmayer Y. ,Carpet,all,0,0,0,0.0,1500.0
Wickmayer Y. ,Carpet,last_year,0,0,0,0.0,1500.0
Wickmayer Y. ,Carpet,last_month,0,0,0,0.0,1500.0
Wickmayer Y. ,Clay,all,0,0,0,0.0,1500.0
Wickmayer Y. ,Clay,last_year,0,0,0,0.0,1500.0
Wickmayer Y. ,Clay,last_month,0,0,0,0.0,1500.0
Wickmayer Y. ,Grass,all,0,0,0,0.0,1500.0
Wickmayer Y. ,Grass,last_year,0,0,0,0.0,1500.0
Wickmayer Y. ,Grass,last_month,0,0,0,0.0,1500.0
Wickmayer Y. ,Greenset,all,0,0,0,0.0,1500.0
Wickmayer Y. ,Greenset,last_year,0,0,0,0.0,1500.0
Wickmayer Y. ,Greenset,last_month,0,0,0,0.0,1500.0
Zheng Q.,Hard,all,114,74,40,0.3508771929824561,1412.8850752528253
Zheng Q.,Hard,last_year,38,27,11,0.2894736842105263,1436.5870130355993
Zheng Q.,Hard,last_month,0,0,0,0.0,1500.0
Zheng Q.,Carpet,all,0,0,0,0.0,1500.0
Zheng Q.,Carpet,last_year,0,0,0,0.0,1500.0
Zheng Q.,Carpet,last_month,0,0,0,0.0,1500.0
Zheng Q.,Clay,all,50,36,14,0.28,1491.3821470284624
Zheng Q.,Clay,last_year,19,15,4,0.21052631578947367,1516.950138353038
Zheng Q.,Clay,last_month,2,1,1,0.5,1468.0
Zheng Q.,Grass,all,15,5,10,0.6666666666666666,1516.3474648088054
Zheng Q.,Grass,last_year,5,2,3,0.6,1517.926487044653
Zheng Q.,Grass,last_month,4,2,2,0.5,1532.9486857066822
Zheng Q.,Greenset,all,0,0,0,0.0,1500.0
Zheng Q.,Greenset,last_year,0,0,0,0.0,1500.0
Zheng Q.,Greenset,last_month,0,0,0,0.0,1500.0
Spears A.,Hard,all,12,4,8,0.6666666666666666,1481.8805779177387
Spears A.,Hard,last_year,0,0,0,0.0,1500.0
Spears A.,Hard,last_month,0,0,0,0.0,1500.0
Spears A.,Carpet,all,0,0,0,0.0,1500.0
Spears A.,Carpet,last_year,0,0,0,0.0,1500.0
Spears A.,Carpet,last_month,0,0,0,0.0,1500.0
Spears A.,Clay,all,3,1,2,0.6666666666666666,1514.9232099992194
Spears A.,Clay,last_year,0,0,0,0.0,1500.0
Spears A.,Clay,last_month,0,0,0,0.0,1500.0
Spears A.,Grass,all,2,0,2,1.0,1501.2796101473853
Spears A.,Grass,last_year,0,0,0,0.0,1500.0
Spears A.,Grass,last_month,0,0,0,0.0,1500.0
Spears A.,Greenset,all,0,0,0,0.0,1500.0
Spears A.,Greenset,last_year,0,0,0,0.0,1500.0
Spears A.,Greenset,last_month,0,0,0,0.0,1500.0
Paquet C.,Hard,all,19,2,17,0.8947368421052632,1526.204949629793
Paquet C.,Hard,last_year,3,0,3,1.0,1489.0203902625638
Paquet C.,Hard,last_month,0,0,0,0.0,1500.0
Paquet C.,Carpet,all,0,0,0,0.0,1500.0
Paquet C.,Carpet,last_year,0,0,0,0.0,1500.0
Paquet C.,Carpet,last_month,0,0,0,0.0,1500.0
Paquet C.,Clay,all,36,14,22,0.6111111111111112,1513.747704034062
Paquet C.,Clay,last_year,9,5,4,0.4444444444444444,1509.3922187414223
Paquet C.,Clay,last_month,0,0,0,0.0,1500.0
Paquet C.,Grass,all,3,1,2,0.6666666666666666,1485.6181094520248
Paquet C.,Grass,last_year,0,0,0,0.0,1500.0
Paquet C.,Grass,last_month,0,0,0,0.0,1500.0
Paquet C.,Greenset,all,0,0,0,0.0,1500.0
Paquet C.,Greenset,last_year,0,0,0,0.0,1500.0
Paquet C.,Greenset,last_month,0,0,0,0.0,1500.0
Foretz S.,Hard,all,29,9,20,0.6896551724137931,1472.9175817923312
Foretz S.,Hard,last_year,0,0,0,0.0,1500.0
Foretz S.,Hard,last_month,0,0,0,0.0,1500.0
Foretz S.,Carpet,all,0,0,0,0.0,1500.0
Foretz S.,Carpet,last_year,0,0,0,0.0,1500.0
Foretz S.,Carpet,last_month,0,0,0,0.0,1500.0
Foretz S.,Clay,all,19,6,13,0.6842105263157895,1475.5568031890994
Foretz S.,Clay,last_year,0,0,0,0.0,1500.0
Foretz S.,Clay,last_month,0,0,0,0.0,1500.0
Foretz S.,Grass,all,10,3,7,0.7,1498.0082927392207
Foretz S.,Grass,last_year,0,0,0,0.0,1500.0
Foretz S.,Grass,last_month,0,0,0,0.0,1500.0
Foretz S.,Greenset,all,0,0,0,0.0,1500.0
Foretz S.,Greenset,last_year,0,0,0,0.0,1500.0
Foretz S.,Greenset,last_month,0,0,0,0.0,1500.0
Zhu L.,Hard,all,144,68,76,0.4722222222222222,1592.6773241799172
Zhu L.,Hard,last_year,0,0,0,0.0,1500.0
Zhu L.,Hard,last_month,0,0,0,0.0,1500.0
Zhu L.,Carpet,all,0,0,0,0.0,1500.0
Zhu L.,Carpet,last_year,0,0,0,0.0,1500.0
Zhu L.,Carpet,last_month,0,0,0,0.0,1500.0
Zhu L.,Clay,all,16,3,13,0.8125,1469.7583823109521
Zhu L.,Clay,last_year,0,0,0,0.0,1500.0
Zhu L.,Clay,last_month,0,0,0,0.0,1500.0
Zhu L.,Grass,all,22,9,13,0.5909090909090909,1491.9347666671206
Zhu L.,Grass,last_year,6,3,3,0.5,1501.6384656286966
Zhu L.,Grass,last_month,3,1,2,0.6666666666666666,1515.6539224902112
Zhu L.,Greenset,all,0,0,0,0.0,1500.0
Zhu L.,Greenset,last_year,0,0,0,0.0,1500.0
Zhu L.,Greenset,last_month,0,0,0,0.0,1500.0
Stoop G.,Hard,all,0,0,0,0.0,1500.0
Stoop G.,Hard,last_year,0,0,0,0.0,1500.0
Stoop G.,Hard,last_month,0,0,0,0.0,1500.0
Stoop G.,Carpet,all,0,0,0,0.0,1500.0
Stoop G.,Carpet,last_year,0,0,0,0.0,1500.0
Stoop G.,Carpet,last_month,0,0,0,0.0,1500.0
Stoop G.,Clay,all,0,0,0,0.0,1500.0
Stoop G.,Clay,last_year,0,0,0,0.0,1500.0
Stoop G.,Clay,last_month,0,0,0,0.0,1500.0
Stoop G.,Grass,all,2,0,2,1.0,1468.9269366048702
Stoop G.,Grass,last_year,0,0,0,0.0,1500.0
Stoop G.,Grass,last_month,0,0,0,0.0,1500.0
Stoop G.,Greenset,all,0,0,0,0.0,1500.0
Stoop G.,Greenset,last_year,0,0,0,0.0,1500.0
Stoop G.,Greenset,last_month,0,0,0,0.0,1500.0
Szavay A. ,Hard,all,2,0,2,1.0,1500.736306793522
Szavay A. ,Hard,last_year,0,0,0,0.0,1500.0
Szavay A. ,Hard,last_month,0,0,0,0.0,1500.0
Szavay A. ,Carpet,all,0,0,0,0.0,1500.0
Szavay A. ,Carpet,last_year,0,0,0,0.0,1500.0
Szavay A. ,Carpet,last_month,0,0,0,0.0,1500.0
Szavay A. ,Clay,all,0,0,0,0.0,1500.0
Szavay A. ,Clay,last_year,0,0,0,0.0,1500.0
Szavay A. ,Clay,last_month,0,0,0,0.0,1500.0
Szavay A. ,Grass,all,0,0,0,0.0,1500.0
Szavay A. ,Grass,last_year,0,0,0,0.0,1500.0
Szavay A. ,Grass,last_month,0,0,0,0.0,1500.0
Szavay A. ,Greenset,all,0,0,0,0.0,1500.0
Szavay A. ,Greenset,last_year,0,0,0,0.0,1500.0
Szavay A. ,Greenset,last_month,0,0,0,0.0,1500.0
Flipkens K.,Hard,all,237,112,125,0.5274261603375527,1506.191558843256
Flipkens K.,Hard,last_year,0,0,0,0.0,1500.0
Flipkens K.,Hard,last_month,0,0,0,0.0,1500.0
Flipkens K.,Carpet,all,0,0,0,0.0,1500.0
Flipkens K.,Carpet,last_year,0,0,0,0.0,1500.0
Flipkens K.,Carpet,last_month,0,0,0,0.0,1500.0
Flipkens K.,Clay,all,72,26,46,0.6388888888888888,1508.6421041151116
Flipkens K.,Clay,last_year,0,0,0,0.0,1500.0
Flipkens K.,Clay,last_month,0,0,0,0.0,1500.0
Flipkens K.,Grass,all,78,46,32,0.41025641025641024,1492.825286106287
Flipkens K.,Grass,last_year,0,0,0,0.0,1500.0
Flipkens K.,Grass,last_month,0,0,0,0.0,1500.0
Flipkens K.,Greenset,all,0,0,0,0.0,1500.0
Flipkens K.,Greenset,last_year,0,0,0,0.0,1500.0
Flipkens K.,Greenset,last_month,0,0,0,0.0,1500.0
Vandeweghe C.,Hard,all,175,77,98,0.56,1507.3602015790905
Vandeweghe C.,Hard,last_year,0,0,0,0.0,1500.0
Vandeweghe C.,Hard,last_month,0,0,0,0.0,1500.0
Vandeweghe C.,Carpet,all,0,0,0,0.0,1500.0
Vandeweghe C.,Carpet,last_year,0,0,0,0.0,1500.0
Vandeweghe C.,Carpet,last_month,0,0,0,0.0,1500.0
Vandeweghe C.,Clay,all,38,16,22,0.5789473684210527,1536.2815118932715
Vandeweghe C.,Clay,last_year,0,0,0,0.0,1500.0
Vandeweghe C.,Clay,last_month,0,0,0,0.0,1500.0
Vandeweghe C.,Grass,all,63,40,23,0.36507936507936506,1601.4877016038588
Vandeweghe C.,Grass,last_year,0,0,0,0.0,1500.0
Vandeweghe C.,Grass,last_month,0,0,0,0.0,1500.0
Vandeweghe C.,Greenset,all,0,0,0,0.0,1500.0
Vandeweghe C.,Greenset,last_year,0,0,0,0.0,1500.0
Vandeweghe C.,Greenset,last_month,0,0,0,0.0,1500.0
Ani M.,Hard,all,7,1,6,0.8571428571428571,1573.3141143721969
Ani M.,Hard,last_year,0,0,0,0.0,1500.0
Ani M.,Hard,last_month,0,0,0,0.0,1500.0
Ani M.,Carpet,all,0,0,0,0.0,1500.0
Ani M.,Carpet,last_year,0,0,0,0.0,1500.0
Ani M.,Carpet,last_month,0,0,0,0.0,1500.0
Ani M.,Clay,all,19,8,11,0.5789473684210527,1494.0755445121579
Ani M.,Clay,last_year,0,0,0,0.0,1500.0
Ani M.,Clay,last_month,0,0,0,0.0,1500.0
Ani M.,Grass,all,1,0,1,1.0,1482.463382470526
Ani M.,Grass,last_year,0,0,0,0.0,1500.0
Ani M.,Grass,last_month,0,0,0,0.0,1500.0
Ani M.,Greenset,all,0,0,0,0.0,1500.0
Ani M.,Greenset,last_year,0,0,0,0.0,1500.0
Ani M.,Greenset,last_month,0,0,0,0.0,1500.0
Birrell K.,Hard,all,52,25,27,0.5192307692307693,1451.3255931679867
Birrell K.,Hard,last_year,23,12,11,0.4782608695652174,1437.5538380207304
Birrell K.,Hard,last_month,0,0,0,0.0,1500.0
Birrell K.,Carpet,all,0,0,0,0.0,1500.0
Birrell K.,Carpet,last_year,0,0,0,0.0,1500.0
Birrell K.,Carpet,last_month,0,0,0,0.0,1500.0
Birrell K.,Clay,all,6,1,5,0.8333333333333334,1465.021603612036
Birrell K.,Clay,last_year,3,0,3,1.0,1481.6407727253877
Birrell K.,Clay,last_month,0,0,0,0.0,1500.0
Birrell K.,Grass,all,11,5,6,0.5454545454545454,1486.8948381297812
Birrell K.,Grass,last_year,6,2,4,0.6666666666666666,1473.1017413690881
Birrell K.,Grass,last_month,6,2,4,0.6666666666666666,1470.8342263964303
Birrell K.,Greenset,all,0,0,0,0.0,1500.0
Birrell K.,Greenset,last_year,0,0,0,0.0,1500.0
Birrell K.,Greenset,last_month,0,0,0,0.0,1500.0
Di Lorenzo F.,Hard,all,10,3,7,0.7,1484.9773714541195
Di Lorenzo F.,Hard,last_year,0,0,0,0.0,1500.0
Di Lorenzo F.,Hard,last_month,0,0,0,0.0,1500.0
Di Lorenzo F.,Carpet,all,0,0,0,0.0,1500.0
Di Lorenzo F.,Carpet,last_year,0,0,0,0.0,1500.0
Di Lorenzo F.,Carpet,last_month,0,0,0,0.0,1500.0
Di Lorenzo F.,Clay,all,11,2,9,0.8181818181818182,1563.9008774677923
Di Lorenzo F.,Clay,last_year,0,0,0,0.0,1500.0
Di Lorenzo F.,Clay,last_month,0,0,0,0.0,1500.0
Di Lorenzo F.,Grass,all,0,0,0,0.0,1500.0
Di Lorenzo F.,Grass,last_year,0,0,0,0.0,1500.0
Di Lorenzo F.,Grass,last_month,0,0,0,0.0,1500.0
Di Lorenzo F.,Greenset,all,0,0,0,0.0,1500.0
Di Lorenzo F.,Greenset,last_year,0,0,0,0.0,1500.0
Di Lorenzo F.,Greenset,last_month,0,0,0,0.0,1500.0
Shaughnessy M.,Hard,all,28,8,20,0.7142857142857143,1476.9377110066675
Shaughnessy M.,Hard,last_year,0,0,0,0.0,1500.0
Shaughnessy M.,Hard,last_month,0,0,0,0.0,1500.0
Shaughnessy M.,Carpet,all,1,0,1,1.0,1484.0
Shaughnessy M.,Carpet,last_year,0,0,0,0.0,1500.0
Shaughnessy M.,Carpet,last_month,0,0,0,0.0,1500.0
Shaughnessy M.,Clay,all,18,10,8,0.4444444444444444,1471.2451445579545
Shaughnessy M.,Clay,last_year,0,0,0,0.0,1500.0
Shaughnessy M.,Clay,last_month,0,0,0,0.0,1500.0
Shaughnessy M.,Grass,all,2,1,1,0.5,1499.263693206478
Shaughnessy M.,Grass,last_year,0,0,0,0.0,1500.0
Shaughnessy M.,Grass,last_month,0,0,0,0.0,1500.0
Shaughnessy M.,Greenset,all,0,0,0,0.0,1500.0
Shaughnessy M.,Greenset,last_year,0,0,0,0.0,1500.0
Shaughnessy M.,Greenset,last_month,0,0,0,0.0,1500.0
Likhovtseva E.,Hard,all,16,5,11,0.6875,1474.9197206170097
Likhovtseva E.,Hard,last_year,0,0,0,0.0,1500.0
Likhovtseva E.,Hard,last_month,0,0,0,0.0,1500.0
Likhovtseva E.,Carpet,all,2,1,1,0.5,1468.736306793522
Likhovtseva E.,Carpet,last_year,0,0,0,0.0,1500.0
Likhovtseva E.,Carpet,last_month,0,0,0,0.0,1500.0
Likhovtseva E.,Clay,all,6,2,4,0.6666666666666666,1443.2008353835806
Likhovtseva E.,Clay,last_year,0,0,0,0.0,1500.0
Likhovtseva E.,Clay,last_month,0,0,0,0.0,1500.0
Likhovtseva E.,Grass,all,7,4,3,0.42857142857142855,1483.0212176709301
Likhovtseva E.,Grass,last_year,0,0,0,0.0,1500.0
Likhovtseva E.,Grass,last_month,0,0,0,0.0,1500.0
Likhovtseva E.,Greenset,all,0,0,0,0.0,1500.0
Likhovtseva E.,Greenset,last_year,0,0,0,0.0,1500.0
Likhovtseva E.,Greenset,last_month,0,0,0,0.0,1500.0
Krawczyk D.,Hard,all,0,0,0,0.0,1500.0
Krawczyk D.,Hard,last_year,0,0,0,0.0,1500.0
Krawczyk D.,Hard,last_month,0,0,0,0.0,1500.0
Krawczyk D.,Carpet,all,0,0,0,0.0,1500.0
Krawczyk D.,Carpet,last_year,0,0,0,0.0,1500.0
Krawczyk D.,Carpet,last_month,0,0,0,0.0,1500.0
Krawczyk D.,Clay,all,1,0,1,1.0,1514.1628836789073
Krawczyk D.,Clay,last_year,0,0,0,0.0,1500.0
Krawczyk D.,Clay,last_month,0,0,0,0.0,1500.0
Krawczyk D.,Grass,all,0,0,0,0.0,1500.0
Krawczyk D.,Grass,last_year,0,0,0,0.0,1500.0
Krawczyk D.,Grass,last_month,0,0,0,0.0,1500.0
Krawczyk D.,Greenset,all,0,0,0,0.0,1500.0
Krawczyk D.,Greenset,last_year,0,0,0,0.0,1500.0
Krawczyk D.,Greenset,last_month,0,0,0,0.0,1500.0
Sanchez A.S.,Hard,all,8,1,7,0.875,1558.6569557346447
Sanchez A.S.,Hard,last_year,2,0,2,1.0,1502.5424740476974
Sanchez A.S.,Hard,last_month,0,0,0,0.0,1500.0
Sanchez A.S.,Carpet,all,0,0,0,0.0,1500.0
Sanchez A.S.,Carpet,last_year,0,0,0,0.0,1500.0
Sanchez A.S.,Carpet,last_month,0,0,0,0.0,1500.0
Sanchez A.S.,Clay,all,3,0,3,1.0,1509.5787515893078
Sanchez A.S.,Clay,last_year,0,0,0,0.0,1500.0
Sanchez A.S.,Clay,last_month,0,0,0,0.0,1500.0
Sanchez A.S.,Grass,all,0,0,0,0.0,1500.0
Sanchez A.S.,Grass,last_year,0,0,0,0.0,1500.0
Sanchez A.S.,Grass,last_month,0,0,0,0.0,1500.0
Sanchez A.S.,Greenset,all,0,0,0,0.0,1500.0
Sanchez A.S.,Greenset,last_year,0,0,0,0.0,1500.0
Sanchez A.S.,Greenset,last_month,0,0,0,0.0,1500.0
Arcangioli M.,Hard,all,0,0,0,0.0,1500.0
Arcangioli M.,Hard,last_year,0,0,0,0.0,1500.0
Arcangioli M.,Hard,last_month,0,0,0,0.0,1500.0
Arcangioli M.,Carpet,all,0,0,0,0.0,1500.0
Arcangioli M.,Carpet,last_year,0,0,0,0.0,1500.0
Arcangioli M.,Carpet,last_month,0,0,0,0.0,1500.0
Arcangioli M.,Clay,all,1,0,1,1.0,1513.4704315748477
Arcangioli M.,Clay,last_year,0,0,0,0.0,1500.0
Arcangioli M.,Clay,last_month,0,0,0,0.0,1500.0
Arcangioli M.,Grass,all,0,0,0,0.0,1500.0
Arcangioli M.,Grass,last_year,0,0,0,0.0,1500.0
Arcangioli M.,Grass,last_month,0,0,0,0.0,1500.0
Arcangioli M.,Greenset,all,0,0,0,0.0,1500.0
Arcangioli M.,Greenset,last_year,0,0,0,0.0,1500.0
Arcangioli M.,Greenset,last_month,0,0,0,0.0,1500.0
Malygina E.,Hard,all,1,0,1,1.0,1485.8159024533463
Malygina E.,Hard,last_year,0,0,0,0.0,1500.0
Malygina E.,Hard,last_month,0,0,0,0.0,1500.0
Malygina E.,Carpet,all,0,0,0,0.0,1500.0
Malygina E.,Carpet,last_year,0,0,0,0.0,1500.0
Malygina E.,Carpet,last_month,0,0,0,0.0,1500.0
Malygina E.,Clay,all,1,0,1,1.0,1484.0
Malygina E.,Clay,last_year,0,0,0,0.0,1500.0
Malygina E.,Clay,last_month,0,0,0,0.0,1500.0
Malygina E.,Grass,all,0,0,0,0.0,1500.0
Malygina E.,Grass,last_year,0,0,0,0.0,1500.0
Malygina E.,Grass,last_month,0,0,0,0.0,1500.0
Malygina E.,Greenset,all,0,0,0,0.0,1500.0
Malygina E.,Greenset,last_year,0,0,0,0.0,1500.0
Malygina E.,Greenset,last_month,0,0,0,0.0,1500.0
De Los Rios R.,Hard,all,15,5,10,0.6666666666666666,1529.599343373365
De Los Rios R.,Hard,last_year,0,0,0,0.0,1500.0
De Los Rios R.,Hard,last_month,0,0,0,0.0,1500.0
De Los Rios R.,Carpet,all,0,0,0,0.0,1500.0
De Los Rios R.,Carpet,last_year,0,0,0,0.0,1500.0
De Los Rios R.,Carpet,last_month,0,0,0,0.0,1500.0
De Los Rios R.,Clay,all,34,10,24,0.7058823529411765,1531.015809076069
De Los Rios R.,Clay,last_year,0,0,0,0.0,1500.0
De Los Rios R.,Clay,last_month,0,0,0,0.0,1500.0
De Los Rios R.,Grass,all,4,1,3,0.75,1521.3584245417453
De Los Rios R.,Grass,last_year,0,0,0,0.0,1500.0
De Los Rios R.,Grass,last_month,0,0,0,0.0,1500.0
De Los Rios R.,Greenset,all,0,0,0,0.0,1500.0
De Los Rios R.,Greenset,last_year,0,0,0,0.0,1500.0
De Los Rios R.,Greenset,last_month,0,0,0,0.0,1500.0
Gullickson C.,Hard,all,7,1,6,0.8571428571428571,1462.8632968697598
Gullickson C.,Hard,last_year,0,0,0,0.0,1500.0
Gullickson C.,Hard,last_month,0,0,0,0.0,1500.0
Gullickson C.,Carpet,all,0,0,0,0.0,1500.0
Gullickson C.,Carpet,last_year,0,0,0,0.0,1500.0
Gullickson C.,Carpet,last_month,0,0,0,0.0,1500.0
Gullickson C.,Clay,all,4,0,4,1.0,1529.8742777122761
Gullickson C.,Clay,last_year,0,0,0,0.0,1500.0
Gullickson C.,Clay,last_month,0,0,0,0.0,1500.0
Gullickson C.,Grass,all,1,0,1,1.0,1484.0
Gullickson C.,Grass,last_year,0,0,0,0.0,1500.0
Gullickson C.,Grass,last_month,0,0,0,0.0,1500.0
Gullickson C.,Greenset,all,0,0,0,0.0,1500.0
Gullickson C.,Greenset,last_year,0,0,0,0.0,1500.0
Gullickson C.,Greenset,last_month,0,0,0,0.0,1500.0
Wei S.,Hard,all,11,3,8,0.7272727272727273,1411.6681119506018
Wei S.,Hard,last_year,10,3,7,0.7,1420.0049594586794
Wei S.,Hard,last_month,0,0,0,0.0,1500.0
Wei S.,Carpet,all,0,0,0,0.0,1500.0
Wei S.,Carpet,last_year,0,0,0,0.0,1500.0
Wei S.,Carpet,last_month,0,0,0,0.0,1500.0
Wei S.,Clay,all,0,0,0,0.0,1500.0
Wei S.,Clay,last_year,0,0,0,0.0,1500.0
Wei S.,Clay,last_month,0,0,0,0.0,1500.0
Wei S.,Grass,all,0,0,0,0.0,1500.0
Wei S.,Grass,last_year,0,0,0,0.0,1500.0
Wei S.,Grass,last_month,0,0,0,0.0,1500.0
Wei S.,Greenset,all,0,0,0,0.0,1500.0
Wei S.,Greenset,last_year,0,0,0,0.0,1500.0
Wei S.,Greenset,last_month,0,0,0,0.0,1500.0
Schruff J.,Hard,all,14,4,10,0.7142857142857143,1439.6496735758528
Schruff J.,Hard,last_year,0,0,0,0.0,1500.0
Schruff J.,Hard,last_month,0,0,0,0.0,1500.0
Schruff J.,Carpet,all,0,0,0,0.0,1500.0
Schruff J.,Carpet,last_year,0,0,0,0.0,1500.0
Schruff J.,Carpet,last_month,0,0,0,0.0,1500.0
Schruff J.,Clay,all,22,8,14,0.6363636363636364,1566.3117983125815
Schruff J.,Clay,last_year,0,0,0,0.0,1500.0
Schruff J.,Clay,last_month,0,0,0,0.0,1500.0
Schruff J.,Grass,all,1,0,1,1.0,1514.5304984710244
Schruff J.,Grass,last_year,0,0,0,0.0,1500.0
Schruff J.,Grass,last_month,0,0,0,0.0,1500.0
Schruff J.,Greenset,all,0,0,0,0.0,1500.0
Schruff J.,Greenset,last_year,0,0,0,0.0,1500.0
Schruff J.,Greenset,last_month,0,0,0,0.0,1500.0
Chan C.W.,Hard,all,2,0,2,1.0,1501.8998574422408
Chan C.W.,Hard,last_year,0,0,0,0.0,1500.0
Chan C.W.,Hard,last_month,0,0,0,0.0,1500.0
Chan C.W.,Carpet,all,0,0,0,0.0,1500.0
Chan C.W.,Carpet,last_year,0,0,0,0.0,1500.0
Chan C.W.,Carpet,last_month,0,0,0,0.0,1500.0
Chan C.W.,Clay,all,0,0,0,0.0,1500.0
Chan C.W.,Clay,last_year,0,0,0,0.0,1500.0
Chan C.W.,Clay,last_month,0,0,0,0.0,1500.0
Chan C.W.,Grass,all,0,0,0,0.0,1500.0
Chan C.W.,Grass,last_year,0,0,0,0.0,1500.0
Chan C.W.,Grass,last_month,0,0,0,0.0,1500.0
Chan C.W.,Greenset,all,0,0,0,0.0,1500.0
Chan C.W.,Greenset,last_year,0,0,0,0.0,1500.0
Chan C.W.,Greenset,last_month,0,0,0,0.0,1500.0
Stephens S.,Hard,all,315,167,148,0.46984126984126984,1542.6498526842665
Stephens S.,Hard,last_year,9,0,9,1.0,1551.1556220214088
Stephens S.,Hard,last_month,0,0,0,0.0,1500.0
Stephens S.,Carpet,all,0,0,0,0.0,1500.0
Stephens S.,Carpet,last_year,0,0,0,0.0,1500.0
Stephens S.,Carpet,last_month,0,0,0,0.0,1500.0
Stephens S.,Clay,all,164,97,67,0.40853658536585363,1427.8266901117663
Stephens S.,Clay,last_year,0,0,0,0.0,1500.0
Stephens S.,Clay,last_month,0,0,0,0.0,1500.0
Stephens S.,Grass,all,42,23,19,0.4523809523809524,1530.5171795493895
Stephens S.,Grass,last_year,2,1,1,0.5,1530.5304984710244
Stephens S.,Grass,last_month,0,0,0,0.0,1500.0
Stephens S.,Greenset,all,0,0,0,0.0,1500.0
Stephens S.,Greenset,last_year,0,0,0,0.0,1500.0
Stephens S.,Greenset,last_month,0,0,0,0.0,1500.0
Adamczak M.,Hard,all,10,2,8,0.8,1492.9697732683117
Adamczak M.,Hard,last_year,0,0,0,0.0,1500.0
Adamczak M.,Hard,last_month,0,0,0,0.0,1500.0
Adamczak M.,Carpet,all,0,0,0,0.0,1500.0
Adamczak M.,Carpet,last_year,0,0,0,0.0,1500.0
Adamczak M.,Carpet,last_month,0,0,0,0.0,1500.0
Adamczak M.,Clay,all,2,1,1,0.5,1532.2632472190326
Adamczak M.,Clay,last_year,0,0,0,0.0,1500.0
Adamczak M.,Clay,last_month,0,0,0,0.0,1500.0
Adamczak M.,Grass,all,0,0,0,0.0,1500.0
Adamczak M.,Grass,last_year,0,0,0,0.0,1500.0
Adamczak M.,Grass,last_month,0,0,0,0.0,1500.0
Adamczak M.,Greenset,all,1,0,1,1.0,1484.0
Adamczak M.,Greenset,last_year,0,0,0,0.0,1500.0
Adamczak M.,Greenset,last_month,0,0,0,0.0,1500.0
Ejdesgaard M.,Hard,all,3,0,3,1.0,1508.9584169168759
Ejdesgaard M.,Hard,last_year,0,0,0,0.0,1500.0
Ejdesgaard M.,Hard,last_month,0,0,0,0.0,1500.0
Ejdesgaard M.,Carpet,all,0,0,0,0.0,1500.0
Ejdesgaard M.,Carpet,last_year,0,0,0,0.0,1500.0
Ejdesgaard M.,Carpet,last_month,0,0,0,0.0,1500.0
Ejdesgaard M.,Clay,all,0,0,0,0.0,1500.0
Ejdesgaard M.,Clay,last_year,0,0,0,0.0,1500.0
Ejdesgaard M.,Clay,last_month,0,0,0,0.0,1500.0
Ejdesgaard M.,Grass,all,0,0,0,0.0,1500.0
Ejdesgaard M.,Grass,last_year,0,0,0,0.0,1500.0
Ejdesgaard M.,Grass,last_month,0,0,0,0.0,1500.0
Ejdesgaard M.,Greenset,all,0,0,0,0.0,1500.0
Ejdesgaard M.,Greenset,last_year,0,0,0,0.0,1500.0
Ejdesgaard M.,Greenset,last_month,0,0,0,0.0,1500.0
Hon P.,Hard,all,43,11,32,0.7441860465116279,1485.5235397865526
Hon P.,Hard,last_year,7,1,6,0.8571428571428571,1517.3409056017977
Hon P.,Hard,last_month,0,0,0,0.0,1500.0
Hon P.,Carpet,all,0,0,0,0.0,1500.0
Hon P.,Carpet,last_year,0,0,0,0.0,1500.0
Hon P.,Carpet,last_month,0,0,0,0.0,1500.0
Hon P.,Clay,all,2,1,1,0.5,1530.9681784907118
Hon P.,Clay,last_year,0,0,0,0.0,1500.0
Hon P.,Clay,last_month,0,0,0,0.0,1500.0
Hon P.,Grass,all,3,0,3,1.0,1523.155386424029
Hon P.,Grass,last_year,1,0,1,1.0,1518.2683059190908
Hon P.,Grass,last_month,1,0,1,1.0,1518.2131058023424
Hon P.,Greenset,all,0,0,0,0.0,1500.0
Hon P.,Greenset,last_year,0,0,0,0.0,1500.0
Hon P.,Greenset,last_month,0,0,0,0.0,1500.0
Noha Akugue N.,Hard,all,1,0,1,1.0,1482.3335131786514
Noha Akugue N.,Hard,last_year,0,0,0,0.0,1500.0
Noha Akugue N.,Hard,last_month,0,0,0,0.0,1500.0
Noha Akugue N.,Carpet,all,0,0,0,0.0,1500.0
Noha Akugue N.,Carpet,last_year,0,0,0,0.0,1500.0
Noha Akugue N.,Carpet,last_month,0,0,0,0.0,1500.0
Noha Akugue N.,Clay,all,8,5,3,0.375,1481.9511948607164
Noha Akugue N.,Clay,last_year,3,1,2,0.6666666666666666,1513.8278203282016
Noha Akugue N.,Clay,last_month,0,0,0,0.0,1500.0
Noha Akugue N.,Grass,all,0,0,0,0.0,1500.0
Noha Akugue N.,Grass,last_year,0,0,0,0.0,1500.0
Noha Akugue N.,Grass,last_month,0,0,0,0.0,1500.0
Noha Akugue N.,Greenset,all,0,0,0,0.0,1500.0
Noha Akugue N.,Greenset,last_year,0,0,0,0.0,1500.0
Noha Akugue N.,Greenset,last_month,0,0,0,0.0,1500.0
Rodina E.,Hard,all,112,43,69,0.6160714285714286,1499.0529852656152
Rodina E.,Hard,last_year,0,0,0,0.0,1500.0
Rodina E.,Hard,last_month,0,0,0,0.0,1500.0
Rodina E.,Carpet,all,0,0,0,0.0,1500.0
Rodina E.,Carpet,last_year,0,0,0,0.0,1500.0
Rodina E.,Carpet,last_month,0,0,0,0.0,1500.0
Rodina E.,Clay,all,42,11,31,0.7380952380952381,1534.515624458731
Rodina E.,Clay,last_year,0,0,0,0.0,1500.0
Rodina E.,Clay,last_month,0,0,0,0.0,1500.0
Rodina E.,Grass,all,27,13,14,0.5185185185185185,1567.2673770391514
Rodina E.,Grass,last_year,0,0,0,0.0,1500.0
Rodina E.,Grass,last_month,0,0,0,0.0,1500.0
Rodina E.,Greenset,all,0,0,0,0.0,1500.0
Rodina E.,Greenset,last_year,0,0,0,0.0,1500.0
Rodina E.,Greenset,last_month,0,0,0,0.0,1500.0
Duan Y.Y.,Hard,all,77,31,46,0.5974025974025974,1468.349772785074
Duan Y.Y.,Hard,last_year,0,0,0,0.0,1500.0
Duan Y.Y.,Hard,last_month,0,0,0,0.0,1500.0
Duan Y.Y.,Carpet,all,0,0,0,0.0,1500.0
Duan Y.Y.,Carpet,last_year,0,0,0,0.0,1500.0
Duan Y.Y.,Carpet,last_month,0,0,0,0.0,1500.0
Duan Y.Y.,Clay,all,4,0,4,1.0,1529.215576448446
Duan Y.Y.,Clay,last_year,0,0,0,0.0,1500.0
Duan Y.Y.,Clay,last_month,0,0,0,0.0,1500.0
Duan Y.Y.,Grass,all,9,3,6,0.6666666666666666,1498.4448529834594
Duan Y.Y.,Grass,last_year,0,0,0,0.0,1500.0
Duan Y.Y.,Grass,last_month,0,0,0,0.0,1500.0
Duan Y.Y.,Greenset,all,0,0,0,0.0,1500.0
Duan Y.Y.,Greenset,last_year,0,0,0,0.0,1500.0
Duan Y.Y.,Greenset,last_month,0,0,0,0.0,1500.0
Kriz N.,Hard,all,0,0,0,0.0,1500.0
Kriz N.,Hard,last_year,0,0,0,0.0,1500.0
Kriz N.,Hard,last_month,0,0,0,0.0,1500.0
Kriz N.,Carpet,all,0,0,0,0.0,1500.0
Kriz N.,Carpet,last_year,0,0,0,0.0,1500.0
Kriz N.,Carpet,last_month,0,0,0,0.0,1500.0
Kriz N.,Clay,all,1,0,1,1.0,1486.646806417433
Kriz N.,Clay,last_year,0,0,0,0.0,1500.0
Kriz N.,Clay,last_month,0,0,0,0.0,1500.0
Kriz N.,Grass,all,0,0,0,0.0,1500.0
Kriz N.,Grass,last_year,0,0,0,0.0,1500.0
Kriz N.,Grass,last_month,0,0,0,0.0,1500.0
Kriz N.,Greenset,all,0,0,0,0.0,1500.0
Kriz N.,Greenset,last_year,0,0,0,0.0,1500.0
Kriz N.,Greenset,last_month,0,0,0,0.0,1500.0
Kloesel S.,Hard,all,8,1,7,0.875,1489.7932480116788
Kloesel S.,Hard,last_year,0,0,0,0.0,1500.0
Kloesel S.,Hard,last_month,0,0,0,0.0,1500.0
Kloesel S.,Carpet,all,0,0,0,0.0,1500.0
Kloesel S.,Carpet,last_year,0,0,0,0.0,1500.0
Kloesel S.,Carpet,last_month,0,0,0,0.0,1500.0
Kloesel S.,Clay,all,13,2,11,0.8461538461538461,1487.9180377453697
Kloesel S.,Clay,last_year,0,0,0,0.0,1500.0
Kloesel S.,Clay,last_month,0,0,0,0.0,1500.0
Kloesel S.,Grass,all,1,0,1,1.0,1484.0015580681968
Kloesel S.,Grass,last_year,0,0,0,0.0,1500.0
Kloesel S.,Grass,last_month,0,0,0,0.0,1500.0
Kloesel S.,Greenset,all,0,0,0,0.0,1500.0
Kloesel S.,Greenset,last_year,0,0,0,0.0,1500.0
Kloesel S.,Greenset,last_month,0,0,0,0.0,1500.0
Townsend T.,Hard,all,87,37,50,0.5747126436781609,1537.368321762979
Townsend T.,Hard,last_year,17,9,8,0.47058823529411764,1515.1785517741378
Townsend T.,Hard,last_month,0,0,0,0.0,1500.0
Townsend T.,Carpet,all,0,0,0,0.0,1500.0
Townsend T.,Carpet,last_year,0,0,0,0.0,1500.0
Townsend T.,Carpet,last_month,0,0,0,0.0,1500.0
Townsend T.,Clay,all,30,13,17,0.5666666666666667,1629.8545755628709
Townsend T.,Clay,last_year,1,0,1,1.0,1516.7171093891889
Townsend T.,Clay,last_month,0,0,0,0.0,1500.0
Townsend T.,Grass,all,8,2,6,0.75,1456.314481638145
Townsend T.,Grass,last_year,2,0,2,1.0,1498.6302747375278
Townsend T.,Grass,last_month,1,0,1,1.0,1483.9970270745976
Townsend T.,Greenset,all,0,0,0,0.0,1500.0
Townsend T.,Greenset,last_year,0,0,0,0.0,1500.0
Townsend T.,Greenset,last_month,0,0,0,0.0,1500.0
Rybakina E.,Hard,all,195,135,60,0.3076923076923077,1462.7779986835324
Rybakina E.,Hard,last_year,23,14,9,0.391304347826087,1469.125607104745
Rybakina E.,Hard,last_month,0,0,0,0.0,1500.0
Rybakina E.,Carpet,all,0,0,0,0.0,1500.0
Rybakina E.,Carpet,last_year,0,0,0,0.0,1500.0
Rybakina E.,Carpet,last_month,0,0,0,0.0,1500.0
Rybakina E.,Clay,all,77,55,22,0.2857142857142857,1419.1619145837271
Rybakina E.,Clay,last_year,12,9,3,0.25,1444.4307196776506
Rybakina E.,Clay,last_month,1,0,1,1.0,1484.0
Rybakina E.,Grass,all,44,32,12,0.2727272727272727,1374.064853946255
Rybakina E.,Grass,last_year,13,9,4,0.3076923076923077,1435.9224594537498
Rybakina E.,Grass,last_month,8,5,3,0.375,1462.926943747938
Rybakina E.,Greenset,all,0,0,0,0.0,1500.0
Rybakina E.,Greenset,last_year,0,0,0,0.0,1500.0
Rybakina E.,Greenset,last_month,0,0,0,0.0,1500.0
Loit E.,Hard,all,25,10,15,0.6,1474.6981743999993
Loit E.,Hard,last_year,0,0,0,0.0,1500.0
Loit E.,Hard,last_month,0,0,0,0.0,1500.0
Loit E.,Carpet,all,7,3,4,0.5714285714285714,1489.8933478950128
Loit E.,Carpet,last_year,0,0,0,0.0,1500.0
Loit E.,Carpet,last_month,0,0,0,0.0,1500.0
Loit E.,Clay,all,35,19,16,0.45714285714285713,1552.627871725934
Loit E.,Clay,last_year,0,0,0,0.0,1500.0
Loit E.,Clay,last_month,0,0,0,0.0,1500.0
Loit E.,Grass,all,4,2,2,0.5,1502.479568040916
Loit E.,Grass,last_year,0,0,0,0.0,1500.0
Loit E.,Grass,last_month,0,0,0,0.0,1500.0
Loit E.,Greenset,all,0,0,0,0.0,1500.0
Loit E.,Greenset,last_year,0,0,0,0.0,1500.0
Loit E.,Greenset,last_month,0,0,0,0.0,1500.0
Teichmann J.,Hard,all,94,42,52,0.5531914893617021,1649.1863903169085
Teichmann J.,Hard,last_year,5,3,2,0.4,1547.5259195333451
Teichmann J.,Hard,last_month,0,0,0,0.0,1500.0
Teichmann J.,Carpet,all,0,0,0,0.0,1500.0
Teichmann J.,Carpet,last_year,0,0,0,0.0,1500.0
Teichmann J.,Carpet,last_month,0,0,0,0.0,1500.0
Teichmann J.,Clay,all,60,33,27,0.45,1526.2891685609704
Teichmann J.,Clay,last_year,7,2,5,0.7142857142857143,1485.4645610232553
Teichmann J.,Clay,last_month,0,0,0,0.0,1500.0
Teichmann J.,Grass,all,10,1,9,0.9,1508.924981746187
Teichmann J.,Grass,last_year,1,0,1,1.0,1516.7410985954334
Teichmann J.,Grass,last_month,1,0,1,1.0,1516.0692206682768
Teichmann J.,Greenset,all,0,0,0,0.0,1500.0
Teichmann J.,Greenset,last_year,0,0,0,0.0,1500.0
Teichmann J.,Greenset,last_month,0,0,0,0.0,1500.0
Stevanovic N.,Hard,all,0,0,0,0.0,1500.0
Stevanovic N.,Hard,last_year,0,0,0,0.0,1500.0
Stevanovic N.,Hard,last_month,0,0,0,0.0,1500.0
Stevanovic N.,Carpet,all,0,0,0,0.0,1500.0
Stevanovic N.,Carpet,last_year,0,0,0,0.0,1500.0
Stevanovic N.,Carpet,last_month,0,0,0,0.0,1500.0
Stevanovic N.,Clay,all,5,2,3,0.6,1578.6092259890866
Stevanovic N.,Clay,last_year,0,0,0,0.0,1500.0
Stevanovic N.,Clay,last_month,0,0,0,0.0,1500.0
Stevanovic N.,Grass,all,4,2,2,0.5,1469.7337428854792
Stevanovic N.,Grass,last_year,0,0,0,0.0,1500.0
Stevanovic N.,Grass,last_month,0,0,0,0.0,1500.0
Stevanovic N.,Greenset,all,0,0,0,0.0,1500.0
Stevanovic N.,Greenset,last_year,0,0,0,0.0,1500.0
Stevanovic N.,Greenset,last_month,0,0,0,0.0,1500.0
Korashvili O.,Hard,all,1,0,1,1.0,1484.9235699795533
Korashvili O.,Hard,last_year,0,0,0,0.0,1500.0
Korashvili O.,Hard,last_month,0,0,0,0.0,1500.0
Korashvili O.,Carpet,all,0,0,0,0.0,1500.0
Korashvili O.,Carpet,last_year,0,0,0,0.0,1500.0
Korashvili O.,Carpet,last_month,0,0,0,0.0,1500.0
Korashvili O.,Clay,all,0,0,0,0.0,1500.0
Korashvili O.,Clay,last_year,0,0,0,0.0,1500.0
Korashvili O.,Clay,last_month,0,0,0,0.0,1500.0
Korashvili O.,Grass,all,0,0,0,0.0,1500.0
Korashvili O.,Grass,last_year,0,0,0,0.0,1500.0
Korashvili O.,Grass,last_month,0,0,0,0.0,1500.0
Korashvili O.,Greenset,all,0,0,0,0.0,1500.0
Korashvili O.,Greenset,last_year,0,0,0,0.0,1500.0
Korashvili O.,Greenset,last_month,0,0,0,0.0,1500.0
Saito S.,Hard,all,5,2,3,0.6,1523.1780105355435
Saito S.,Hard,last_year,5,2,3,0.6,1523.5174583901269
Saito S.,Hard,last_month,0,0,0,0.0,1500.0
Saito S.,Carpet,all,0,0,0,0.0,1500.0
Saito S.,Carpet,last_year,0,0,0,0.0,1500.0
Saito S.,Carpet,last_month,0,0,0,0.0,1500.0
Saito S.,Clay,all,0,0,0,0.0,1500.0
Saito S.,Clay,last_year,0,0,0,0.0,1500.0
Saito S.,Clay,last_month,0,0,0,0.0,1500.0
Saito S.,Grass,all,0,0,0,0.0,1500.0
Saito S.,Grass,last_year,0,0,0,0.0,1500.0
Saito S.,Grass,last_month,0,0,0,0.0,1500.0
Saito S.,Greenset,all,0,0,0,0.0,1500.0
Saito S.,Greenset,last_year,0,0,0,0.0,1500.0
Saito S.,Greenset,last_month,0,0,0,0.0,1500.0
Szatmari A.,Hard,all,2,1,1,0.5,1496.3845625750985
Szatmari A.,Hard,last_year,0,0,0,0.0,1500.0
Szatmari A.,Hard,last_month,0,0,0,0.0,1500.0
Szatmari A.,Carpet,all,0,0,0,0.0,1500.0
Szatmari A.,Carpet,last_year,0,0,0,0.0,1500.0
Szatmari A.,Carpet,last_month,0,0,0,0.0,1500.0
Szatmari A.,Clay,all,1,0,1,1.0,1484.0
Szatmari A.,Clay,last_year,0,0,0,0.0,1500.0
Szatmari A.,Clay,last_month,0,0,0,0.0,1500.0
Szatmari A.,Grass,all,0,0,0,0.0,1500.0
Szatmari A.,Grass,last_year,0,0,0,0.0,1500.0
Szatmari A.,Grass,last_month,0,0,0,0.0,1500.0
Szatmari A.,Greenset,all,0,0,0,0.0,1500.0
Szatmari A.,Greenset,last_year,0,0,0,0.0,1500.0
Szatmari A.,Greenset,last_month,0,0,0,0.0,1500.0
Ditty J.,Hard,all,23,8,15,0.6521739130434783,1495.5348362088828
Ditty J.,Hard,last_year,0,0,0,0.0,1500.0
Ditty J.,Hard,last_month,0,0,0,0.0,1500.0
Ditty J.,Carpet,all,1,0,1,1.0,1515.9923977223698
Ditty J.,Carpet,last_year,0,0,0,0.0,1500.0
Ditty J.,Carpet,last_month,0,0,0,0.0,1500.0
Ditty J.,Clay,all,10,2,8,0.8,1492.492783425648
Ditty J.,Clay,last_year,0,0,0,0.0,1500.0
Ditty J.,Clay,last_month,0,0,0,0.0,1500.0
Ditty J.,Grass,all,3,0,3,1.0,1511.1030691492779
Ditty J.,Grass,last_year,0,0,0,0.0,1500.0
Ditty J.,Grass,last_month,0,0,0,0.0,1500.0
Ditty J.,Greenset,all,0,0,0,0.0,1500.0
Ditty J.,Greenset,last_year,0,0,0,0.0,1500.0
Ditty J.,Greenset,last_month,0,0,0,0.0,1500.0
Bremond S.,Hard,all,32,11,21,0.65625,1428.551847936699
Bremond S.,Hard,last_year,0,0,0,0.0,1500.0
Bremond S.,Hard,last_month,0,0,0,0.0,1500.0
Bremond S.,Carpet,all,3,1,2,0.6666666666666666,1517.4018288862171
Bremond S.,Carpet,last_year,0,0,0,0.0,1500.0
Bremond S.,Carpet,last_month,0,0,0,0.0,1500.0
Bremond S.,Clay,all,13,3,10,0.7692307692307693,1522.3043642657906
Bremond S.,Clay,last_year,0,0,0,0.0,1500.0
Bremond S.,Clay,last_month,0,0,0,0.0,1500.0
Bremond S.,Grass,all,8,1,7,0.875,1421.0592584744377
Bremond S.,Grass,last_year,0,0,0,0.0,1500.0
Bremond S.,Grass,last_month,0,0,0,0.0,1500.0
Bremond S.,Greenset,all,0,0,0,0.0,1500.0
Bremond S.,Greenset,last_year,0,0,0,0.0,1500.0
Bremond S.,Greenset,last_month,0,0,0,0.0,1500.0
Kichenok L.,Hard,all,15,5,10,0.6666666666666666,1472.9785185230553
Kichenok L.,Hard,last_year,0,0,0,0.0,1500.0
Kichenok L.,Hard,last_month,0,0,0,0.0,1500.0
Kichenok L.,Carpet,all,0,0,0,0.0,1500.0
Kichenok L.,Carpet,last_year,0,0,0,0.0,1500.0
Kichenok L.,Carpet,last_month,0,0,0,0.0,1500.0
Kichenok L.,Clay,all,0,0,0,0.0,1500.0
Kichenok L.,Clay,last_year,0,0,0,0.0,1500.0
Kichenok L.,Clay,last_month,0,0,0,0.0,1500.0
Kichenok L.,Grass,all,1,0,1,1.0,1482.2520404469326
Kichenok L.,Grass,last_year,0,0,0,0.0,1500.0
Kichenok L.,Grass,last_month,0,0,0,0.0,1500.0
Kichenok L.,Greenset,all,0,0,0,0.0,1500.0
Kichenok L.,Greenset,last_year,0,0,0,0.0,1500.0
Kichenok L.,Greenset,last_month,0,0,0,0.0,1500.0
Boskovic L.,Hard,all,0,0,0,0.0,1500.0
Boskovic L.,Hard,last_year,0,0,0,0.0,1500.0
Boskovic L.,Hard,last_month,0,0,0,0.0,1500.0
Boskovic L.,Carpet,all,0,0,0,0.0,1500.0
Boskovic L.,Carpet,last_year,0,0,0,0.0,1500.0
Boskovic L.,Carpet,last_month,0,0,0,0.0,1500.0
Boskovic L.,Clay,all,6,4,2,0.3333333333333333,1482.9394882798806
Boskovic L.,Clay,last_year,6,4,2,0.3333333333333333,1477.6406178904579
Boskovic L.,Clay,last_month,0,0,0,0.0,1500.0
Boskovic L.,Grass,all,0,0,0,0.0,1500.0
Boskovic L.,Grass,last_year,0,0,0,0.0,1500.0
Boskovic L.,Grass,last_month,0,0,0,0.0,1500.0
Boskovic L.,Greenset,all,0,0,0,0.0,1500.0
Boskovic L.,Greenset,last_year,0,0,0,0.0,1500.0
Boskovic L.,Greenset,last_month,0,0,0,0.0,1500.0
Hui K.,Hard,all,1,0,1,1.0,1480.8021837620374
Hui K.,Hard,last_year,0,0,0,0.0,1500.0
Hui K.,Hard,last_month,0,0,0,0.0,1500.0
Hui K.,Carpet,all,0,0,0,0.0,1500.0
Hui K.,Carpet,last_year,0,0,0,0.0,1500.0
Hui K.,Carpet,last_month,0,0,0,0.0,1500.0
Hui K.,Clay,all,0,0,0,0.0,1500.0
Hui K.,Clay,last_year,0,0,0,0.0,1500.0
Hui K.,Clay,last_month,0,0,0,0.0,1500.0
Hui K.,Grass,all,0,0,0,0.0,1500.0
Hui K.,Grass,last_year,0,0,0,0.0,1500.0
Hui K.,Grass,last_month,0,0,0,0.0,1500.0
Hui K.,Greenset,all,0,0,0,0.0,1500.0
Hui K.,Greenset,last_year,0,0,0,0.0,1500.0
Hui K.,Greenset,last_month,0,0,0,0.0,1500.0
Voracova R.,Hard,all,28,6,22,0.7857142857142857,1554.8685523250153
Voracova R.,Hard,last_year,0,0,0,0.0,1500.0
Voracova R.,Hard,last_month,0,0,0,0.0,1500.0
Voracova R.,Carpet,all,0,0,0,0.0,1500.0
Voracova R.,Carpet,last_year,0,0,0,0.0,1500.0
Voracova R.,Carpet,last_month,0,0,0,0.0,1500.0
Voracova R.,Clay,all,30,12,18,0.6,1529.2974140282693
Voracova R.,Clay,last_year,0,0,0,0.0,1500.0
Voracova R.,Clay,last_month,0,0,0,0.0,1500.0
Voracova R.,Grass,all,2,0,2,1.0,1501.5037148467973
Voracova R.,Grass,last_year,0,0,0,0.0,1500.0
Voracova R.,Grass,last_month,0,0,0,0.0,1500.0
Voracova R.,Greenset,all,0,0,0,0.0,1500.0
Voracova R.,Greenset,last_year,0,0,0,0.0,1500.0
Voracova R.,Greenset,last_month,0,0,0,0.0,1500.0
Palicova B.,Hard,all,2,0,2,1.0,1467.962470784061
Palicova B.,Hard,last_year,0,0,0,0.0,1500.0
Palicova B.,Hard,last_month,0,0,0,0.0,1500.0
Palicova B.,Carpet,all,0,0,0,0.0,1500.0
Palicova B.,Carpet,last_year,0,0,0,0.0,1500.0
Palicova B.,Carpet,last_month,0,0,0,0.0,1500.0
Palicova B.,Clay,all,1,0,1,1.0,1517.4048183329182
Palicova B.,Clay,last_year,1,0,1,1.0,1516.0
Palicova B.,Clay,last_month,0,0,0,0.0,1500.0
Palicova B.,Grass,all,0,0,0,0.0,1500.0
Palicova B.,Grass,last_year,0,0,0,0.0,1500.0
Palicova B.,Grass,last_month,0,0,0,0.0,1500.0
Palicova B.,Greenset,all,0,0,0,0.0,1500.0
Palicova B.,Greenset,last_year,0,0,0,0.0,1500.0
Palicova B.,Greenset,last_month,0,0,0,0.0,1500.0
Tinjic J.,Hard,all,0,0,0,0.0,1500.0
Tinjic J.,Hard,last_year,0,0,0,0.0,1500.0
Tinjic J.,Hard,last_month,0,0,0,0.0,1500.0
Tinjic J.,Carpet,all,0,0,0,0.0,1500.0
Tinjic J.,Carpet,last_year,0,0,0,0.0,1500.0
Tinjic J.,Carpet,last_month,0,0,0,0.0,1500.0
Tinjic J.,Clay,all,1,0,1,1.0,1485.411856479924
Tinjic J.,Clay,last_year,0,0,0,0.0,1500.0
Tinjic J.,Clay,last_month,0,0,0,0.0,1500.0
Tinjic J.,Grass,all,0,0,0,0.0,1500.0
Tinjic J.,Grass,last_year,0,0,0,0.0,1500.0
Tinjic J.,Grass,last_month,0,0,0,0.0,1500.0
Tinjic J.,Greenset,all,0,0,0,0.0,1500.0
Tinjic J.,Greenset,last_year,0,0,0,0.0,1500.0
Tinjic J.,Greenset,last_month,0,0,0,0.0,1500.0
Sasnovich A.,Hard,all,185,92,93,0.5027027027027027,1509.0904881499896
Sasnovich A.,Hard,last_year,7,4,3,0.42857142857142855,1495.1449986170605
Sasnovich A.,Hard,last_month,0,0,0,0.0,1500.0
Sasnovich A.,Carpet,all,0,0,0,0.0,1500.0
Sasnovich A.,Carpet,last_year,0,0,0,0.0,1500.0
Sasnovich A.,Carpet,last_month,0,0,0,0.0,1500.0
Sasnovich A.,Clay,all,77,35,42,0.5454545454545454,1431.7806832664737
Sasnovich A.,Clay,last_year,8,4,4,0.5,1461.3174768742706
Sasnovich A.,Clay,last_month,0,0,0,0.0,1500.0
Sasnovich A.,Grass,all,34,14,20,0.5882352941176471,1524.1067786703609
Sasnovich A.,Grass,last_year,3,1,2,0.6666666666666666,1486.3568161902137
Sasnovich A.,Grass,last_month,3,1,2,0.6666666666666666,1487.4979686333825
Sasnovich A.,Greenset,all,0,0,0,0.0,1500.0
Sasnovich A.,Greenset,last_year,0,0,0,0.0,1500.0
Sasnovich A.,Greenset,last_month,0,0,0,0.0,1500.0
Luz B.,Hard,all,0,0,0,0.0,1500.0
Luz B.,Hard,last_year,0,0,0,0.0,1500.0
Luz B.,Hard,last_month,0,0,0,0.0,1500.0
Luz B.,Carpet,all,0,0,0,0.0,1500.0
Luz B.,Carpet,last_year,0,0,0,0.0,1500.0
Luz B.,Carpet,last_month,0,0,0,0.0,1500.0
Luz B.,Clay,all,2,0,2,1.0,1496.7203596313755
Luz B.,Clay,last_year,0,0,0,0.0,1500.0
Luz B.,Clay,last_month,0,0,0,0.0,1500.0
Luz B.,Grass,all,0,0,0,0.0,1500.0
Luz B.,Grass,last_year,0,0,0,0.0,1500.0
Luz B.,Grass,last_month,0,0,0,0.0,1500.0
Luz B.,Greenset,all,0,0,0,0.0,1500.0
Luz B.,Greenset,last_year,0,0,0,0.0,1500.0
Luz B.,Greenset,last_month,0,0,0,0.0,1500.0
Ruzic A.,Hard,all,7,4,3,0.42857142857142855,1515.0456631528384
Ruzic A.,Hard,last_year,7,4,3,0.42857142857142855,1518.6452344637487
Ruzic A.,Hard,last_month,0,0,0,0.0,1500.0
Ruzic A.,Carpet,all,0,0,0,0.0,1500.0
Ruzic A.,Carpet,last_year,0,0,0,0.0,1500.0
Ruzic A.,Carpet,last_month,0,0,0,0.0,1500.0
Ruzic A.,Clay,all,2,1,1,0.5,1498.042303731015
Ruzic A.,Clay,last_year,2,1,1,0.5,1501.4175653490895
Ruzic A.,Clay,last_month,0,0,0,0.0,1500.0
Ruzic A.,Grass,all,2,1,1,0.5,1529.5187632730926
Ruzic A.,Grass,last_year,2,1,1,0.5,1529.2708643723395
Ruzic A.,Grass,last_month,2,1,1,0.5,1530.5304984710244
Ruzic A.,Greenset,all,0,0,0,0.0,1500.0
Ruzic A.,Greenset,last_year,0,0,0,0.0,1500.0
Ruzic A.,Greenset,last_month,0,0,0,0.0,1500.0
Koukalova K.,Hard,all,31,7,24,0.7741935483870968,1536.3427648681575
Koukalova K.,Hard,last_year,0,0,0,0.0,1500.0
Koukalova K.,Hard,last_month,0,0,0,0.0,1500.0
Koukalova K.,Carpet,all,0,0,0,0.0,1500.0
Koukalova K.,Carpet,last_year,0,0,0,0.0,1500.0
Koukalova K.,Carpet,last_month,0,0,0,0.0,1500.0
Koukalova K.,Clay,all,18,6,12,0.6666666666666666,1535.4147099026338
Koukalova K.,Clay,last_year,0,0,0,0.0,1500.0
Koukalova K.,Clay,last_month,0,0,0,0.0,1500.0
Koukalova K.,Grass,all,15,9,6,0.4,1469.069581617945
Koukalova K.,Grass,last_year,0,0,0,0.0,1500.0
Koukalova K.,Grass,last_month,0,0,0,0.0,1500.0
Koukalova K.,Greenset,all,0,0,0,0.0,1500.0
Koukalova K.,Greenset,last_year,0,0,0,0.0,1500.0
Koukalova K.,Greenset,last_month,0,0,0,0.0,1500.0
Pennetta F.,Hard,all,286,180,106,0.3706293706293706,1557.0409017105137
Pennetta F.,Hard,last_year,0,0,0,0.0,1500.0
Pennetta F.,Hard,last_month,0,0,0,0.0,1500.0
Pennetta F.,Carpet,all,3,2,1,0.3333333333333333,1513.5204349077196
Pennetta F.,Carpet,last_year,0,0,0,0.0,1500.0
Pennetta F.,Carpet,last_month,0,0,0,0.0,1500.0
Pennetta F.,Clay,all,152,97,55,0.3618421052631579,1548.963588257003
Pennetta F.,Clay,last_year,0,0,0,0.0,1500.0
Pennetta F.,Clay,last_month,0,0,0,0.0,1500.0
Pennetta F.,Grass,all,35,17,18,0.5142857142857142,1472.7642561053387
Pennetta F.,Grass,last_year,0,0,0,0.0,1500.0
Pennetta F.,Grass,last_month,0,0,0,0.0,1500.0
Pennetta F.,Greenset,all,3,2,1,0.3333333333333333,1515.2299283912382
Pennetta F.,Greenset,last_year,0,0,0,0.0,1500.0
Pennetta F.,Greenset,last_month,0,0,0,0.0,1500.0
Saigo R.,Hard,all,2,0,2,1.0,1506.708413625308
Saigo R.,Hard,last_year,0,0,0,0.0,1500.0
Saigo R.,Hard,last_month,0,0,0,0.0,1500.0
Saigo R.,Carpet,all,0,0,0,0.0,1500.0
Saigo R.,Carpet,last_year,0,0,0,0.0,1500.0
Saigo R.,Carpet,last_month,0,0,0,0.0,1500.0
Saigo R.,Clay,all,0,0,0,0.0,1500.0
Saigo R.,Clay,last_year,0,0,0,0.0,1500.0
Saigo R.,Clay,last_month,0,0,0,0.0,1500.0
Saigo R.,Grass,all,0,0,0,0.0,1500.0
Saigo R.,Grass,last_year,0,0,0,0.0,1500.0
Saigo R.,Grass,last_month,0,0,0,0.0,1500.0
Saigo R.,Greenset,all,0,0,0,0.0,1500.0
Saigo R.,Greenset,last_year,0,0,0,0.0,1500.0
Saigo R.,Greenset,last_month,0,0,0,0.0,1500.0
Betova M.,Hard,all,1,0,1,1.0,1484.6705985665774
Betova M.,Hard,last_year,0,0,0,0.0,1500.0
Betova M.,Hard,last_month,0,0,0,0.0,1500.0
Betova M.,Carpet,all,0,0,0,0.0,1500.0
Betova M.,Carpet,last_year,0,0,0,0.0,1500.0
Betova M.,Carpet,last_month,0,0,0,0.0,1500.0
Betova M.,Clay,all,0,0,0,0.0,1500.0
Betova M.,Clay,last_year,0,0,0,0.0,1500.0
Betova M.,Clay,last_month,0,0,0,0.0,1500.0
Betova M.,Grass,all,1,0,1,1.0,1485.641606771127
Betova M.,Grass,last_year,0,0,0,0.0,1500.0
Betova M.,Grass,last_month,0,0,0,0.0,1500.0
Betova M.,Greenset,all,0,0,0,0.0,1500.0
Betova M.,Greenset,last_year,0,0,0,0.0,1500.0
Betova M.,Greenset,last_month,0,0,0,0.0,1500.0
Paolini J.,Hard,all,137,75,62,0.45255474452554745,1468.3397304945079
Paolini J.,Hard,last_year,27,16,11,0.4074074074074074,1480.56300031844
Paolini J.,Hard,last_month,0,0,0,0.0,1500.0
Paolini J.,Carpet,all,0,0,0,0.0,1500.0
Paolini J.,Carpet,last_year,0,0,0,0.0,1500.0
Paolini J.,Carpet,last_month,0,0,0,0.0,1500.0
Paolini J.,Clay,all,92,51,41,0.44565217391304346,1486.78205322354
Paolini J.,Clay,last_year,16,13,3,0.1875,1520.1706004463422
Paolini J.,Clay,last_month,1,0,1,1.0,1484.0
Paolini J.,Grass,all,19,9,10,0.5263157894736842,1418.530191920426
Paolini J.,Grass,last_year,12,8,4,0.3333333333333333,1460.0445298201837
Paolini J.,Grass,last_month,6,3,3,0.5,1500.3303019730336
Paolini J.,Greenset,all,0,0,0,0.0,1500.0
Paolini J.,Greenset,last_year,0,0,0,0.0,1500.0
Paolini J.,Greenset,last_month,0,0,0,0.0,1500.0
Antoniychuk K.,Hard,all,1,0,1,1.0,1487.0367023336944
Antoniychuk K.,Hard,last_year,0,0,0,0.0,1500.0
Antoniychuk K.,Hard,last_month,0,0,0,0.0,1500.0
Antoniychuk K.,Carpet,all,0,0,0,0.0,1500.0
Antoniychuk K.,Carpet,last_year,0,0,0,0.0,1500.0
Antoniychuk K.,Carpet,last_month,0,0,0,0.0,1500.0
Antoniychuk K.,Clay,all,2,1,1,0.5,1528.2308408878373
Antoniychuk K.,Clay,last_year,0,0,0,0.0,1500.0
Antoniychuk K.,Clay,last_month,0,0,0,0.0,1500.0
Antoniychuk K.,Grass,all,0,0,0,0.0,1500.0
Antoniychuk K.,Grass,last_year,0,0,0,0.0,1500.0
Antoniychuk K.,Grass,last_month,0,0,0,0.0,1500.0
Antoniychuk K.,Greenset,all,0,0,0,0.0,1500.0
Antoniychuk K.,Greenset,last_year,0,0,0,0.0,1500.0
Antoniychuk K.,Greenset,last_month,0,0,0,0.0,1500.0
Hibi M.,Hard,all,7,2,5,0.7142857142857143,1526.8796843616208
Hibi M.,Hard,last_year,0,0,0,0.0,1500.0
Hibi M.,Hard,last_month,0,0,0,0.0,1500.0
Hibi M.,Carpet,all,0,0,0,0.0,1500.0
Hibi M.,Carpet,last_year,0,0,0,0.0,1500.0
Hibi M.,Carpet,last_month,0,0,0,0.0,1500.0
Hibi M.,Clay,all,0,0,0,0.0,1500.0
Hibi M.,Clay,last_year,0,0,0,0.0,1500.0
Hibi M.,Clay,last_month,0,0,0,0.0,1500.0
Hibi M.,Grass,all,0,0,0,0.0,1500.0
Hibi M.,Grass,last_year,0,0,0,0.0,1500.0
Hibi M.,Grass,last_month,0,0,0,0.0,1500.0
Hibi M.,Greenset,all,0,0,0,0.0,1500.0
Hibi M.,Greenset,last_year,0,0,0,0.0,1500.0
Hibi M.,Greenset,last_month,0,0,0,0.0,1500.0
Waltert S.,Hard,all,4,1,3,0.75,1508.7139049624045
Waltert S.,Hard,last_year,2,1,1,0.5,1537.1244181694312
Waltert S.,Hard,last_month,0,0,0,0.0,1500.0
Waltert S.,Carpet,all,0,0,0,0.0,1500.0
Waltert S.,Carpet,last_year,0,0,0,0.0,1500.0
Waltert S.,Carpet,last_month,0,0,0,0.0,1500.0
Waltert S.,Clay,all,13,5,8,0.6153846153846154,1499.8026205653393
Waltert S.,Clay,last_year,3,1,2,0.6666666666666666,1547.3251488010167
Waltert S.,Clay,last_month,0,0,0,0.0,1500.0
Waltert S.,Grass,all,1,0,1,1.0,1480.354123935926
Waltert S.,Grass,last_year,0,0,0,0.0,1500.0
Waltert S.,Grass,last_month,0,0,0,0.0,1500.0
Waltert S.,Greenset,all,0,0,0,0.0,1500.0
Waltert S.,Greenset,last_year,0,0,0,0.0,1500.0
Waltert S.,Greenset,last_month,0,0,0,0.0,1500.0
Dolonc V.,Hard,all,19,8,11,0.5789473684210527,1448.324046607252
Dolonc V.,Hard,last_year,0,0,0,0.0,1500.0
Dolonc V.,Hard,last_month,0,0,0,0.0,1500.0
Dolonc V.,Carpet,all,0,0,0,0.0,1500.0
Dolonc V.,Carpet,last_year,0,0,0,0.0,1500.0
Dolonc V.,Carpet,last_month,0,0,0,0.0,1500.0
Dolonc V.,Clay,all,3,0,3,1.0,1518.3420957402857
Dolonc V.,Clay,last_year,0,0,0,0.0,1500.0
Dolonc V.,Clay,last_month,0,0,0,0.0,1500.0
Dolonc V.,Grass,all,6,3,3,0.5,1489.7981100711793
Dolonc V.,Grass,last_year,0,0,0,0.0,1500.0
Dolonc V.,Grass,last_month,0,0,0,0.0,1500.0
Dolonc V.,Greenset,all,0,0,0,0.0,1500.0
Dolonc V.,Greenset,last_year,0,0,0,0.0,1500.0
Dolonc V.,Greenset,last_month,0,0,0,0.0,1500.0
Chirico L.,Hard,all,32,8,24,0.75,1501.8422157373598
Chirico L.,Hard,last_year,1,0,1,1.0,1516.0
Chirico L.,Hard,last_month,0,0,0,0.0,1500.0
Chirico L.,Carpet,all,0,0,0,0.0,1500.0
Chirico L.,Carpet,last_year,0,0,0,0.0,1500.0
Chirico L.,Carpet,last_month,0,0,0,0.0,1500.0
Chirico L.,Clay,all,25,8,17,0.68,1440.3579431265032
Chirico L.,Clay,last_year,3,1,2,0.6666666666666666,1518.0319957371466
Chirico L.,Clay,last_month,0,0,0,0.0,1500.0
Chirico L.,Grass,all,2,0,2,1.0,1497.0025184644069
Chirico L.,Grass,last_year,0,0,0,0.0,1500.0
Chirico L.,Grass,last_month,0,0,0,0.0,1500.0
Chirico L.,Greenset,all,0,0,0,0.0,1500.0
Chirico L.,Greenset,last_year,0,0,0,0.0,1500.0
Chirico L.,Greenset,last_month,0,0,0,0.0,1500.0
Fridman O.,Hard,all,0,0,0,0.0,1500.0
Fridman O.,Hard,last_year,0,0,0,0.0,1500.0
Fridman O.,Hard,last_month,0,0,0,0.0,1500.0
Fridman O.,Carpet,all,0,0,0,0.0,1500.0
Fridman O.,Carpet,last_year,0,0,0,0.0,1500.0
Fridman O.,Carpet,last_month,0,0,0,0.0,1500.0
Fridman O.,Clay,all,1,0,1,1.0,1484.302756220757
Fridman O.,Clay,last_year,0,0,0,0.0,1500.0
Fridman O.,Clay,last_month,0,0,0,0.0,1500.0
Fridman O.,Grass,all,0,0,0,0.0,1500.0
Fridman O.,Grass,last_year,0,0,0,0.0,1500.0
Fridman O.,Grass,last_month,0,0,0,0.0,1500.0
Fridman O.,Greenset,all,0,0,0,0.0,1500.0
Fridman O.,Greenset,last_year,0,0,0,0.0,1500.0
Fridman O.,Greenset,last_month,0,0,0,0.0,1500.0
Hermoso X.,Hard,all,4,0,4,1.0,1536.550800464233
Hermoso X.,Hard,last_year,0,0,0,0.0,1500.0
Hermoso X.,Hard,last_month,0,0,0,0.0,1500.0
Hermoso X.,Carpet,all,0,0,0,0.0,1500.0
Hermoso X.,Carpet,last_year,0,0,0,0.0,1500.0
Hermoso X.,Carpet,last_month,0,0,0,0.0,1500.0
Hermoso X.,Clay,all,4,1,3,0.75,1440.0719675941052
Hermoso X.,Clay,last_year,0,0,0,0.0,1500.0
Hermoso X.,Clay,last_month,0,0,0,0.0,1500.0
Hermoso X.,Grass,all,0,0,0,0.0,1500.0
Hermoso X.,Grass,last_year,0,0,0,0.0,1500.0
Hermoso X.,Grass,last_month,0,0,0,0.0,1500.0
Hermoso X.,Greenset,all,0,0,0,0.0,1500.0
Hermoso X.,Greenset,last_year,0,0,0,0.0,1500.0
Hermoso X.,Greenset,last_month,0,0,0,0.0,1500.0
Gleason Q.,Hard,all,1,0,1,1.0,1483.7603768884633
Gleason Q.,Hard,last_year,0,0,0,0.0,1500.0
Gleason Q.,Hard,last_month,0,0,0,0.0,1500.0
Gleason Q.,Carpet,all,0,0,0,0.0,1500.0
Gleason Q.,Carpet,last_year,0,0,0,0.0,1500.0
Gleason Q.,Carpet,last_month,0,0,0,0.0,1500.0
Gleason Q.,Clay,all,0,0,0,0.0,1500.0
Gleason Q.,Clay,last_year,0,0,0,0.0,1500.0
Gleason Q.,Clay,last_month,0,0,0,0.0,1500.0
Gleason Q.,Grass,all,0,0,0,0.0,1500.0
Gleason Q.,Grass,last_year,0,0,0,0.0,1500.0
Gleason Q.,Grass,last_month,0,0,0,0.0,1500.0
Gleason Q.,Greenset,all,0,0,0,0.0,1500.0
Gleason Q.,Greenset,last_year,0,0,0,0.0,1500.0
Gleason Q.,Greenset,last_month,0,0,0,0.0,1500.0
Peschke K.,Hard,all,0,0,0,0.0,1500.0
Peschke K.,Hard,last_year,0,0,0,0.0,1500.0
Peschke K.,Hard,last_month,0,0,0,0.0,1500.0
Peschke K.,Carpet,all,0,0,0,0.0,1500.0
Peschke K.,Carpet,last_year,0,0,0,0.0,1500.0
Peschke K.,Carpet,last_month,0,0,0,0.0,1500.0
Peschke K.,Clay,all,2,1,1,0.5,1497.7036254157392
Peschke K.,Clay,last_year,0,0,0,0.0,1500.0
Peschke K.,Clay,last_month,0,0,0,0.0,1500.0
Peschke K.,Grass,all,0,0,0,0.0,1500.0
Peschke K.,Grass,last_year,0,0,0,0.0,1500.0
Peschke K.,Grass,last_month,0,0,0,0.0,1500.0
Peschke K.,Greenset,all,0,0,0,0.0,1500.0
Peschke K.,Greenset,last_year,0,0,0,0.0,1500.0
Peschke K.,Greenset,last_month,0,0,0,0.0,1500.0
Lu J.J.,Hard,all,6,1,5,0.8333333333333334,1499.6274440737461
Lu J.J.,Hard,last_year,0,0,0,0.0,1500.0
Lu J.J.,Hard,last_month,0,0,0,0.0,1500.0
Lu J.J.,Carpet,all,0,0,0,0.0,1500.0
Lu J.J.,Carpet,last_year,0,0,0,0.0,1500.0
Lu J.J.,Carpet,last_month,0,0,0,0.0,1500.0
Lu J.J.,Clay,all,0,0,0,0.0,1500.0
Lu J.J.,Clay,last_year,0,0,0,0.0,1500.0
Lu J.J.,Clay,last_month,0,0,0,0.0,1500.0
Lu J.J.,Grass,all,0,0,0,0.0,1500.0
Lu J.J.,Grass,last_year,0,0,0,0.0,1500.0
Lu J.J.,Grass,last_month,0,0,0,0.0,1500.0
Lu J.J.,Greenset,all,0,0,0,0.0,1500.0
Lu J.J.,Greenset,last_year,0,0,0,0.0,1500.0
Lu J.J.,Greenset,last_month,0,0,0,0.0,1500.0
Arruabarrena Vecino L.,Hard,all,0,0,0,0.0,1500.0
Arruabarrena Vecino L.,Hard,last_year,0,0,0,0.0,1500.0
Arruabarrena Vecino L.,Hard,last_month,0,0,0,0.0,1500.0
Arruabarrena Vecino L.,Carpet,all,0,0,0,0.0,1500.0
Arruabarrena Vecino L.,Carpet,last_year,0,0,0,0.0,1500.0
Arruabarrena Vecino L.,Carpet,last_month,0,0,0,0.0,1500.0
Arruabarrena Vecino L.,Clay,all,2,1,1,0.5,1530.158715300975
Arruabarrena Vecino L.,Clay,last_year,0,0,0,0.0,1500.0
Arruabarrena Vecino L.,Clay,last_month,0,0,0,0.0,1500.0
Arruabarrena Vecino L.,Grass,all,0,0,0,0.0,1500.0
Arruabarrena Vecino L.,Grass,last_year,0,0,0,0.0,1500.0
Arruabarrena Vecino L.,Grass,last_month,0,0,0,0.0,1500.0
Arruabarrena Vecino L.,Greenset,all,0,0,0,0.0,1500.0
Arruabarrena Vecino L.,Greenset,last_year,0,0,0,0.0,1500.0
Arruabarrena Vecino L.,Greenset,last_month,0,0,0,0.0,1500.0
Chan C-W.,Hard,all,1,0,1,1.0,1488.5318750739993
Chan C-W.,Hard,last_year,0,0,0,0.0,1500.0
Chan C-W.,Hard,last_month,0,0,0,0.0,1500.0
Chan C-W.,Carpet,all,0,0,0,0.0,1500.0
Chan C-W.,Carpet,last_year,0,0,0,0.0,1500.0
Chan C-W.,Carpet,last_month,0,0,0,0.0,1500.0
Chan C-W.,Clay,all,0,0,0,0.0,1500.0
Chan C-W.,Clay,last_year,0,0,0,0.0,1500.0
Chan C-W.,Clay,last_month,0,0,0,0.0,1500.0
Chan C-W.,Grass,all,0,0,0,0.0,1500.0
Chan C-W.,Grass,last_year,0,0,0,0.0,1500.0
Chan C-W.,Grass,last_month,0,0,0,0.0,1500.0
Chan C-W.,Greenset,all,0,0,0,0.0,1500.0
Chan C-W.,Greenset,last_year,0,0,0,0.0,1500.0
Chan C-W.,Greenset,last_month,0,0,0,0.0,1500.0
Turati B.,Hard,all,1,0,1,1.0,1511.8734367301624
Turati B.,Hard,last_year,0,0,0,0.0,1500.0
Turati B.,Hard,last_month,0,0,0,0.0,1500.0
Turati B.,Carpet,all,0,0,0,0.0,1500.0
Turati B.,Carpet,last_year,0,0,0,0.0,1500.0
Turati B.,Carpet,last_month,0,0,0,0.0,1500.0
Turati B.,Clay,all,0,0,0,0.0,1500.0
Turati B.,Clay,last_year,0,0,0,0.0,1500.0
Turati B.,Clay,last_month,0,0,0,0.0,1500.0
Turati B.,Grass,all,0,0,0,0.0,1500.0
Turati B.,Grass,last_year,0,0,0,0.0,1500.0
Turati B.,Grass,last_month,0,0,0,0.0,1500.0
Turati B.,Greenset,all,0,0,0,0.0,1500.0
Turati B.,Greenset,last_year,0,0,0,0.0,1500.0
Turati B.,Greenset,last_month,0,0,0,0.0,1500.0
Bondarenko A.,Hard,all,115,56,59,0.5130434782608696,1423.5204499599142
Bondarenko A.,Hard,last_year,0,0,0,0.0,1500.0
Bondarenko A.,Hard,last_month,0,0,0,0.0,1500.0
Bondarenko A.,Carpet,all,4,0,4,1.0,1530.2703548371353
Bondarenko A.,Carpet,last_year,0,0,0,0.0,1500.0
Bondarenko A.,Carpet,last_month,0,0,0,0.0,1500.0
Bondarenko A.,Clay,all,69,42,27,0.391304347826087,1542.935582757569
Bondarenko A.,Clay,last_year,0,0,0,0.0,1500.0
Bondarenko A.,Clay,last_month,0,0,0,0.0,1500.0
Bondarenko A.,Grass,all,24,14,10,0.4166666666666667,1489.5198607443817
Bondarenko A.,Grass,last_year,0,0,0,0.0,1500.0
Bondarenko A.,Grass,last_month,0,0,0,0.0,1500.0
Bondarenko A.,Greenset,all,0,0,0,0.0,1500.0
Bondarenko A.,Greenset,last_year,0,0,0,0.0,1500.0
Bondarenko A.,Greenset,last_month,0,0,0,0.0,1500.0
Andreescu B.,Hard,all,94,63,31,0.32978723404255317,1491.6359208247977
Andreescu B.,Hard,last_year,6,1,5,0.8333333333333334,1504.7495321302754
Andreescu B.,Hard,last_month,0,0,0,0.0,1500.0
Andreescu B.,Carpet,all,0,0,0,0.0,1500.0
Andreescu B.,Carpet,last_year,0,0,0,0.0,1500.0
Andreescu B.,Carpet,last_month,0,0,0,0.0,1500.0
Andreescu B.,Clay,all,33,20,13,0.3939393939393939,1536.4783797218233
Andreescu B.,Clay,last_year,7,4,3,0.42857142857142855,1538.5941114083976
Andreescu B.,Clay,last_month,0,0,0,0.0,1500.0
Andreescu B.,Grass,all,34,18,16,0.47058823529411764,1461.5683934677097
Andreescu B.,Grass,last_year,7,4,3,0.42857142857142855,1482.377585963832
Andreescu B.,Grass,last_month,4,2,2,0.5,1469.3374253894046
Andreescu B.,Greenset,all,0,0,0,0.0,1500.0
Andreescu B.,Greenset,last_year,0,0,0,0.0,1500.0
Andreescu B.,Greenset,last_month,0,0,0,0.0,1500.0
Kerkhove L.,Hard,all,8,3,5,0.625,1481.3534472226283
Kerkhove L.,Hard,last_year,0,0,0,0.0,1500.0
Kerkhove L.,Hard,last_month,0,0,0,0.0,1500.0
Kerkhove L.,Carpet,all,0,0,0,0.0,1500.0
Kerkhove L.,Carpet,last_year,0,0,0,0.0,1500.0
Kerkhove L.,Carpet,last_month,0,0,0,0.0,1500.0
Kerkhove L.,Clay,all,3,0,3,1.0,1543.361006991218
Kerkhove L.,Clay,last_year,0,0,0,0.0,1500.0
Kerkhove L.,Clay,last_month,0,0,0,0.0,1500.0
Kerkhove L.,Grass,all,2,0,2,1.0,1468.3910978494996
Kerkhove L.,Grass,last_year,0,0,0,0.0,1500.0
Kerkhove L.,Grass,last_month,0,0,0,0.0,1500.0
Kerkhove L.,Greenset,all,0,0,0,0.0,1500.0
Kerkhove L.,Greenset,last_year,0,0,0,0.0,1500.0
Kerkhove L.,Greenset,last_month,0,0,0,0.0,1500.0
Liebens K.,Hard,all,1,0,1,1.0,1517.1483395449363
Liebens K.,Hard,last_year,0,0,0,0.0,1500.0
Liebens K.,Hard,last_month,0,0,0,0.0,1500.0
Liebens K.,Carpet,all,0,0,0,0.0,1500.0
Liebens K.,Carpet,last_year,0,0,0,0.0,1500.0
Liebens K.,Carpet,last_month,0,0,0,0.0,1500.0
Liebens K.,Clay,all,0,0,0,0.0,1500.0
Liebens K.,Clay,last_year,0,0,0,0.0,1500.0
Liebens K.,Clay,last_month,0,0,0,0.0,1500.0
Liebens K.,Grass,all,0,0,0,0.0,1500.0
Liebens K.,Grass,last_year,0,0,0,0.0,1500.0
Liebens K.,Grass,last_month,0,0,0,0.0,1500.0
Liebens K.,Greenset,all,0,0,0,0.0,1500.0
Liebens K.,Greenset,last_year,0,0,0,0.0,1500.0
Liebens K.,Greenset,last_month,0,0,0,0.0,1500.0
Liu F.,Hard,all,23,8,15,0.6521739130434783,1361.4216517485218
Liu F.,Hard,last_year,1,0,1,1.0,1483.2648595634378
Liu F.,Hard,last_month,0,0,0,0.0,1500.0
Liu F.,Carpet,all,0,0,0,0.0,1500.0
Liu F.,Carpet,last_year,0,0,0,0.0,1500.0
Liu F.,Carpet,last_month,0,0,0,0.0,1500.0
Liu F.,Clay,all,0,0,0,0.0,1500.0
Liu F.,Clay,last_year,0,0,0,0.0,1500.0
Liu F.,Clay,last_month,0,0,0,0.0,1500.0
Liu F.,Grass,all,0,0,0,0.0,1500.0
Liu F.,Grass,last_year,0,0,0,0.0,1500.0
Liu F.,Grass,last_month,0,0,0,0.0,1500.0
Liu F.,Greenset,all,0,0,0,0.0,1500.0
Liu F.,Greenset,last_year,0,0,0,0.0,1500.0
Liu F.,Greenset,last_month,0,0,0,0.0,1500.0
El Tabakh H.,Hard,all,5,0,5,1.0,1518.8834983971003
El Tabakh H.,Hard,last_year,0,0,0,0.0,1500.0
El Tabakh H.,Hard,last_month,0,0,0,0.0,1500.0
El Tabakh H.,Carpet,all,0,0,0,0.0,1500.0
El Tabakh H.,Carpet,last_year,0,0,0,0.0,1500.0
El Tabakh H.,Carpet,last_month,0,0,0,0.0,1500.0
El Tabakh H.,Clay,all,2,0,2,1.0,1465.8937417325105
El Tabakh H.,Clay,last_year,0,0,0,0.0,1500.0
El Tabakh H.,Clay,last_month,0,0,0,0.0,1500.0
El Tabakh H.,Grass,all,0,0,0,0.0,1500.0
El Tabakh H.,Grass,last_year,0,0,0,0.0,1500.0
El Tabakh H.,Grass,last_month,0,0,0,0.0,1500.0
El Tabakh H.,Greenset,all,0,0,0,0.0,1500.0
El Tabakh H.,Greenset,last_year,0,0,0,0.0,1500.0
El Tabakh H.,Greenset,last_month,0,0,0,0.0,1500.0
Vrancken Peeters A.,Hard,all,0,0,0,0.0,1500.0
Vrancken Peeters A.,Hard,last_year,0,0,0,0.0,1500.0
Vrancken Peeters A.,Hard,last_month,0,0,0,0.0,1500.0
Vrancken Peeters A.,Carpet,all,0,0,0,0.0,1500.0
Vrancken Peeters A.,Carpet,last_year,0,0,0,0.0,1500.0
Vrancken Peeters A.,Carpet,last_month,0,0,0,0.0,1500.0
Vrancken Peeters A.,Clay,all,0,0,0,0.0,1500.0
Vrancken Peeters A.,Clay,last_year,0,0,0,0.0,1500.0
Vrancken Peeters A.,Clay,last_month,0,0,0,0.0,1500.0
Vrancken Peeters A.,Grass,all,1,0,1,1.0,1484.2952396822636
Vrancken Peeters A.,Grass,last_year,1,0,1,1.0,1484.4851999319926
Vrancken Peeters A.,Grass,last_month,1,0,1,1.0,1484.0
Vrancken Peeters A.,Greenset,all,0,0,0,0.0,1500.0
Vrancken Peeters A.,Greenset,last_year,0,0,0,0.0,1500.0
Vrancken Peeters A.,Greenset,last_month,0,0,0,0.0,1500.0
Zhang Y.,Hard,all,1,0,1,1.0,1484.511906133346
Zhang Y.,Hard,last_year,0,0,0,0.0,1500.0
Zhang Y.,Hard,last_month,0,0,0,0.0,1500.0
Zhang Y.,Carpet,all,0,0,0,0.0,1500.0
Zhang Y.,Carpet,last_year,0,0,0,0.0,1500.0
Zhang Y.,Carpet,last_month,0,0,0,0.0,1500.0
Zhang Y.,Clay,all,0,0,0,0.0,1500.0
Zhang Y.,Clay,last_year,0,0,0,0.0,1500.0
Zhang Y.,Clay,last_month,0,0,0,0.0,1500.0
Zhang Y.,Grass,all,0,0,0,0.0,1500.0
Zhang Y.,Grass,last_year,0,0,0,0.0,1500.0
Zhang Y.,Grass,last_month,0,0,0,0.0,1500.0
Zhang Y.,Greenset,all,0,0,0,0.0,1500.0
Zhang Y.,Greenset,last_year,0,0,0,0.0,1500.0
Zhang Y.,Greenset,last_month,0,0,0,0.0,1500.0
Fedossova Y.,Hard,all,9,3,6,0.6666666666666666,1452.7553588525764
Fedossova Y.,Hard,last_year,0,0,0,0.0,1500.0
Fedossova Y.,Hard,last_month,0,0,0,0.0,1500.0
Fedossova Y.,Carpet,all,0,0,0,0.0,1500.0
Fedossova Y.,Carpet,last_year,0,0,0,0.0,1500.0
Fedossova Y.,Carpet,last_month,0,0,0,0.0,1500.0
Fedossova Y.,Clay,all,4,1,3,0.75,1528.8987076680069
Fedossova Y.,Clay,last_year,0,0,0,0.0,1500.0
Fedossova Y.,Clay,last_month,0,0,0,0.0,1500.0
Fedossova Y.,Grass,all,2,0,2,1.0,1499.9925687384973
Fedossova Y.,Grass,last_year,0,0,0,0.0,1500.0
Fedossova Y.,Grass,last_month,0,0,0,0.0,1500.0
Fedossova Y.,Greenset,all,1,0,1,1.0,1516.0
Fedossova Y.,Greenset,last_year,0,0,0,0.0,1500.0
Fedossova Y.,Greenset,last_month,0,0,0,0.0,1500.0
Jugic-Salkic M.,Hard,all,1,0,1,1.0,1480.857661196819
Jugic-Salkic M.,Hard,last_year,0,0,0,0.0,1500.0
Jugic-Salkic M.,Hard,last_month,0,0,0,0.0,1500.0
Jugic-Salkic M.,Carpet,all,0,0,0,0.0,1500.0
Jugic-Salkic M.,Carpet,last_year,0,0,0,0.0,1500.0
Jugic-Salkic M.,Carpet,last_month,0,0,0,0.0,1500.0
Jugic-Salkic M.,Clay,all,3,0,3,1.0,1455.9170660725692
Jugic-Salkic M.,Clay,last_year,0,0,0,0.0,1500.0
Jugic-Salkic M.,Clay,last_month,0,0,0,0.0,1500.0
Jugic-Salkic M.,Grass,all,0,0,0,0.0,1500.0
Jugic-Salkic M.,Grass,last_year,0,0,0,0.0,1500.0
Jugic-Salkic M.,Grass,last_month,0,0,0,0.0,1500.0
Jugic-Salkic M.,Greenset,all,0,0,0,0.0,1500.0
Jugic-Salkic M.,Greenset,last_year,0,0,0,0.0,1500.0
Jugic-Salkic M.,Greenset,last_month,0,0,0,0.0,1500.0
Tanasugarn T.,Hard,all,82,34,48,0.5853658536585366,1493.2914330744939
Tanasugarn T.,Hard,last_year,0,0,0,0.0,1500.0
Tanasugarn T.,Hard,last_month,0,0,0,0.0,1500.0
Tanasugarn T.,Carpet,all,0,0,0,0.0,1500.0
Tanasugarn T.,Carpet,last_year,0,0,0,0.0,1500.0
Tanasugarn T.,Carpet,last_month,0,0,0,0.0,1500.0
Tanasugarn T.,Clay,all,15,3,12,0.8,1505.9843417826355
Tanasugarn T.,Clay,last_year,0,0,0,0.0,1500.0
Tanasugarn T.,Clay,last_month,0,0,0,0.0,1500.0
Tanasugarn T.,Grass,all,31,20,11,0.3548387096774194,1479.8962228938951
Tanasugarn T.,Grass,last_year,0,0,0,0.0,1500.0
Tanasugarn T.,Grass,last_month,0,0,0,0.0,1500.0
Tanasugarn T.,Greenset,all,0,0,0,0.0,1500.0
Tanasugarn T.,Greenset,last_year,0,0,0,0.0,1500.0
Tanasugarn T.,Greenset,last_month,0,0,0,0.0,1500.0
Janicijevic S.,Hard,all,1,0,1,1.0,1487.0615423559143
Janicijevic S.,Hard,last_year,0,0,0,0.0,1500.0
Janicijevic S.,Hard,last_month,0,0,0,0.0,1500.0
Janicijevic S.,Carpet,all,0,0,0,0.0,1500.0
Janicijevic S.,Carpet,last_year,0,0,0,0.0,1500.0
Janicijevic S.,Carpet,last_month,0,0,0,0.0,1500.0
Janicijevic S.,Clay,all,8,4,4,0.5,1496.4574750302452
Janicijevic S.,Clay,last_year,5,3,2,0.4,1488.828543757326
Janicijevic S.,Clay,last_month,0,0,0,0.0,1500.0
Janicijevic S.,Grass,all,0,0,0,0.0,1500.0
Janicijevic S.,Grass,last_year,0,0,0,0.0,1500.0
Janicijevic S.,Grass,last_month,0,0,0,0.0,1500.0
Janicijevic S.,Greenset,all,0,0,0,0.0,1500.0
Janicijevic S.,Greenset,last_year,0,0,0,0.0,1500.0
Janicijevic S.,Greenset,last_month,0,0,0,0.0,1500.0
Senoglu I.,Hard,all,0,0,0,0.0,1500.0
Senoglu I.,Hard,last_year,0,0,0,0.0,1500.0
Senoglu I.,Hard,last_month,0,0,0,0.0,1500.0
Senoglu I.,Carpet,all,0,0,0,0.0,1500.0
Senoglu I.,Carpet,last_year,0,0,0,0.0,1500.0
Senoglu I.,Carpet,last_month,0,0,0,0.0,1500.0
Senoglu I.,Clay,all,3,0,3,1.0,1544.0644916357526
Senoglu I.,Clay,last_year,0,0,0,0.0,1500.0
Senoglu I.,Clay,last_month,0,0,0,0.0,1500.0
Senoglu I.,Grass,all,0,0,0,0.0,1500.0
Senoglu I.,Grass,last_year,0,0,0,0.0,1500.0
Senoglu I.,Grass,last_month,0,0,0,0.0,1500.0
Senoglu I.,Greenset,all,0,0,0,0.0,1500.0
Senoglu I.,Greenset,last_year,0,0,0,0.0,1500.0
Senoglu I.,Greenset,last_month,0,0,0,0.0,1500.0
Floris A.,Hard,all,0,0,0,0.0,1500.0
Floris A.,Hard,last_year,0,0,0,0.0,1500.0
Floris A.,Hard,last_month,0,0,0,0.0,1500.0
Floris A.,Carpet,all,0,0,0,0.0,1500.0
Floris A.,Carpet,last_year,0,0,0,0.0,1500.0
Floris A.,Carpet,last_month,0,0,0,0.0,1500.0
Floris A.,Clay,all,4,0,4,1.0,1528.8933390778861
Floris A.,Clay,last_year,0,0,0,0.0,1500.0
Floris A.,Clay,last_month,0,0,0,0.0,1500.0
Floris A.,Grass,all,0,0,0,0.0,1500.0
Floris A.,Grass,last_year,0,0,0,0.0,1500.0
Floris A.,Grass,last_month,0,0,0,0.0,1500.0
Floris A.,Greenset,all,0,0,0,0.0,1500.0
Floris A.,Greenset,last_year,0,0,0,0.0,1500.0
Floris A.,Greenset,last_month,0,0,0,0.0,1500.0
Falconi I.,Hard,all,64,19,45,0.703125,1546.2946391810754
Falconi I.,Hard,last_year,0,0,0,0.0,1500.0
Falconi I.,Hard,last_month,0,0,0,0.0,1500.0
Falconi I.,Carpet,all,0,0,0,0.0,1500.0
Falconi I.,Carpet,last_year,0,0,0,0.0,1500.0
Falconi I.,Carpet,last_month,0,0,0,0.0,1500.0
Falconi I.,Clay,all,32,15,17,0.53125,1564.5655261090906
Falconi I.,Clay,last_year,0,0,0,0.0,1500.0
Falconi I.,Clay,last_month,0,0,0,0.0,1500.0
Falconi I.,Grass,all,14,5,9,0.6428571428571429,1465.3855211175614
Falconi I.,Grass,last_year,0,0,0,0.0,1500.0
Falconi I.,Grass,last_month,0,0,0,0.0,1500.0
Falconi I.,Greenset,all,0,0,0,0.0,1500.0
Falconi I.,Greenset,last_year,0,0,0,0.0,1500.0
Falconi I.,Greenset,last_month,0,0,0,0.0,1500.0
Cadantu A.,Hard,all,37,15,22,0.5945945945945946,1448.2549273596967
Cadantu A.,Hard,last_year,0,0,0,0.0,1500.0
Cadantu A.,Hard,last_month,0,0,0,0.0,1500.0
Cadantu A.,Carpet,all,0,0,0,0.0,1500.0
Cadantu A.,Carpet,last_year,0,0,0,0.0,1500.0
Cadantu A.,Carpet,last_month,0,0,0,0.0,1500.0
Cadantu A.,Clay,all,45,15,30,0.6666666666666666,1516.6695519796008
Cadantu A.,Clay,last_year,0,0,0,0.0,1500.0
Cadantu A.,Clay,last_month,0,0,0,0.0,1500.0
Cadantu A.,Grass,all,7,1,6,0.8571428571428571,1517.3005109952398
Cadantu A.,Grass,last_year,0,0,0,0.0,1500.0
Cadantu A.,Grass,last_month,0,0,0,0.0,1500.0
Cadantu A.,Greenset,all,0,0,0,0.0,1500.0
Cadantu A.,Greenset,last_year,0,0,0,0.0,1500.0
Cadantu A.,Greenset,last_month,0,0,0,0.0,1500.0
Kudermetova V.,Hard,all,189,101,88,0.4656084656084656,1519.7740548939712
Kudermetova V.,Hard,last_year,30,14,16,0.5333333333333333,1507.6290413974257
Kudermetova V.,Hard,last_month,0,0,0,0.0,1500.0
Kudermetova V.,Carpet,all,0,0,0,0.0,1500.0
Kudermetova V.,Carpet,last_year,0,0,0,0.0,1500.0
Kudermetova V.,Carpet,last_month,0,0,0,0.0,1500.0
Kudermetova V.,Clay,all,87,52,35,0.40229885057471265,1477.889229998867
Kudermetova V.,Clay,last_year,12,7,5,0.4166666666666667,1500.385733863152
Kudermetova V.,Clay,last_month,0,0,0,0.0,1500.0
Kudermetova V.,Grass,all,41,23,18,0.43902439024390244,1512.9221485229739
Kudermetova V.,Grass,last_year,7,3,4,0.5714285714285714,1540.4193888856225
Kudermetova V.,Grass,last_month,6,3,3,0.5,1529.805323925931
Kudermetova V.,Greenset,all,0,0,0,0.0,1500.0
Kudermetova V.,Greenset,last_year,0,0,0,0.0,1500.0
Kudermetova V.,Greenset,last_month,0,0,0,0.0,1500.0
Muguruza Blanco G.,Hard,all,3,2,1,0.3333333333333333,1517.5493801444175
Muguruza Blanco G.,Hard,last_year,0,0,0,0.0,1500.0
Muguruza Blanco G.,Hard,last_month,0,0,0,0.0,1500.0
Muguruza Blanco G.,Carpet,all,0,0,0,0.0,1500.0
Muguruza Blanco G.,Carpet,last_year,0,0,0,0.0,1500.0
Muguruza Blanco G.,Carpet,last_month,0,0,0,0.0,1500.0
Muguruza Blanco G.,Clay,all,5,2,3,0.6,1481.1297959165515
Muguruza Blanco G.,Clay,last_year,0,0,0,0.0,1500.0
Muguruza Blanco G.,Clay,last_month,0,0,0,0.0,1500.0
Muguruza Blanco G.,Grass,all,1,0,1,1.0,1514.0412062142018
Muguruza Blanco G.,Grass,last_year,0,0,0,0.0,1500.0
Muguruza Blanco G.,Grass,last_month,0,0,0,0.0,1500.0
Muguruza Blanco G.,Greenset,all,0,0,0,0.0,1500.0
Muguruza Blanco G.,Greenset,last_year,0,0,0,0.0,1500.0
Muguruza Blanco G.,Greenset,last_month,0,0,0,0.0,1500.0
Eikeri U.,Hard,all,5,0,5,1.0,1483.1134429906365
Eikeri U.,Hard,last_year,0,0,0,0.0,1500.0
Eikeri U.,Hard,last_month,0,0,0,0.0,1500.0
Eikeri U.,Carpet,all,0,0,0,0.0,1500.0
Eikeri U.,Carpet,last_year,0,0,0,0.0,1500.0
Eikeri U.,Carpet,last_month,0,0,0,0.0,1500.0
Eikeri U.,Clay,all,4,0,4,1.0,1533.966391973093
Eikeri U.,Clay,last_year,0,0,0,0.0,1500.0
Eikeri U.,Clay,last_month,0,0,0,0.0,1500.0
Eikeri U.,Grass,all,0,0,0,0.0,1500.0
Eikeri U.,Grass,last_year,0,0,0,0.0,1500.0
Eikeri U.,Grass,last_month,0,0,0,0.0,1500.0
Eikeri U.,Greenset,all,0,0,0,0.0,1500.0
Eikeri U.,Greenset,last_year,0,0,0,0.0,1500.0
Eikeri U.,Greenset,last_month,0,0,0,0.0,1500.0
Brace C.,Hard,all,2,1,1,0.5,1532.0604768242888
Brace C.,Hard,last_year,0,0,0,0.0,1500.0
Brace C.,Hard,last_month,0,0,0,0.0,1500.0
Brace C.,Carpet,all,0,0,0,0.0,1500.0
Brace C.,Carpet,last_year,0,0,0,0.0,1500.0
Brace C.,Carpet,last_month,0,0,0,0.0,1500.0
Brace C.,Clay,all,0,0,0,0.0,1500.0
Brace C.,Clay,last_year,0,0,0,0.0,1500.0
Brace C.,Clay,last_month,0,0,0,0.0,1500.0
Brace C.,Grass,all,0,0,0,0.0,1500.0
Brace C.,Grass,last_year,0,0,0,0.0,1500.0
Brace C.,Grass,last_month,0,0,0,0.0,1500.0
Brace C.,Greenset,all,0,0,0,0.0,1500.0
Brace C.,Greenset,last_year,0,0,0,0.0,1500.0
Brace C.,Greenset,last_month,0,0,0,0.0,1500.0
Oudin M.,Hard,all,79,28,51,0.6455696202531646,1494.4305509892592
Oudin M.,Hard,last_year,0,0,0,0.0,1500.0
Oudin M.,Hard,last_month,0,0,0,0.0,1500.0
Oudin M.,Carpet,all,0,0,0,0.0,1500.0
Oudin M.,Carpet,last_year,0,0,0,0.0,1500.0
Oudin M.,Carpet,last_month,0,0,0,0.0,1500.0
Oudin M.,Clay,all,29,10,19,0.6551724137931034,1496.6653785804974
Oudin M.,Clay,last_year,0,0,0,0.0,1500.0
Oudin M.,Clay,last_month,0,0,0,0.0,1500.0
Oudin M.,Grass,all,17,10,7,0.4117647058823529,1532.8730484860325
Oudin M.,Grass,last_year,0,0,0,0.0,1500.0
Oudin M.,Grass,last_month,0,0,0,0.0,1500.0
Oudin M.,Greenset,all,0,0,0,0.0,1500.0
Oudin M.,Greenset,last_year,0,0,0,0.0,1500.0
Oudin M.,Greenset,last_month,0,0,0,0.0,1500.0
Sadikovic A.,Hard,all,5,1,4,0.8,1481.755476119399
Sadikovic A.,Hard,last_year,0,0,0,0.0,1500.0
Sadikovic A.,Hard,last_month,0,0,0,0.0,1500.0
Sadikovic A.,Carpet,all,0,0,0,0.0,1500.0
Sadikovic A.,Carpet,last_year,0,0,0,0.0,1500.0
Sadikovic A.,Carpet,last_month,0,0,0,0.0,1500.0
Sadikovic A.,Clay,all,7,3,4,0.5714285714285714,1428.6784774177422
Sadikovic A.,Clay,last_year,0,0,0,0.0,1500.0
Sadikovic A.,Clay,last_month,0,0,0,0.0,1500.0
Sadikovic A.,Grass,all,1,0,1,1.0,1481.799819871456
Sadikovic A.,Grass,last_year,0,0,0,0.0,1500.0
Sadikovic A.,Grass,last_month,0,0,0,0.0,1500.0
Sadikovic A.,Greenset,all,0,0,0,0.0,1500.0
Sadikovic A.,Greenset,last_year,0,0,0,0.0,1500.0
Sadikovic A.,Greenset,last_month,0,0,0,0.0,1500.0
Sutjiadi A.,Hard,all,1,0,1,1.0,1519.0816157838842
Sutjiadi A.,Hard,last_year,0,0,0,0.0,1500.0
Sutjiadi A.,Hard,last_month,0,0,0,0.0,1500.0
Sutjiadi A.,Carpet,all,0,0,0,0.0,1500.0
Sutjiadi A.,Carpet,last_year,0,0,0,0.0,1500.0
Sutjiadi A.,Carpet,last_month,0,0,0,0.0,1500.0
Sutjiadi A.,Clay,all,0,0,0,0.0,1500.0
Sutjiadi A.,Clay,last_year,0,0,0,0.0,1500.0
Sutjiadi A.,Clay,last_month,0,0,0,0.0,1500.0
Sutjiadi A.,Grass,all,0,0,0,0.0,1500.0
Sutjiadi A.,Grass,last_year,0,0,0,0.0,1500.0
Sutjiadi A.,Grass,last_month,0,0,0,0.0,1500.0
Sutjiadi A.,Greenset,all,0,0,0,0.0,1500.0
Sutjiadi A.,Greenset,last_year,0,0,0,0.0,1500.0
Sutjiadi A.,Greenset,last_month,0,0,0,0.0,1500.0
Shibahara E.,Hard,all,11,4,7,0.6363636363636364,1499.6827268805712
Shibahara E.,Hard,last_year,8,4,4,0.5,1511.4954455288523
Shibahara E.,Hard,last_month,0,0,0,0.0,1500.0
Shibahara E.,Carpet,all,0,0,0,0.0,1500.0
Shibahara E.,Carpet,last_year,0,0,0,0.0,1500.0
Shibahara E.,Carpet,last_month,0,0,0,0.0,1500.0
Shibahara E.,Clay,all,2,1,1,0.5,1499.0018415651841
Shibahara E.,Clay,last_year,2,1,1,0.5,1500.5398961478281
Shibahara E.,Clay,last_month,0,0,0,0.0,1500.0
Shibahara E.,Grass,all,1,0,1,1.0,1519.825749791964
Shibahara E.,Grass,last_year,0,0,0,0.0,1500.0
Shibahara E.,Grass,last_month,0,0,0,0.0,1500.0
Shibahara E.,Greenset,all,0,0,0,0.0,1500.0
Shibahara E.,Greenset,last_year,0,0,0,0.0,1500.0
Shibahara E.,Greenset,last_month,0,0,0,0.0,1500.0
Voegele,Hard,all,1,0,1,1.0,1485.6387914571244
Voegele,Hard,last_year,0,0,0,0.0,1500.0
Voegele,Hard,last_month,0,0,0,0.0,1500.0
Voegele,Carpet,all,0,0,0,0.0,1500.0
Voegele,Carpet,last_year,0,0,0,0.0,1500.0
Voegele,Carpet,last_month,0,0,0,0.0,1500.0
Voegele,Clay,all,0,0,0,0.0,1500.0
Voegele,Clay,last_year,0,0,0,0.0,1500.0
Voegele,Clay,last_month,0,0,0,0.0,1500.0
Voegele,Grass,all,0,0,0,0.0,1500.0
Voegele,Grass,last_year,0,0,0,0.0,1500.0
Voegele,Grass,last_month,0,0,0,0.0,1500.0
Voegele,Greenset,all,0,0,0,0.0,1500.0
Voegele,Greenset,last_year,0,0,0,0.0,1500.0
Voegele,Greenset,last_month,0,0,0,0.0,1500.0
Gronert S.,Hard,all,0,0,0,0.0,1500.0
Gronert S.,Hard,last_year,0,0,0,0.0,1500.0
Gronert S.,Hard,last_month,0,0,0,0.0,1500.0
Gronert S.,Carpet,all,0,0,0,0.0,1500.0
Gronert S.,Carpet,last_year,0,0,0,0.0,1500.0
Gronert S.,Carpet,last_month,0,0,0,0.0,1500.0
Gronert S.,Clay,all,2,1,1,0.5,1499.3478803662451
Gronert S.,Clay,last_year,0,0,0,0.0,1500.0
Gronert S.,Clay,last_month,0,0,0,0.0,1500.0
Gronert S.,Grass,all,2,1,1,0.5,1530.6004624526909
Gronert S.,Grass,last_year,0,0,0,0.0,1500.0
Gronert S.,Grass,last_month,0,0,0,0.0,1500.0
Gronert S.,Greenset,all,0,0,0,0.0,1500.0
Gronert S.,Greenset,last_year,0,0,0,0.0,1500.0
Gronert S.,Greenset,last_month,0,0,0,0.0,1500.0
Vaidisova N.,Hard,all,67,39,28,0.417910447761194,1454.9618968438022
Vaidisova N.,Hard,last_year,0,0,0,0.0,1500.0
Vaidisova N.,Hard,last_month,0,0,0,0.0,1500.0
Vaidisova N.,Carpet,all,7,3,4,0.5714285714285714,1481.36173853556
Vaidisova N.,Carpet,last_year,0,0,0,0.0,1500.0
Vaidisova N.,Carpet,last_month,0,0,0,0.0,1500.0
Vaidisova N.,Clay,all,15,6,9,0.6,1454.033697210643
Vaidisova N.,Clay,last_year,0,0,0,0.0,1500.0
Vaidisova N.,Clay,last_month,0,0,0,0.0,1500.0
Vaidisova N.,Grass,all,18,12,6,0.3333333333333333,1417.2258028413723
Vaidisova N.,Grass,last_year,0,0,0,0.0,1500.0
Vaidisova N.,Grass,last_month,0,0,0,0.0,1500.0
Vaidisova N.,Greenset,all,0,0,0,0.0,1500.0
Vaidisova N.,Greenset,last_year,0,0,0,0.0,1500.0
Vaidisova N.,Greenset,last_month,0,0,0,0.0,1500.0
Beck A.,Hard,all,119,52,67,0.5630252100840336,1431.193241297813
Beck A.,Hard,last_year,0,0,0,0.0,1500.0
Beck A.,Hard,last_month,0,0,0,0.0,1500.0
Beck A.,Carpet,all,0,0,0,0.0,1500.0
Beck A.,Carpet,last_year,0,0,0,0.0,1500.0
Beck A.,Carpet,last_month,0,0,0,0.0,1500.0
Beck A.,Clay,all,64,27,37,0.578125,1544.9676396985224
Beck A.,Clay,last_year,0,0,0,0.0,1500.0
Beck A.,Clay,last_month,0,0,0,0.0,1500.0
Beck A.,Grass,all,15,6,9,0.6,1467.006026371223
Beck A.,Grass,last_year,0,0,0,0.0,1500.0
Beck A.,Grass,last_month,0,0,0,0.0,1500.0
Beck A.,Greenset,all,0,0,0,0.0,1500.0
Beck A.,Greenset,last_year,0,0,0,0.0,1500.0
Beck A.,Greenset,last_month,0,0,0,0.0,1500.0
Pareja J.,Hard,all,0,0,0,0.0,1500.0
Pareja J.,Hard,last_year,0,0,0,0.0,1500.0
Pareja J.,Hard,last_month,0,0,0,0.0,1500.0
Pareja J.,Carpet,all,0,0,0,0.0,1500.0
Pareja J.,Carpet,last_year,0,0,0,0.0,1500.0
Pareja J.,Carpet,last_month,0,0,0,0.0,1500.0
Pareja J.,Clay,all,4,3,1,0.25,1526.2612536910437
Pareja J.,Clay,last_year,4,3,1,0.25,1530.4138943151422
Pareja J.,Clay,last_month,0,0,0,0.0,1500.0
Pareja J.,Grass,all,0,0,0,0.0,1500.0
Pareja J.,Grass,last_year,0,0,0,0.0,1500.0
Pareja J.,Grass,last_month,0,0,0,0.0,1500.0
Pareja J.,Greenset,all,0,0,0,0.0,1500.0
Pareja J.,Greenset,last_year,0,0,0,0.0,1500.0
Pareja J.,Greenset,last_month,0,0,0,0.0,1500.0
Ignatik A.,Hard,all,1,0,1,1.0,1516.5589671714522
Ignatik A.,Hard,last_year,0,0,0,0.0,1500.0
Ignatik A.,Hard,last_month,0,0,0,0.0,1500.0
Ignatik A.,Carpet,all,0,0,0,0.0,1500.0
Ignatik A.,Carpet,last_year,0,0,0,0.0,1500.0
Ignatik A.,Carpet,last_month,0,0,0,0.0,1500.0
Ignatik A.,Clay,all,0,0,0,0.0,1500.0
Ignatik A.,Clay,last_year,0,0,0,0.0,1500.0
Ignatik A.,Clay,last_month,0,0,0,0.0,1500.0
Ignatik A.,Grass,all,0,0,0,0.0,1500.0
Ignatik A.,Grass,last_year,0,0,0,0.0,1500.0
Ignatik A.,Grass,last_month,0,0,0,0.0,1500.0
Ignatik A.,Greenset,all,0,0,0,0.0,1500.0
Ignatik A.,Greenset,last_year,0,0,0,0.0,1500.0
Ignatik A.,Greenset,last_month,0,0,0,0.0,1500.0
Gasparyan M.,Hard,all,74,41,33,0.5540540540540541,1408.080959230138
Gasparyan M.,Hard,last_year,0,0,0,0.0,1500.0
Gasparyan M.,Hard,last_month,0,0,0,0.0,1500.0
Gasparyan M.,Carpet,all,0,0,0,0.0,1500.0
Gasparyan M.,Carpet,last_year,0,0,0,0.0,1500.0
Gasparyan M.,Carpet,last_month,0,0,0,0.0,1500.0
Gasparyan M.,Clay,all,14,4,10,0.7142857142857143,1454.925133477348
Gasparyan M.,Clay,last_year,0,0,0,0.0,1500.0
Gasparyan M.,Clay,last_month,0,0,0,0.0,1500.0
Gasparyan M.,Grass,all,8,4,4,0.5,1581.1934086913589
Gasparyan M.,Grass,last_year,0,0,0,0.0,1500.0
Gasparyan M.,Grass,last_month,0,0,0,0.0,1500.0
Gasparyan M.,Greenset,all,0,0,0,0.0,1500.0
Gasparyan M.,Greenset,last_year,0,0,0,0.0,1500.0
Gasparyan M.,Greenset,last_month,0,0,0,0.0,1500.0
Bona A.,Hard,all,0,0,0,0.0,1500.0
Bona A.,Hard,last_year,0,0,0,0.0,1500.0
Bona A.,Hard,last_month,0,0,0,0.0,1500.0
Bona A.,Carpet,all,0,0,0,0.0,1500.0
Bona A.,Carpet,last_year,0,0,0,0.0,1500.0
Bona A.,Carpet,last_month,0,0,0,0.0,1500.0
Bona A.,Clay,all,1,0,1,1.0,1514.1031812643002
Bona A.,Clay,last_year,0,0,0,0.0,1500.0
Bona A.,Clay,last_month,0,0,0,0.0,1500.0
Bona A.,Grass,all,0,0,0,0.0,1500.0
Bona A.,Grass,last_year,0,0,0,0.0,1500.0
Bona A.,Grass,last_month,0,0,0,0.0,1500.0
Bona A.,Greenset,all,0,0,0,0.0,1500.0
Bona A.,Greenset,last_year,0,0,0,0.0,1500.0
Bona A.,Greenset,last_month,0,0,0,0.0,1500.0
Lee Y.R.,Hard,all,5,1,4,0.8,1514.2343430947085
Lee Y.R.,Hard,last_year,0,0,0,0.0,1500.0
Lee Y.R.,Hard,last_month,0,0,0,0.0,1500.0
Lee Y.R.,Carpet,all,0,0,0,0.0,1500.0
Lee Y.R.,Carpet,last_year,0,0,0,0.0,1500.0
Lee Y.R.,Carpet,last_month,0,0,0,0.0,1500.0
Lee Y.R.,Clay,all,0,0,0,0.0,1500.0
Lee Y.R.,Clay,last_year,0,0,0,0.0,1500.0
Lee Y.R.,Clay,last_month,0,0,0,0.0,1500.0
Lee Y.R.,Grass,all,0,0,0,0.0,1500.0
Lee Y.R.,Grass,last_year,0,0,0,0.0,1500.0
Lee Y.R.,Grass,last_month,0,0,0,0.0,1500.0
Lee Y.R.,Greenset,all,0,0,0,0.0,1500.0
Lee Y.R.,Greenset,last_year,0,0,0,0.0,1500.0
Lee Y.R.,Greenset,last_month,0,0,0,0.0,1500.0
Lumsden M.,Hard,all,0,0,0,0.0,1500.0
Lumsden M.,Hard,last_year,0,0,0,0.0,1500.0
Lumsden M.,Hard,last_month,0,0,0,0.0,1500.0
Lumsden M.,Carpet,all,0,0,0,0.0,1500.0
Lumsden M.,Carpet,last_year,0,0,0,0.0,1500.0
Lumsden M.,Carpet,last_month,0,0,0,0.0,1500.0
Lumsden M.,Clay,all,0,0,0,0.0,1500.0
Lumsden M.,Clay,last_year,0,0,0,0.0,1500.0
Lumsden M.,Clay,last_month,0,0,0,0.0,1500.0
Lumsden M.,Grass,all,2,1,1,0.5,1464.76948090175
Lumsden M.,Grass,last_year,0,0,0,0.0,1500.0
Lumsden M.,Grass,last_month,0,0,0,0.0,1500.0
Lumsden M.,Greenset,all,0,0,0,0.0,1500.0
Lumsden M.,Greenset,last_year,0,0,0,0.0,1500.0
Lumsden M.,Greenset,last_month,0,0,0,0.0,1500.0
Bogdan E.,Hard,all,0,0,0,0.0,1500.0
Bogdan E.,Hard,last_year,0,0,0,0.0,1500.0
Bogdan E.,Hard,last_month,0,0,0,0.0,1500.0
Bogdan E.,Carpet,all,0,0,0,0.0,1500.0
Bogdan E.,Carpet,last_year,0,0,0,0.0,1500.0
Bogdan E.,Carpet,last_month,0,0,0,0.0,1500.0
Bogdan E.,Clay,all,3,1,2,0.6666666666666666,1544.9034143501863
Bogdan E.,Clay,last_year,0,0,0,0.0,1500.0
Bogdan E.,Clay,last_month,0,0,0,0.0,1500.0
Bogdan E.,Grass,all,0,0,0,0.0,1500.0
Bogdan E.,Grass,last_year,0,0,0,0.0,1500.0
Bogdan E.,Grass,last_month,0,0,0,0.0,1500.0
Bogdan E.,Greenset,all,0,0,0,0.0,1500.0
Bogdan E.,Greenset,last_year,0,0,0,0.0,1500.0
Bogdan E.,Greenset,last_month,0,0,0,0.0,1500.0
Osaka N.,Hard,all,212,149,63,0.2971698113207547,1506.7802005663823
Osaka N.,Hard,last_year,18,14,4,0.2222222222222222,1459.7259117000713
Osaka N.,Hard,last_month,0,0,0,0.0,1500.0
Osaka N.,Carpet,all,0,0,0,0.0,1500.0
Osaka N.,Carpet,last_year,0,0,0,0.0,1500.0
Osaka N.,Carpet,last_month,0,0,0,0.0,1500.0
Osaka N.,Clay,all,56,31,25,0.44642857142857145,1392.3500590244885
Osaka N.,Clay,last_year,6,3,3,0.5,1500.1874890137844
Osaka N.,Clay,last_month,0,0,0,0.0,1500.0
Osaka N.,Grass,all,31,17,14,0.45161290322580644,1500.005245895957
Osaka N.,Grass,last_year,8,4,4,0.5,1533.665207118369
Osaka N.,Grass,last_month,6,3,3,0.5,1535.6173502864249
Osaka N.,Greenset,all,0,0,0,0.0,1500.0
Osaka N.,Greenset,last_year,0,0,0,0.0,1500.0
Osaka N.,Greenset,last_month,0,0,0,0.0,1500.0
Siegemund L.,Hard,all,115,48,67,0.5826086956521739,1384.1349378189982
Siegemund L.,Hard,last_year,16,9,7,0.4375,1412.735470464153
Siegemund L.,Hard,last_month,0,0,0,0.0,1500.0
Siegemund L.,Carpet,all,0,0,0,0.0,1500.0
Siegemund L.,Carpet,last_year,0,0,0,0.0,1500.0
Siegemund L.,Carpet,last_month,0,0,0,0.0,1500.0
Siegemund L.,Clay,all,113,65,48,0.4247787610619469,1569.1555813845357
Siegemund L.,Clay,last_year,4,1,3,0.75,1529.8124528972187
Siegemund L.,Clay,last_month,0,0,0,0.0,1500.0
Siegemund L.,Grass,all,21,9,12,0.5714285714285714,1492.647795810146
Siegemund L.,Grass,last_year,9,5,4,0.4444444444444444,1515.7311219524497
Siegemund L.,Grass,last_month,7,4,3,0.42857142857142855,1494.4705377871683
Siegemund L.,Greenset,all,0,0,0,0.0,1500.0
Siegemund L.,Greenset,last_year,0,0,0,0.0,1500.0
Siegemund L.,Greenset,last_month,0,0,0,0.0,1500.0
Trevisan M.,Hard,all,66,25,41,0.6212121212121212,1508.5557196431207
Trevisan M.,Hard,last_year,9,4,5,0.5555555555555556,1538.5261224043074
Trevisan M.,Hard,last_month,0,0,0,0.0,1500.0
Trevisan M.,Carpet,all,0,0,0,0.0,1500.0
Trevisan M.,Carpet,last_year,0,0,0,0.0,1500.0
Trevisan M.,Carpet,last_month,0,0,0,0.0,1500.0
Trevisan M.,Clay,all,52,23,29,0.5576923076923077,1465.2948463638447
Trevisan M.,Clay,last_year,2,0,2,1.0,1468.736306793522
Trevisan M.,Clay,last_month,0,0,0,0.0,1500.0
Trevisan M.,Grass,all,7,0,7,1.0,1507.8116819481672
Trevisan M.,Grass,last_year,1,0,1,1.0,1484.0
Trevisan M.,Grass,last_month,0,0,0,0.0,1500.0
Trevisan M.,Greenset,all,0,0,0,0.0,1500.0
Trevisan M.,Greenset,last_year,0,0,0,0.0,1500.0
Trevisan M.,Greenset,last_month,0,0,0,0.0,1500.0
Lim A.,Hard,all,8,3,5,0.625,1557.5875441405744
Lim A.,Hard,last_year,0,0,0,0.0,1500.0
Lim A.,Hard,last_month,0,0,0,0.0,1500.0
Lim A.,Carpet,all,0,0,0,0.0,1500.0
Lim A.,Carpet,last_year,0,0,0,0.0,1500.0
Lim A.,Carpet,last_month,0,0,0,0.0,1500.0
Lim A.,Clay,all,9,1,8,0.8888888888888888,1410.1682352048697
Lim A.,Clay,last_year,0,0,0,0.0,1500.0
Lim A.,Clay,last_month,0,0,0,0.0,1500.0
Lim A.,Grass,all,0,0,0,0.0,1500.0
Lim A.,Grass,last_year,0,0,0,0.0,1500.0
Lim A.,Grass,last_month,0,0,0,0.0,1500.0
Lim A.,Greenset,all,0,0,0,0.0,1500.0
Lim A.,Greenset,last_year,0,0,0,0.0,1500.0
Lim A.,Greenset,last_month,0,0,0,0.0,1500.0
Han S-H.,Hard,all,1,0,1,1.0,1515.101848164748
Han S-H.,Hard,last_year,0,0,0,0.0,1500.0
Han S-H.,Hard,last_month,0,0,0,0.0,1500.0
Han S-H.,Carpet,all,0,0,0,0.0,1500.0
Han S-H.,Carpet,last_year,0,0,0,0.0,1500.0
Han S-H.,Carpet,last_month,0,0,0,0.0,1500.0
Han S-H.,Clay,all,0,0,0,0.0,1500.0
Han S-H.,Clay,last_year,0,0,0,0.0,1500.0
Han S-H.,Clay,last_month,0,0,0,0.0,1500.0
Han S-H.,Grass,all,0,0,0,0.0,1500.0
Han S-H.,Grass,last_year,0,0,0,0.0,1500.0
Han S-H.,Grass,last_month,0,0,0,0.0,1500.0
Han S-H.,Greenset,all,0,0,0,0.0,1500.0
Han S-H.,Greenset,last_year,0,0,0,0.0,1500.0
Han S-H.,Greenset,last_month,0,0,0,0.0,1500.0
Ekshibarova V.,Hard,all,4,1,3,0.75,1494.3127000239542
Ekshibarova V.,Hard,last_year,0,0,0,0.0,1500.0
Ekshibarova V.,Hard,last_month,0,0,0,0.0,1500.0
Ekshibarova V.,Carpet,all,0,0,0,0.0,1500.0
Ekshibarova V.,Carpet,last_year,0,0,0,0.0,1500.0
Ekshibarova V.,Carpet,last_month,0,0,0,0.0,1500.0
Ekshibarova V.,Clay,all,0,0,0,0.0,1500.0
Ekshibarova V.,Clay,last_year,0,0,0,0.0,1500.0
Ekshibarova V.,Clay,last_month,0,0,0,0.0,1500.0
Ekshibarova V.,Grass,all,0,0,0,0.0,1500.0
Ekshibarova V.,Grass,last_year,0,0,0,0.0,1500.0
Ekshibarova V.,Grass,last_month,0,0,0,0.0,1500.0
Ekshibarova V.,Greenset,all,0,0,0,0.0,1500.0
Ekshibarova V.,Greenset,last_year,0,0,0,0.0,1500.0
Ekshibarova V.,Greenset,last_month,0,0,0,0.0,1500.0
Torres M.,Hard,all,0,0,0,0.0,1500.0
Torres M.,Hard,last_year,0,0,0,0.0,1500.0
Torres M.,Hard,last_month,0,0,0,0.0,1500.0
Torres M.,Carpet,all,0,0,0,0.0,1500.0
Torres M.,Carpet,last_year,0,0,0,0.0,1500.0
Torres M.,Carpet,last_month,0,0,0,0.0,1500.0
Torres M.,Clay,all,3,2,1,0.3333333333333333,1514.4665116751453
Torres M.,Clay,last_year,0,0,0,0.0,1500.0
Torres M.,Clay,last_month,0,0,0,0.0,1500.0
Torres M.,Grass,all,0,0,0,0.0,1500.0
Torres M.,Grass,last_year,0,0,0,0.0,1500.0
Torres M.,Grass,last_month,0,0,0,0.0,1500.0
Torres M.,Greenset,all,0,0,0,0.0,1500.0
Torres M.,Greenset,last_year,0,0,0,0.0,1500.0
Torres M.,Greenset,last_month,0,0,0,0.0,1500.0
Anshba A.,Hard,all,2,1,1,0.5,1531.0975786718084
Anshba A.,Hard,last_year,0,0,0,0.0,1500.0
Anshba A.,Hard,last_month,0,0,0,0.0,1500.0
Anshba A.,Carpet,all,0,0,0,0.0,1500.0
Anshba A.,Carpet,last_year,0,0,0,0.0,1500.0
Anshba A.,Carpet,last_month,0,0,0,0.0,1500.0
Anshba A.,Clay,all,2,1,1,0.5,1470.385386610659
Anshba A.,Clay,last_year,0,0,0,0.0,1500.0
Anshba A.,Clay,last_month,0,0,0,0.0,1500.0
Anshba A.,Grass,all,0,0,0,0.0,1500.0
Anshba A.,Grass,last_year,0,0,0,0.0,1500.0
Anshba A.,Grass,last_month,0,0,0,0.0,1500.0
Anshba A.,Greenset,all,0,0,0,0.0,1500.0
Anshba A.,Greenset,last_year,0,0,0,0.0,1500.0
Anshba A.,Greenset,last_month,0,0,0,0.0,1500.0
Wang Yaf.,Hard,all,74,32,42,0.5675675675675675,1554.6617105473326
Wang Yaf.,Hard,last_year,0,0,0,0.0,1500.0
Wang Yaf.,Hard,last_month,0,0,0,0.0,1500.0
Wang Yaf.,Carpet,all,0,0,0,0.0,1500.0
Wang Yaf.,Carpet,last_year,0,0,0,0.0,1500.0
Wang Yaf.,Carpet,last_month,0,0,0,0.0,1500.0
Wang Yaf.,Clay,all,12,5,7,0.5833333333333334,1552.8731647168727
Wang Yaf.,Clay,last_year,0,0,0,0.0,1500.0
Wang Yaf.,Clay,last_month,0,0,0,0.0,1500.0
Wang Yaf.,Grass,all,7,3,4,0.5714285714285714,1513.0615914186358
Wang Yaf.,Grass,last_year,0,0,0,0.0,1500.0
Wang Yaf.,Grass,last_month,0,0,0,0.0,1500.0
Wang Yaf.,Greenset,all,0,0,0,0.0,1500.0
Wang Yaf.,Greenset,last_year,0,0,0,0.0,1500.0
Wang Yaf.,Greenset,last_month,0,0,0,0.0,1500.0
Lu Jia Jing,Hard,all,1,0,1,1.0,1487.2206461547835
Lu Jia Jing,Hard,last_year,0,0,0,0.0,1500.0
Lu Jia Jing,Hard,last_month,0,0,0,0.0,1500.0
Lu Jia Jing,Carpet,all,0,0,0,0.0,1500.0
Lu Jia Jing,Carpet,last_year,0,0,0,0.0,1500.0
Lu Jia Jing,Carpet,last_month,0,0,0,0.0,1500.0
Lu Jia Jing,Clay,all,0,0,0,0.0,1500.0
Lu Jia Jing,Clay,last_year,0,0,0,0.0,1500.0
Lu Jia Jing,Clay,last_month,0,0,0,0.0,1500.0
Lu Jia Jing,Grass,all,0,0,0,0.0,1500.0
Lu Jia Jing,Grass,last_year,0,0,0,0.0,1500.0
Lu Jia Jing,Grass,last_month,0,0,0,0.0,1500.0
Lu Jia Jing,Greenset,all,0,0,0,0.0,1500.0
Lu Jia Jing,Greenset,last_year,0,0,0,0.0,1500.0
Lu Jia Jing,Greenset,last_month,0,0,0,0.0,1500.0
Kostanic Tosic J.,Hard,all,13,5,8,0.6153846153846154,1512.578805043213
Kostanic Tosic J.,Hard,last_year,0,0,0,0.0,1500.0
Kostanic Tosic J.,Hard,last_month,0,0,0,0.0,1500.0
Kostanic Tosic J.,Carpet,all,0,0,0,0.0,1500.0
Kostanic Tosic J.,Carpet,last_year,0,0,0,0.0,1500.0
Kostanic Tosic J.,Carpet,last_month,0,0,0,0.0,1500.0
Kostanic Tosic J.,Clay,all,9,2,7,0.7777777777777778,1464.7457632077633
Kostanic Tosic J.,Clay,last_year,0,0,0,0.0,1500.0
Kostanic Tosic J.,Clay,last_month,0,0,0,0.0,1500.0
Kostanic Tosic J.,Grass,all,1,0,1,1.0,1483.263693206478
Kostanic Tosic J.,Grass,last_year,0,0,0,0.0,1500.0
Kostanic Tosic J.,Grass,last_month,0,0,0,0.0,1500.0
Kostanic Tosic J.,Greenset,all,0,0,0,0.0,1500.0
Kostanic Tosic J.,Greenset,last_year,0,0,0,0.0,1500.0
Kostanic Tosic J.,Greenset,last_month,0,0,0,0.0,1500.0
Oz I.,Hard,all,4,0,4,1.0,1463.451931999191
Oz I.,Hard,last_year,0,0,0,0.0,1500.0
Oz I.,Hard,last_month,0,0,0,0.0,1500.0
Oz I.,Carpet,all,0,0,0,0.0,1500.0
Oz I.,Carpet,last_year,0,0,0,0.0,1500.0
Oz I.,Carpet,last_month,0,0,0,0.0,1500.0
Oz I.,Clay,all,4,1,3,0.75,1473.2385369244867
Oz I.,Clay,last_year,0,0,0,0.0,1500.0
Oz I.,Clay,last_month,0,0,0,0.0,1500.0
Oz I.,Grass,all,0,0,0,0.0,1500.0
Oz I.,Grass,last_year,0,0,0,0.0,1500.0
Oz I.,Grass,last_month,0,0,0,0.0,1500.0
Oz I.,Greenset,all,0,0,0,0.0,1500.0
Oz I.,Greenset,last_year,0,0,0,0.0,1500.0
Oz I.,Greenset,last_month,0,0,0,0.0,1500.0
Fink A.,Hard,all,1,0,1,1.0,1515.1303879147615
Fink A.,Hard,last_year,0,0,0,0.0,1500.0
Fink A.,Hard,last_month,0,0,0,0.0,1500.0
Fink A.,Carpet,all,0,0,0,0.0,1500.0
Fink A.,Carpet,last_year,0,0,0,0.0,1500.0
Fink A.,Carpet,last_month,0,0,0,0.0,1500.0
Fink A.,Clay,all,0,0,0,0.0,1500.0
Fink A.,Clay,last_year,0,0,0,0.0,1500.0
Fink A.,Clay,last_month,0,0,0,0.0,1500.0
Fink A.,Grass,all,0,0,0,0.0,1500.0
Fink A.,Grass,last_year,0,0,0,0.0,1500.0
Fink A.,Grass,last_month,0,0,0,0.0,1500.0
Fink A.,Greenset,all,0,0,0,0.0,1500.0
Fink A.,Greenset,last_year,0,0,0,0.0,1500.0
Fink A.,Greenset,last_month,0,0,0,0.0,1500.0
Miyazaki Y.,Hard,all,5,2,3,0.6,1483.4754800380542
Miyazaki Y.,Hard,last_year,2,1,1,0.5,1468.0956818491852
Miyazaki Y.,Hard,last_month,0,0,0,0.0,1500.0
Miyazaki Y.,Carpet,all,0,0,0,0.0,1500.0
Miyazaki Y.,Carpet,last_year,0,0,0,0.0,1500.0
Miyazaki Y.,Carpet,last_month,0,0,0,0.0,1500.0
Miyazaki Y.,Clay,all,0,0,0,0.0,1500.0
Miyazaki Y.,Clay,last_year,0,0,0,0.0,1500.0
Miyazaki Y.,Clay,last_month,0,0,0,0.0,1500.0
Miyazaki Y.,Grass,all,7,2,5,0.7142857142857143,1508.271360493147
Miyazaki Y.,Grass,last_year,2,1,1,0.5,1500.0
Miyazaki Y.,Grass,last_month,0,0,0,0.0,1500.0
Miyazaki Y.,Greenset,all,0,0,0,0.0,1500.0
Miyazaki Y.,Greenset,last_year,0,0,0,0.0,1500.0
Miyazaki Y.,Greenset,last_month,0,0,0,0.0,1500.0
Zhao C.,Hard,all,17,2,15,0.8823529411764706,1564.0527778655908
Zhao C.,Hard,last_year,3,1,2,0.6666666666666666,1514.2144023606234
Zhao C.,Hard,last_month,0,0,0,0.0,1500.0
Zhao C.,Carpet,all,0,0,0,0.0,1500.0
Zhao C.,Carpet,last_year,0,0,0,0.0,1500.0
Zhao C.,Carpet,last_month,0,0,0,0.0,1500.0
Zhao C.,Clay,all,4,1,3,0.75,1528.6218409207568
Zhao C.,Clay,last_year,0,0,0,0.0,1500.0
Zhao C.,Clay,last_month,0,0,0,0.0,1500.0
Zhao C.,Grass,all,3,1,2,0.6666666666666666,1517.8770085227886
Zhao C.,Grass,last_year,0,0,0,0.0,1500.0
Zhao C.,Grass,last_month,0,0,0,0.0,1500.0
Zhao C.,Greenset,all,0,0,0,0.0,1500.0
Zhao C.,Greenset,last_year,0,0,0,0.0,1500.0
Zhao C.,Greenset,last_month,0,0,0,0.0,1500.0
Gojnea M.,Hard,all,0,0,0,0.0,1500.0
Gojnea M.,Hard,last_year,0,0,0,0.0,1500.0
Gojnea M.,Hard,last_month,0,0,0,0.0,1500.0
Gojnea M.,Carpet,all,0,0,0,0.0,1500.0
Gojnea M.,Carpet,last_year,0,0,0,0.0,1500.0
Gojnea M.,Carpet,last_month,0,0,0,0.0,1500.0
Gojnea M.,Clay,all,4,1,3,0.75,1472.2034040890412
Gojnea M.,Clay,last_year,0,0,0,0.0,1500.0
Gojnea M.,Clay,last_month,0,0,0,0.0,1500.0
Gojnea M.,Grass,all,0,0,0,0.0,1500.0
Gojnea M.,Grass,last_year,0,0,0,0.0,1500.0
Gojnea M.,Grass,last_month,0,0,0,0.0,1500.0
Gojnea M.,Greenset,all,0,0,0,0.0,1500.0
Gojnea M.,Greenset,last_year,0,0,0,0.0,1500.0
Gojnea M.,Greenset,last_month,0,0,0,0.0,1500.0
Sun T.T.,Hard,all,11,2,9,0.8181818181818182,1454.2167898662833
Sun T.T.,Hard,last_year,0,0,0,0.0,1500.0
Sun T.T.,Hard,last_month,0,0,0,0.0,1500.0
Sun T.T.,Carpet,all,0,0,0,0.0,1500.0
Sun T.T.,Carpet,last_year,0,0,0,0.0,1500.0
Sun T.T.,Carpet,last_month,0,0,0,0.0,1500.0
Sun T.T.,Clay,all,8,1,7,0.875,1470.305475498047
Sun T.T.,Clay,last_year,0,0,0,0.0,1500.0
Sun T.T.,Clay,last_month,0,0,0,0.0,1500.0
Sun T.T.,Grass,all,2,0,2,1.0,1531.263693206478
Sun T.T.,Grass,last_year,0,0,0,0.0,1500.0
Sun T.T.,Grass,last_month,0,0,0,0.0,1500.0
Sun T.T.,Greenset,all,0,0,0,0.0,1500.0
Sun T.T.,Greenset,last_year,0,0,0,0.0,1500.0
Sun T.T.,Greenset,last_month,0,0,0,0.0,1500.0
Savinykh V.,Hard,all,26,9,17,0.6538461538461539,1433.2707053691975
Savinykh V.,Hard,last_year,0,0,0,0.0,1500.0
Savinykh V.,Hard,last_month,0,0,0,0.0,1500.0
Savinykh V.,Carpet,all,0,0,0,0.0,1500.0
Savinykh V.,Carpet,last_year,0,0,0,0.0,1500.0
Savinykh V.,Carpet,last_month,0,0,0,0.0,1500.0
Savinykh V.,Clay,all,4,1,3,0.75,1527.539107326306
Savinykh V.,Clay,last_year,0,0,0,0.0,1500.0
Savinykh V.,Clay,last_month,0,0,0,0.0,1500.0
Savinykh V.,Grass,all,1,0,1,1.0,1515.7200320576273
Savinykh V.,Grass,last_year,0,0,0,0.0,1500.0
Savinykh V.,Grass,last_month,0,0,0,0.0,1500.0
Savinykh V.,Greenset,all,0,0,0,0.0,1500.0
Savinykh V.,Greenset,last_year,0,0,0,0.0,1500.0
Savinykh V.,Greenset,last_month,0,0,0,0.0,1500.0
Nunez Fuentes V.,Hard,all,0,0,0,0.0,1500.0
Nunez Fuentes V.,Hard,last_year,0,0,0,0.0,1500.0
Nunez Fuentes V.,Hard,last_month,0,0,0,0.0,1500.0
Nunez Fuentes V.,Carpet,all,0,0,0,0.0,1500.0
Nunez Fuentes V.,Carpet,last_year,0,0,0,0.0,1500.0
Nunez Fuentes V.,Carpet,last_month,0,0,0,0.0,1500.0
Nunez Fuentes V.,Clay,all,3,0,3,1.0,1481.7467352484962
Nunez Fuentes V.,Clay,last_year,0,0,0,0.0,1500.0
Nunez Fuentes V.,Clay,last_month,0,0,0,0.0,1500.0
Nunez Fuentes V.,Grass,all,0,0,0,0.0,1500.0
Nunez Fuentes V.,Grass,last_year,0,0,0,0.0,1500.0
Nunez Fuentes V.,Grass,last_month,0,0,0,0.0,1500.0
Nunez Fuentes V.,Greenset,all,0,0,0,0.0,1500.0
Nunez Fuentes V.,Greenset,last_year,0,0,0,0.0,1500.0
Nunez Fuentes V.,Greenset,last_month,0,0,0,0.0,1500.0
Arvidsson S.,Hard,all,124,52,72,0.5806451612903226,1522.817554518658
Arvidsson S.,Hard,last_year,0,0,0,0.0,1500.0
Arvidsson S.,Hard,last_month,0,0,0,0.0,1500.0
Arvidsson S.,Carpet,all,0,0,0,0.0,1500.0
Arvidsson S.,Carpet,last_year,0,0,0,0.0,1500.0
Arvidsson S.,Carpet,last_month,0,0,0,0.0,1500.0
Arvidsson S.,Clay,all,51,19,32,0.6274509803921569,1522.0553630265226
Arvidsson S.,Clay,last_year,0,0,0,0.0,1500.0
Arvidsson S.,Clay,last_month,0,0,0,0.0,1500.0
Arvidsson S.,Grass,all,12,3,9,0.75,1453.2281016372604
Arvidsson S.,Grass,last_year,0,0,0,0.0,1500.0
Arvidsson S.,Grass,last_month,0,0,0,0.0,1500.0
Arvidsson S.,Greenset,all,2,1,1,0.5,1469.4695015289756
Arvidsson S.,Greenset,last_year,0,0,0,0.0,1500.0
Arvidsson S.,Greenset,last_month,0,0,0,0.0,1500.0
Black T.A.,Hard,all,1,0,1,1.0,1513.0128215395594
Black T.A.,Hard,last_year,0,0,0,0.0,1500.0
Black T.A.,Hard,last_month,0,0,0,0.0,1500.0
Black T.A.,Carpet,all,0,0,0,0.0,1500.0
Black T.A.,Carpet,last_year,0,0,0,0.0,1500.0
Black T.A.,Carpet,last_month,0,0,0,0.0,1500.0
Black T.A.,Clay,all,1,0,1,1.0,1484.690594390958
Black T.A.,Clay,last_year,0,0,0,0.0,1500.0
Black T.A.,Clay,last_month,0,0,0,0.0,1500.0
Black T.A.,Grass,all,0,0,0,0.0,1500.0
Black T.A.,Grass,last_year,0,0,0,0.0,1500.0
Black T.A.,Grass,last_month,0,0,0,0.0,1500.0
Black T.A.,Greenset,all,0,0,0,0.0,1500.0
Black T.A.,Greenset,last_year,0,0,0,0.0,1500.0
Black T.A.,Greenset,last_month,0,0,0,0.0,1500.0
Duque M. M.,Hard,all,1,0,1,1.0,1487.6666476241348
Duque M. M.,Hard,last_year,0,0,0,0.0,1500.0
Duque M. M.,Hard,last_month,0,0,0,0.0,1500.0
Duque M. M.,Carpet,all,0,0,0,0.0,1500.0
Duque M. M.,Carpet,last_year,0,0,0,0.0,1500.0
Duque M. M.,Carpet,last_month,0,0,0,0.0,1500.0
Duque M. M.,Clay,all,0,0,0,0.0,1500.0
Duque M. M.,Clay,last_year,0,0,0,0.0,1500.0
Duque M. M.,Clay,last_month,0,0,0,0.0,1500.0
Duque M. M.,Grass,all,0,0,0,0.0,1500.0
Duque M. M.,Grass,last_year,0,0,0,0.0,1500.0
Duque M. M.,Grass,last_month,0,0,0,0.0,1500.0
Duque M. M.,Greenset,all,0,0,0,0.0,1500.0
Duque M. M.,Greenset,last_year,0,0,0,0.0,1500.0
Duque M. M.,Greenset,last_month,0,0,0,0.0,1500.0
Allertova D.,Hard,all,62,32,30,0.4838709677419355,1454.7917021291096
Allertova D.,Hard,last_year,0,0,0,0.0,1500.0
Allertova D.,Hard,last_month,0,0,0,0.0,1500.0
Allertova D.,Carpet,all,0,0,0,0.0,1500.0
Allertova D.,Carpet,last_year,0,0,0,0.0,1500.0
Allertova D.,Carpet,last_month,0,0,0,0.0,1500.0
Allertova D.,Clay,all,15,6,9,0.6,1534.532346754087
Allertova D.,Clay,last_year,0,0,0,0.0,1500.0
Allertova D.,Clay,last_month,0,0,0,0.0,1500.0
Allertova D.,Grass,all,10,3,7,0.7,1537.7122116019764
Allertova D.,Grass,last_year,0,0,0,0.0,1500.0
Allertova D.,Grass,last_month,0,0,0,0.0,1500.0
Allertova D.,Greenset,all,0,0,0,0.0,1500.0
Allertova D.,Greenset,last_year,0,0,0,0.0,1500.0
Allertova D.,Greenset,last_month,0,0,0,0.0,1500.0
Kania P.,Hard,all,10,3,7,0.7,1489.3684215176838
Kania P.,Hard,last_year,0,0,0,0.0,1500.0
Kania P.,Hard,last_month,0,0,0,0.0,1500.0
Kania P.,Carpet,all,0,0,0,0.0,1500.0
Kania P.,Carpet,last_year,0,0,0,0.0,1500.0
Kania P.,Carpet,last_month,0,0,0,0.0,1500.0
Kania P.,Clay,all,4,1,3,0.75,1472.8528066498156
Kania P.,Clay,last_year,0,0,0,0.0,1500.0
Kania P.,Clay,last_month,0,0,0,0.0,1500.0
Kania P.,Grass,all,2,0,2,1.0,1466.2081541421844
Kania P.,Grass,last_year,0,0,0,0.0,1500.0
Kania P.,Grass,last_month,0,0,0,0.0,1500.0
Kania P.,Greenset,all,0,0,0,0.0,1500.0
Kania P.,Greenset,last_year,0,0,0,0.0,1500.0
Kania P.,Greenset,last_month,0,0,0,0.0,1500.0
Hingis M.,Hard,all,27,16,11,0.4074074074074074,1582.21760716399
Hingis M.,Hard,last_year,0,0,0,0.0,1500.0
Hingis M.,Hard,last_month,0,0,0,0.0,1500.0
Hingis M.,Carpet,all,4,4,0,1.0,1473.599837374008
Hingis M.,Carpet,last_year,0,0,0,0.0,1500.0
Hingis M.,Carpet,last_month,0,0,0,0.0,1500.0
Hingis M.,Clay,all,2,1,1,0.5,1469.9570633511423
Hingis M.,Clay,last_year,0,0,0,0.0,1500.0
Hingis M.,Clay,last_month,0,0,0,0.0,1500.0
Hingis M.,Grass,all,3,2,1,0.3333333333333333,1452.576626394079
Hingis M.,Grass,last_year,0,0,0,0.0,1500.0
Hingis M.,Grass,last_month,0,0,0,0.0,1500.0
Hingis M.,Greenset,all,0,0,0,0.0,1500.0
Hingis M.,Greenset,last_year,0,0,0,0.0,1500.0
Hingis M.,Greenset,last_month,0,0,0,0.0,1500.0
Wozniak A.,Hard,all,127,52,75,0.5905511811023622,1490.710666731877
Wozniak A.,Hard,last_year,0,0,0,0.0,1500.0
Wozniak A.,Hard,last_month,0,0,0,0.0,1500.0
Wozniak A.,Carpet,all,0,0,0,0.0,1500.0
Wozniak A.,Carpet,last_year,0,0,0,0.0,1500.0
Wozniak A.,Carpet,last_month,0,0,0,0.0,1500.0
Wozniak A.,Clay,all,57,29,28,0.49122807017543857,1430.4464888392872
Wozniak A.,Clay,last_year,0,0,0,0.0,1500.0
Wozniak A.,Clay,last_month,0,0,0,0.0,1500.0
Wozniak A.,Grass,all,25,11,14,0.56,1508.1352286046408
Wozniak A.,Grass,last_year,0,0,0,0.0,1500.0
Wozniak A.,Grass,last_month,0,0,0,0.0,1500.0
Wozniak A.,Greenset,all,1,0,1,1.0,1484.0
Wozniak A.,Greenset,last_year,0,0,0,0.0,1500.0
Wozniak A.,Greenset,last_month,0,0,0,0.0,1500.0
Van den Broek I.L.,Hard,all,0,0,0,0.0,1500.0
Van den Broek I.L.,Hard,last_year,0,0,0,0.0,1500.0
Van den Broek I.L.,Hard,last_month,0,0,0,0.0,1500.0
Van den Broek I.L.,Carpet,all,0,0,0,0.0,1500.0
Van den Broek I.L.,Carpet,last_year,0,0,0,0.0,1500.0
Van den Broek I.L.,Carpet,last_month,0,0,0,0.0,1500.0
Van den Broek I.L.,Clay,all,0,0,0,0.0,1500.0
Van den Broek I.L.,Clay,last_year,0,0,0,0.0,1500.0
Van den Broek I.L.,Clay,last_month,0,0,0,0.0,1500.0
Van den Broek I.L.,Grass,all,1,0,1,1.0,1485.4319443390843
Van den Broek I.L.,Grass,last_year,1,0,1,1.0,1484.736306793522
Van den Broek I.L.,Grass,last_month,1,0,1,1.0,1484.0
Van den Broek I.L.,Greenset,all,0,0,0,0.0,1500.0
Van den Broek I.L.,Greenset,last_year,0,0,0,0.0,1500.0
Van den Broek I.L.,Greenset,last_month,0,0,0,0.0,1500.0
Medina Garrigues A. ,Hard,all,2,0,2,1.0,1468.0338330211207
Medina Garrigues A. ,Hard,last_year,0,0,0,0.0,1500.0
Medina Garrigues A. ,Hard,last_month,0,0,0,0.0,1500.0
Medina Garrigues A. ,Carpet,all,0,0,0,0.0,1500.0
Medina Garrigues A. ,Carpet,last_year,0,0,0,0.0,1500.0
Medina Garrigues A. ,Carpet,last_month,0,0,0,0.0,1500.0
Medina Garrigues A. ,Clay,all,0,0,0,0.0,1500.0
Medina Garrigues A. ,Clay,last_year,0,0,0,0.0,1500.0
Medina Garrigues A. ,Clay,last_month,0,0,0,0.0,1500.0
Medina Garrigues A. ,Grass,all,0,0,0,0.0,1500.0
Medina Garrigues A. ,Grass,last_year,0,0,0,0.0,1500.0
Medina Garrigues A. ,Grass,last_month,0,0,0,0.0,1500.0
Medina Garrigues A. ,Greenset,all,0,0,0,0.0,1500.0
Medina Garrigues A. ,Greenset,last_year,0,0,0,0.0,1500.0
Medina Garrigues A. ,Greenset,last_month,0,0,0,0.0,1500.0
Molinero F.,Hard,all,1,0,1,1.0,1518.5191145788565
Molinero F.,Hard,last_year,0,0,0,0.0,1500.0
Molinero F.,Hard,last_month,0,0,0,0.0,1500.0
Molinero F.,Carpet,all,0,0,0,0.0,1500.0
Molinero F.,Carpet,last_year,0,0,0,0.0,1500.0
Molinero F.,Carpet,last_month,0,0,0,0.0,1500.0
Molinero F.,Clay,all,1,0,1,1.0,1514.506317144909
Molinero F.,Clay,last_year,0,0,0,0.0,1500.0
Molinero F.,Clay,last_month,0,0,0,0.0,1500.0
Molinero F.,Grass,all,0,0,0,0.0,1500.0
Molinero F.,Grass,last_year,0,0,0,0.0,1500.0
Molinero F.,Grass,last_month,0,0,0,0.0,1500.0
Molinero F.,Greenset,all,0,0,0,0.0,1500.0
Molinero F.,Greenset,last_year,0,0,0,0.0,1500.0
Molinero F.,Greenset,last_month,0,0,0,0.0,1500.0
Yang Zha.,Hard,all,1,0,1,1.0,1514.2814311380416
Yang Zha.,Hard,last_year,0,0,0,0.0,1500.0
Yang Zha.,Hard,last_month,0,0,0,0.0,1500.0
Yang Zha.,Carpet,all,0,0,0,0.0,1500.0
Yang Zha.,Carpet,last_year,0,0,0,0.0,1500.0
Yang Zha.,Carpet,last_month,0,0,0,0.0,1500.0
Yang Zha.,Clay,all,0,0,0,0.0,1500.0
Yang Zha.,Clay,last_year,0,0,0,0.0,1500.0
Yang Zha.,Clay,last_month,0,0,0,0.0,1500.0
Yang Zha.,Grass,all,0,0,0,0.0,1500.0
Yang Zha.,Grass,last_year,0,0,0,0.0,1500.0
Yang Zha.,Grass,last_month,0,0,0,0.0,1500.0
Yang Zha.,Greenset,all,0,0,0,0.0,1500.0
Yang Zha.,Greenset,last_year,0,0,0,0.0,1500.0
Yang Zha.,Greenset,last_month,0,0,0,0.0,1500.0
Dunne K.,Hard,all,0,0,0,0.0,1500.0
Dunne K.,Hard,last_year,0,0,0,0.0,1500.0
Dunne K.,Hard,last_month,0,0,0,0.0,1500.0
Dunne K.,Carpet,all,0,0,0,0.0,1500.0
Dunne K.,Carpet,last_year,0,0,0,0.0,1500.0
Dunne K.,Carpet,last_month,0,0,0,0.0,1500.0
Dunne K.,Clay,all,0,0,0,0.0,1500.0
Dunne K.,Clay,last_year,0,0,0,0.0,1500.0
Dunne K.,Clay,last_month,0,0,0,0.0,1500.0
Dunne K.,Grass,all,2,0,2,1.0,1537.0014822104044
Dunne K.,Grass,last_year,0,0,0,0.0,1500.0
Dunne K.,Grass,last_month,0,0,0,0.0,1500.0
Dunne K.,Greenset,all,0,0,0,0.0,1500.0
Dunne K.,Greenset,last_year,0,0,0,0.0,1500.0
Dunne K.,Greenset,last_month,0,0,0,0.0,1500.0
Yuan M.,Hard,all,26,10,16,0.6153846153846154,1555.1110630440714
Yuan M.,Hard,last_year,0,0,0,0.0,1500.0
Yuan M.,Hard,last_month,0,0,0,0.0,1500.0
Yuan M.,Carpet,all,0,0,0,0.0,1500.0
Yuan M.,Carpet,last_year,0,0,0,0.0,1500.0
Yuan M.,Carpet,last_month,0,0,0,0.0,1500.0
Yuan M.,Clay,all,2,0,2,1.0,1526.156520212026
Yuan M.,Clay,last_year,0,0,0,0.0,1500.0
Yuan M.,Clay,last_month,0,0,0,0.0,1500.0
Yuan M.,Grass,all,2,0,2,1.0,1499.1595140963045
Yuan M.,Grass,last_year,0,0,0,0.0,1500.0
Yuan M.,Grass,last_month,0,0,0,0.0,1500.0
Yuan M.,Greenset,all,0,0,0,0.0,1500.0
Yuan M.,Greenset,last_year,0,0,0,0.0,1500.0
Yuan M.,Greenset,last_month,0,0,0,0.0,1500.0
Hesse A.,Hard,all,6,1,5,0.8333333333333334,1496.4355241397818
Hesse A.,Hard,last_year,0,0,0,0.0,1500.0
Hesse A.,Hard,last_month,0,0,0,0.0,1500.0
Hesse A.,Carpet,all,0,0,0,0.0,1500.0
Hesse A.,Carpet,last_year,0,0,0,0.0,1500.0
Hesse A.,Carpet,last_month,0,0,0,0.0,1500.0
Hesse A.,Clay,all,14,3,11,0.7857142857142857,1540.513945614574
Hesse A.,Clay,last_year,0,0,0,0.0,1500.0
Hesse A.,Clay,last_month,0,0,0,0.0,1500.0
Hesse A.,Grass,all,1,0,1,1.0,1483.6710280908426
Hesse A.,Grass,last_year,0,0,0,0.0,1500.0
Hesse A.,Grass,last_month,0,0,0,0.0,1500.0
Hesse A.,Greenset,all,0,0,0,0.0,1500.0
Hesse A.,Greenset,last_year,0,0,0,0.0,1500.0
Hesse A.,Greenset,last_month,0,0,0,0.0,1500.0
Mladenovic K.,Hard,all,262,116,146,0.5572519083969466,1488.2671655671388
Mladenovic K.,Hard,last_year,1,0,1,1.0,1483.3296897362338
Mladenovic K.,Hard,last_month,0,0,0,0.0,1500.0
Mladenovic K.,Carpet,all,0,0,0,0.0,1500.0
Mladenovic K.,Carpet,last_year,0,0,0,0.0,1500.0
Mladenovic K.,Carpet,last_month,0,0,0,0.0,1500.0
Mladenovic K.,Clay,all,111,53,58,0.5225225225225225,1611.0589528424362
Mladenovic K.,Clay,last_year,0,0,0,0.0,1500.0
Mladenovic K.,Clay,last_month,0,0,0,0.0,1500.0
Mladenovic K.,Grass,all,60,33,27,0.45,1491.6051118021576
Mladenovic K.,Grass,last_year,0,0,0,0.0,1500.0
Mladenovic K.,Grass,last_month,0,0,0,0.0,1500.0
Mladenovic K.,Greenset,all,0,0,0,0.0,1500.0
Mladenovic K.,Greenset,last_year,0,0,0,0.0,1500.0
Mladenovic K.,Greenset,last_month,0,0,0,0.0,1500.0
Ng K.Y.,Hard,all,1,0,1,1.0,1486.9130686643014
Ng K.Y.,Hard,last_year,0,0,0,0.0,1500.0
Ng K.Y.,Hard,last_month,0,0,0,0.0,1500.0
Ng K.Y.,Carpet,all,0,0,0,0.0,1500.0
Ng K.Y.,Carpet,last_year,0,0,0,0.0,1500.0
Ng K.Y.,Carpet,last_month,0,0,0,0.0,1500.0
Ng K.Y.,Clay,all,0,0,0,0.0,1500.0
Ng K.Y.,Clay,last_year,0,0,0,0.0,1500.0
Ng K.Y.,Clay,last_month,0,0,0,0.0,1500.0
Ng K.Y.,Grass,all,0,0,0,0.0,1500.0
Ng K.Y.,Grass,last_year,0,0,0,0.0,1500.0
Ng K.Y.,Grass,last_month,0,0,0,0.0,1500.0
Ng K.Y.,Greenset,all,0,0,0,0.0,1500.0
Ng K.Y.,Greenset,last_year,0,0,0,0.0,1500.0
Ng K.Y.,Greenset,last_month,0,0,0,0.0,1500.0
Gauff C.,Hard,all,189,131,58,0.30687830687830686,1524.2177864919836
Gauff C.,Hard,last_year,34,24,10,0.29411764705882354,1523.9093096809595
Gauff C.,Hard,last_month,0,0,0,0.0,1500.0
Gauff C.,Carpet,all,0,0,0,0.0,1500.0
Gauff C.,Carpet,last_year,0,0,0,0.0,1500.0
Gauff C.,Carpet,last_month,0,0,0,0.0,1500.0
Gauff C.,Clay,all,86,64,22,0.7441860465116279,1491.307915225556
Gauff C.,Clay,last_year,21,18,3,0.8571428571428571,1479.167570116477
Gauff C.,Clay,last_month,4,4,0,1.0,1529.196339806416
Gauff C.,Grass,all,32,20,12,0.375,1582.9160951831507
Gauff C.,Grass,last_year,6,3,3,0.5,1521.1360550266363
Gauff C.,Grass,last_month,2,0,2,1.0,1496.346358454574
Gauff C.,Greenset,all,0,0,0,0.0,1500.0
Gauff C.,Greenset,last_year,0,0,0,0.0,1500.0
Gauff C.,Greenset,last_month,0,0,0,0.0,1500.0
Korneeva A.,Hard,all,9,5,4,0.4444444444444444,1577.7170344235908
Korneeva A.,Hard,last_year,4,3,1,0.25,1559.0345818522514
Korneeva A.,Hard,last_month,0,0,0,0.0,1500.0
Korneeva A.,Carpet,all,0,0,0,0.0,1500.0
Korneeva A.,Carpet,last_year,0,0,0,0.0,1500.0
Korneeva A.,Carpet,last_month,0,0,0,0.0,1500.0
Korneeva A.,Clay,all,0,0,0,0.0,1500.0
Korneeva A.,Clay,last_year,0,0,0,0.0,1500.0
Korneeva A.,Clay,last_month,0,0,0,0.0,1500.0
Korneeva A.,Grass,all,0,0,0,0.0,1500.0
Korneeva A.,Grass,last_year,0,0,0,0.0,1500.0
Korneeva A.,Grass,last_month,0,0,0,0.0,1500.0
Korneeva A.,Greenset,all,0,0,0,0.0,1500.0
Korneeva A.,Greenset,last_year,0,0,0,0.0,1500.0
Korneeva A.,Greenset,last_month,0,0,0,0.0,1500.0
Sun S.N.,Hard,all,2,0,2,1.0,1495.7614432569887
Sun S.N.,Hard,last_year,0,0,0,0.0,1500.0
Sun S.N.,Hard,last_month,0,0,0,0.0,1500.0
Sun S.N.,Carpet,all,0,0,0,0.0,1500.0
Sun S.N.,Carpet,last_year,0,0,0,0.0,1500.0
Sun S.N.,Carpet,last_month,0,0,0,0.0,1500.0
Sun S.N.,Clay,all,0,0,0,0.0,1500.0
Sun S.N.,Clay,last_year,0,0,0,0.0,1500.0
Sun S.N.,Clay,last_month,0,0,0,0.0,1500.0
Sun S.N.,Grass,all,0,0,0,0.0,1500.0
Sun S.N.,Grass,last_year,0,0,0,0.0,1500.0
Sun S.N.,Grass,last_month,0,0,0,0.0,1500.0
Sun S.N.,Greenset,all,0,0,0,0.0,1500.0
Sun S.N.,Greenset,last_year,0,0,0,0.0,1500.0
Sun S.N.,Greenset,last_month,0,0,0,0.0,1500.0
Soylu I.,Hard,all,8,2,6,0.75,1527.5199658423444
Soylu I.,Hard,last_year,0,0,0,0.0,1500.0
Soylu I.,Hard,last_month,0,0,0,0.0,1500.0
Soylu I.,Carpet,all,0,0,0,0.0,1500.0
Soylu I.,Carpet,last_year,0,0,0,0.0,1500.0
Soylu I.,Carpet,last_month,0,0,0,0.0,1500.0
Soylu I.,Clay,all,4,0,4,1.0,1535.8640060319897
Soylu I.,Clay,last_year,0,0,0,0.0,1500.0
Soylu I.,Clay,last_month,0,0,0,0.0,1500.0
Soylu I.,Grass,all,0,0,0,0.0,1500.0
Soylu I.,Grass,last_year,0,0,0,0.0,1500.0
Soylu I.,Grass,last_month,0,0,0,0.0,1500.0
Soylu I.,Greenset,all,0,0,0,0.0,1500.0
Soylu I.,Greenset,last_year,0,0,0,0.0,1500.0
Soylu I.,Greenset,last_month,0,0,0,0.0,1500.0
Imanishi M.,Hard,all,1,0,1,1.0,1516.8662847796995
Imanishi M.,Hard,last_year,0,0,0,0.0,1500.0
Imanishi M.,Hard,last_month,0,0,0,0.0,1500.0
Imanishi M.,Carpet,all,0,0,0,0.0,1500.0
Imanishi M.,Carpet,last_year,0,0,0,0.0,1500.0
Imanishi M.,Carpet,last_month,0,0,0,0.0,1500.0
Imanishi M.,Clay,all,0,0,0,0.0,1500.0
Imanishi M.,Clay,last_year,0,0,0,0.0,1500.0
Imanishi M.,Clay,last_month,0,0,0,0.0,1500.0
Imanishi M.,Grass,all,0,0,0,0.0,1500.0
Imanishi M.,Grass,last_year,0,0,0,0.0,1500.0
Imanishi M.,Grass,last_month,0,0,0,0.0,1500.0
Imanishi M.,Greenset,all,0,0,0,0.0,1500.0
Imanishi M.,Greenset,last_year,0,0,0,0.0,1500.0
Imanishi M.,Greenset,last_month,0,0,0,0.0,1500.0
Hruncakova V.,Hard,all,9,3,6,0.6666666666666666,1514.6338732812544
Hruncakova V.,Hard,last_year,0,0,0,0.0,1500.0
Hruncakova V.,Hard,last_month,0,0,0,0.0,1500.0
Hruncakova V.,Carpet,all,0,0,0,0.0,1500.0
Hruncakova V.,Carpet,last_year,0,0,0,0.0,1500.0
Hruncakova V.,Carpet,last_month,0,0,0,0.0,1500.0
Hruncakova V.,Clay,all,3,1,2,0.6666666666666666,1513.5427478446436
Hruncakova V.,Clay,last_year,0,0,0,0.0,1500.0
Hruncakova V.,Clay,last_month,0,0,0,0.0,1500.0
Hruncakova V.,Grass,all,5,3,2,0.4,1481.454052153917
Hruncakova V.,Grass,last_year,0,0,0,0.0,1500.0
Hruncakova V.,Grass,last_month,0,0,0,0.0,1500.0
Hruncakova V.,Greenset,all,0,0,0,0.0,1500.0
Hruncakova V.,Greenset,last_year,0,0,0,0.0,1500.0
Hruncakova V.,Greenset,last_month,0,0,0,0.0,1500.0
Vierin N.,Hard,all,2,1,1,0.5,1529.3299623761854
Vierin N.,Hard,last_year,0,0,0,0.0,1500.0
Vierin N.,Hard,last_month,0,0,0,0.0,1500.0
Vierin N.,Carpet,all,0,0,0,0.0,1500.0
Vierin N.,Carpet,last_year,0,0,0,0.0,1500.0
Vierin N.,Carpet,last_month,0,0,0,0.0,1500.0
Vierin N.,Clay,all,9,4,5,0.5555555555555556,1560.199321969622
Vierin N.,Clay,last_year,0,0,0,0.0,1500.0
Vierin N.,Clay,last_month,0,0,0,0.0,1500.0
Vierin N.,Grass,all,0,0,0,0.0,1500.0
Vierin N.,Grass,last_year,0,0,0,0.0,1500.0
Vierin N.,Grass,last_month,0,0,0,0.0,1500.0
Vierin N.,Greenset,all,0,0,0,0.0,1500.0
Vierin N.,Greenset,last_year,0,0,0,0.0,1500.0
Vierin N.,Greenset,last_month,0,0,0,0.0,1500.0
Burel C.,Hard,all,57,25,32,0.5614035087719298,1472.668254050102
Burel C.,Hard,last_year,11,5,6,0.5454545454545454,1486.6861743656232
Burel C.,Hard,last_month,0,0,0,0.0,1500.0
Burel C.,Carpet,all,0,0,0,0.0,1500.0
Burel C.,Carpet,last_year,0,0,0,0.0,1500.0
Burel C.,Carpet,last_month,0,0,0,0.0,1500.0
Burel C.,Clay,all,42,22,20,0.47619047619047616,1607.8794025997227
Burel C.,Clay,last_year,0,0,0,0.0,1500.0
Burel C.,Clay,last_month,0,0,0,0.0,1500.0
Burel C.,Grass,all,8,2,6,0.75,1527.4028555507962
Burel C.,Grass,last_year,2,1,1,0.5,1500.0
Burel C.,Grass,last_month,0,0,0,0.0,1500.0
Burel C.,Greenset,all,0,0,0,0.0,1500.0
Burel C.,Greenset,last_year,0,0,0,0.0,1500.0
Burel C.,Greenset,last_month,0,0,0,0.0,1500.0
Gerlach K.,Hard,all,0,0,0,0.0,1500.0
Gerlach K.,Hard,last_year,0,0,0,0.0,1500.0
Gerlach K.,Hard,last_month,0,0,0,0.0,1500.0
Gerlach K.,Carpet,all,0,0,0,0.0,1500.0
Gerlach K.,Carpet,last_year,0,0,0,0.0,1500.0
Gerlach K.,Carpet,last_month,0,0,0,0.0,1500.0
Gerlach K.,Clay,all,3,0,3,1.0,1514.3691241049967
Gerlach K.,Clay,last_year,0,0,0,0.0,1500.0
Gerlach K.,Clay,last_month,0,0,0,0.0,1500.0
Gerlach K.,Grass,all,0,0,0,0.0,1500.0
Gerlach K.,Grass,last_year,0,0,0,0.0,1500.0
Gerlach K.,Grass,last_month,0,0,0,0.0,1500.0
Gerlach K.,Greenset,all,0,0,0,0.0,1500.0
Gerlach K.,Greenset,last_year,0,0,0,0.0,1500.0
Gerlach K.,Greenset,last_month,0,0,0,0.0,1500.0
Kamenskaya V.,Hard,all,0,0,0,0.0,1500.0
Kamenskaya V.,Hard,last_year,0,0,0,0.0,1500.0
Kamenskaya V.,Hard,last_month,0,0,0,0.0,1500.0
Kamenskaya V.,Carpet,all,0,0,0,0.0,1500.0
Kamenskaya V.,Carpet,last_year,0,0,0,0.0,1500.0
Kamenskaya V.,Carpet,last_month,0,0,0,0.0,1500.0
Kamenskaya V.,Clay,all,1,0,1,1.0,1488.1516676921306
Kamenskaya V.,Clay,last_year,0,0,0,0.0,1500.0
Kamenskaya V.,Clay,last_month,0,0,0,0.0,1500.0
Kamenskaya V.,Grass,all,0,0,0,0.0,1500.0
Kamenskaya V.,Grass,last_year,0,0,0,0.0,1500.0
Kamenskaya V.,Grass,last_month,0,0,0,0.0,1500.0
Kamenskaya V.,Greenset,all,0,0,0,0.0,1500.0
Kamenskaya V.,Greenset,last_year,0,0,0,0.0,1500.0
Kamenskaya V.,Greenset,last_month,0,0,0,0.0,1500.0
Ponchet J.,Hard,all,14,3,11,0.7857142857142857,1477.7572117802881
Ponchet J.,Hard,last_year,6,2,4,0.6666666666666666,1443.2722638337766
Ponchet J.,Hard,last_month,0,0,0,0.0,1500.0
Ponchet J.,Carpet,all,0,0,0,0.0,1500.0
Ponchet J.,Carpet,last_year,0,0,0,0.0,1500.0
Ponchet J.,Carpet,last_month,0,0,0,0.0,1500.0
Ponchet J.,Clay,all,8,2,6,0.75,1521.8031807268997
Ponchet J.,Clay,last_year,3,2,1,0.3333333333333333,1485.2848946876497
Ponchet J.,Clay,last_month,0,0,0,0.0,1500.0
Ponchet J.,Grass,all,2,0,2,1.0,1533.110477140212
Ponchet J.,Grass,last_year,0,0,0,0.0,1500.0
Ponchet J.,Grass,last_month,0,0,0,0.0,1500.0
Ponchet J.,Greenset,all,0,0,0,0.0,1500.0
Ponchet J.,Greenset,last_year,0,0,0,0.0,1500.0
Ponchet J.,Greenset,last_month,0,0,0,0.0,1500.0
Larriere V.,Hard,all,3,2,1,0.3333333333333333,1483.7683086475893
Larriere V.,Hard,last_year,0,0,0,0.0,1500.0
Larriere V.,Hard,last_month,0,0,0,0.0,1500.0
Larriere V.,Carpet,all,0,0,0,0.0,1500.0
Larriere V.,Carpet,last_year,0,0,0,0.0,1500.0
Larriere V.,Carpet,last_month,0,0,0,0.0,1500.0
Larriere V.,Clay,all,1,0,1,1.0,1513.2339284182924
Larriere V.,Clay,last_year,0,0,0,0.0,1500.0
Larriere V.,Clay,last_month,0,0,0,0.0,1500.0
Larriere V.,Grass,all,0,0,0,0.0,1500.0
Larriere V.,Grass,last_year,0,0,0,0.0,1500.0
Larriere V.,Grass,last_month,0,0,0,0.0,1500.0
Larriere V.,Greenset,all,0,0,0,0.0,1500.0
Larriere V.,Greenset,last_year,0,0,0,0.0,1500.0
Larriere V.,Greenset,last_month,0,0,0,0.0,1500.0
Baindl K.,Hard,all,13,4,9,0.6923076923076923,1493.7663551531957
Baindl K.,Hard,last_year,1,0,1,1.0,1514.6568902854974
Baindl K.,Hard,last_month,0,0,0,0.0,1500.0
Baindl K.,Carpet,all,0,0,0,0.0,1500.0
Baindl K.,Carpet,last_year,0,0,0,0.0,1500.0
Baindl K.,Carpet,last_month,0,0,0,0.0,1500.0
Baindl K.,Clay,all,14,7,7,0.5,1490.8357480721209
Baindl K.,Clay,last_year,0,0,0,0.0,1500.0
Baindl K.,Clay,last_month,0,0,0,0.0,1500.0
Baindl K.,Grass,all,4,0,4,1.0,1495.7019906858638
Baindl K.,Grass,last_year,1,0,1,1.0,1484.0
Baindl K.,Grass,last_month,0,0,0,0.0,1500.0
Baindl K.,Greenset,all,0,0,0,0.0,1500.0
Baindl K.,Greenset,last_year,0,0,0,0.0,1500.0
Baindl K.,Greenset,last_month,0,0,0,0.0,1500.0
Bacquet E.,Hard,all,0,0,0,0.0,1500.0
Bacquet E.,Hard,last_year,0,0,0,0.0,1500.0
Bacquet E.,Hard,last_month,0,0,0,0.0,1500.0
Bacquet E.,Carpet,all,0,0,0,0.0,1500.0
Bacquet E.,Carpet,last_year,0,0,0,0.0,1500.0
Bacquet E.,Carpet,last_month,0,0,0,0.0,1500.0
Bacquet E.,Clay,all,1,0,1,1.0,1486.0573458554813
Bacquet E.,Clay,last_year,0,0,0,0.0,1500.0
Bacquet E.,Clay,last_month,0,0,0,0.0,1500.0
Bacquet E.,Grass,all,0,0,0,0.0,1500.0
Bacquet E.,Grass,last_year,0,0,0,0.0,1500.0
Bacquet E.,Grass,last_month,0,0,0,0.0,1500.0
Bacquet E.,Greenset,all,0,0,0,0.0,1500.0
Bacquet E.,Greenset,last_year,0,0,0,0.0,1500.0
Bacquet E.,Greenset,last_month,0,0,0,0.0,1500.0
Kichenok N.,Hard,all,10,1,9,0.9,1522.1978416186698
Kichenok N.,Hard,last_year,0,0,0,0.0,1500.0
Kichenok N.,Hard,last_month,0,0,0,0.0,1500.0
Kichenok N.,Carpet,all,0,0,0,0.0,1500.0
Kichenok N.,Carpet,last_year,0,0,0,0.0,1500.0
Kichenok N.,Carpet,last_month,0,0,0,0.0,1500.0
Kichenok N.,Clay,all,4,0,4,1.0,1532.1217615964706
Kichenok N.,Clay,last_year,0,0,0,0.0,1500.0
Kichenok N.,Clay,last_month,0,0,0,0.0,1500.0
Kichenok N.,Grass,all,4,2,2,0.5,1436.5250697705299
Kichenok N.,Grass,last_year,0,0,0,0.0,1500.0
Kichenok N.,Grass,last_month,0,0,0,0.0,1500.0
Kichenok N.,Greenset,all,0,0,0,0.0,1500.0
Kichenok N.,Greenset,last_year,0,0,0,0.0,1500.0
Kichenok N.,Greenset,last_month,0,0,0,0.0,1500.0
Yonemura A.,Hard,all,1,0,1,1.0,1485.5914958201015
Yonemura A.,Hard,last_year,0,0,0,0.0,1500.0
Yonemura A.,Hard,last_month,0,0,0,0.0,1500.0
Yonemura A.,Carpet,all,0,0,0,0.0,1500.0
Yonemura A.,Carpet,last_year,0,0,0,0.0,1500.0
Yonemura A.,Carpet,last_month,0,0,0,0.0,1500.0
Yonemura A.,Clay,all,0,0,0,0.0,1500.0
Yonemura A.,Clay,last_year,0,0,0,0.0,1500.0
Yonemura A.,Clay,last_month,0,0,0,0.0,1500.0
Yonemura A.,Grass,all,0,0,0,0.0,1500.0
Yonemura A.,Grass,last_year,0,0,0,0.0,1500.0
Yonemura A.,Grass,last_month,0,0,0,0.0,1500.0
Yonemura A.,Greenset,all,0,0,0,0.0,1500.0
Yonemura A.,Greenset,last_year,0,0,0,0.0,1500.0
Yonemura A.,Greenset,last_month,0,0,0,0.0,1500.0
Han X.,Hard,all,40,14,26,0.65,1507.4558929012885
Han X.,Hard,last_year,0,0,0,0.0,1500.0
Han X.,Hard,last_month,0,0,0,0.0,1500.0
Han X.,Carpet,all,0,0,0,0.0,1500.0
Han X.,Carpet,last_year,0,0,0,0.0,1500.0
Han X.,Carpet,last_month,0,0,0,0.0,1500.0
Han X.,Clay,all,12,6,6,0.5,1435.6305229281174
Han X.,Clay,last_year,0,0,0,0.0,1500.0
Han X.,Clay,last_month,0,0,0,0.0,1500.0
Han X.,Grass,all,1,0,1,1.0,1516.2062710708756
Han X.,Grass,last_year,0,0,0,0.0,1500.0
Han X.,Grass,last_month,0,0,0,0.0,1500.0
Han X.,Greenset,all,0,0,0,0.0,1500.0
Han X.,Greenset,last_year,0,0,0,0.0,1500.0
Han X.,Greenset,last_month,0,0,0,0.0,1500.0
Zahlavova S.,Hard,all,20,5,15,0.75,1504.5036240273691
Zahlavova S.,Hard,last_year,0,0,0,0.0,1500.0
Zahlavova S.,Hard,last_month,0,0,0,0.0,1500.0
Zahlavova S.,Carpet,all,0,0,0,0.0,1500.0
Zahlavova S.,Carpet,last_year,0,0,0,0.0,1500.0
Zahlavova S.,Carpet,last_month,0,0,0,0.0,1500.0
Zahlavova S.,Clay,all,26,6,20,0.7692307692307693,1483.7489943175692
Zahlavova S.,Clay,last_year,0,0,0,0.0,1500.0
Zahlavova S.,Clay,last_month,0,0,0,0.0,1500.0
Zahlavova S.,Grass,all,7,2,5,0.7142857142857143,1452.2109283420168
Zahlavova S.,Grass,last_year,0,0,0,0.0,1500.0
Zahlavova S.,Grass,last_month,0,0,0,0.0,1500.0
Zahlavova S.,Greenset,all,0,0,0,0.0,1500.0
Zahlavova S.,Greenset,last_year,0,0,0,0.0,1500.0
Zahlavova S.,Greenset,last_month,0,0,0,0.0,1500.0
Dolehide C.,Hard,all,76,31,45,0.5921052631578947,1499.9945739917714
Dolehide C.,Hard,last_year,28,14,14,0.5,1503.550879752828
Dolehide C.,Hard,last_month,0,0,0,0.0,1500.0
Dolehide C.,Carpet,all,0,0,0,0.0,1500.0
Dolehide C.,Carpet,last_year,0,0,0,0.0,1500.0
Dolehide C.,Carpet,last_month,0,0,0,0.0,1500.0
Dolehide C.,Clay,all,26,12,14,0.5384615384615384,1521.214972957254
Dolehide C.,Clay,last_year,9,4,5,0.5555555555555556,1513.2364072414157
Dolehide C.,Clay,last_month,0,0,0,0.0,1500.0
Dolehide C.,Grass,all,11,3,8,0.7272727272727273,1537.3994547757259
Dolehide C.,Grass,last_year,4,1,3,0.75,1501.648872522539
Dolehide C.,Grass,last_month,3,1,2,0.6666666666666666,1513.825968904541
Dolehide C.,Greenset,all,0,0,0,0.0,1500.0
Dolehide C.,Greenset,last_year,0,0,0,0.0,1500.0
Dolehide C.,Greenset,last_month,0,0,0,0.0,1500.0
Burrage J.,Hard,all,20,7,13,0.65,1470.1099184180048
Burrage J.,Hard,last_year,6,2,4,0.6666666666666666,1499.676753940161
Burrage J.,Hard,last_month,0,0,0,0.0,1500.0
Burrage J.,Carpet,all,0,0,0,0.0,1500.0
Burrage J.,Carpet,last_year,0,0,0,0.0,1500.0
Burrage J.,Carpet,last_month,0,0,0,0.0,1500.0
Burrage J.,Clay,all,3,1,2,0.6666666666666666,1515.5993574400925
Burrage J.,Clay,last_year,1,0,1,1.0,1484.177069134764
Burrage J.,Clay,last_month,0,0,0,0.0,1500.0
Burrage J.,Grass,all,22,10,12,0.5454545454545454,1447.1188255341192
Burrage J.,Grass,last_year,4,1,3,0.75,1470.0394408408536
Burrage J.,Grass,last_month,4,1,3,0.75,1470.807160568279
Burrage J.,Greenset,all,0,0,0,0.0,1500.0
Burrage J.,Greenset,last_year,0,0,0,0.0,1500.0
Burrage J.,Greenset,last_month,0,0,0,0.0,1500.0
Melzer I.,Hard,all,1,0,1,1.0,1482.2831374508874
Melzer I.,Hard,last_year,0,0,0,0.0,1500.0
Melzer I.,Hard,last_month,0,0,0,0.0,1500.0
Melzer I.,Carpet,all,0,0,0,0.0,1500.0
Melzer I.,Carpet,last_year,0,0,0,0.0,1500.0
Melzer I.,Carpet,last_month,0,0,0,0.0,1500.0
Melzer I.,Clay,all,2,0,2,1.0,1501.9303035977746
Melzer I.,Clay,last_year,0,0,0,0.0,1500.0
Melzer I.,Clay,last_month,0,0,0,0.0,1500.0
Melzer I.,Grass,all,0,0,0,0.0,1500.0
Melzer I.,Grass,last_year,0,0,0,0.0,1500.0
Melzer I.,Grass,last_month,0,0,0,0.0,1500.0
Melzer I.,Greenset,all,0,0,0,0.0,1500.0
Melzer I.,Greenset,last_year,0,0,0,0.0,1500.0
Melzer I.,Greenset,last_month,0,0,0,0.0,1500.0
Anderson R.,Hard,all,1,0,1,1.0,1514.626710362406
Anderson R.,Hard,last_year,0,0,0,0.0,1500.0
Anderson R.,Hard,last_month,0,0,0,0.0,1500.0
Anderson R.,Carpet,all,0,0,0,0.0,1500.0
Anderson R.,Carpet,last_year,0,0,0,0.0,1500.0
Anderson R.,Carpet,last_month,0,0,0,0.0,1500.0
Anderson R.,Clay,all,1,0,1,1.0,1482.4151032664208
Anderson R.,Clay,last_year,0,0,0,0.0,1500.0
Anderson R.,Clay,last_month,0,0,0,0.0,1500.0
Anderson R.,Grass,all,0,0,0,0.0,1500.0
Anderson R.,Grass,last_year,0,0,0,0.0,1500.0
Anderson R.,Grass,last_month,0,0,0,0.0,1500.0
Anderson R.,Greenset,all,0,0,0,0.0,1500.0
Anderson R.,Greenset,last_year,0,0,0,0.0,1500.0
Anderson R.,Greenset,last_month,0,0,0,0.0,1500.0
Barty A.,Hard,all,168,125,43,0.7440476190476191,1436.8258523433437
Barty A.,Hard,last_year,0,0,0,0.0,1500.0
Barty A.,Hard,last_month,0,0,0,0.0,1500.0
Barty A.,Carpet,all,0,0,0,0.0,1500.0
Barty A.,Carpet,last_year,0,0,0,0.0,1500.0
Barty A.,Carpet,last_month,0,0,0,0.0,1500.0
Barty A.,Clay,all,50,35,15,0.7,1517.3745758077248
Barty A.,Clay,last_year,0,0,0,0.0,1500.0
Barty A.,Clay,last_month,0,0,0,0.0,1500.0
Barty A.,Grass,all,41,32,9,0.7804878048780488,1445.7074145701956
Barty A.,Grass,last_year,0,0,0,0.0,1500.0
Barty A.,Grass,last_month,0,0,0,0.0,1500.0
Barty A.,Greenset,all,0,0,0,0.0,1500.0
Barty A.,Greenset,last_year,0,0,0,0.0,1500.0
Barty A.,Greenset,last_month,0,0,0,0.0,1500.0
Dulgheru A.,Hard,all,88,33,55,0.625,1567.1480778766204
Dulgheru A.,Hard,last_year,0,0,0,0.0,1500.0
Dulgheru A.,Hard,last_month,0,0,0,0.0,1500.0
Dulgheru A.,Carpet,all,0,0,0,0.0,1500.0
Dulgheru A.,Carpet,last_year,0,0,0,0.0,1500.0
Dulgheru A.,Carpet,last_month,0,0,0,0.0,1500.0
Dulgheru A.,Clay,all,72,38,34,0.4722222222222222,1444.1155669616496
Dulgheru A.,Clay,last_year,0,0,0,0.0,1500.0
Dulgheru A.,Clay,last_month,0,0,0,0.0,1500.0
Dulgheru A.,Grass,all,15,8,7,0.4666666666666667,1469.6457168196666
Dulgheru A.,Grass,last_year,0,0,0,0.0,1500.0
Dulgheru A.,Grass,last_month,0,0,0,0.0,1500.0
Dulgheru A.,Greenset,all,0,0,0,0.0,1500.0
Dulgheru A.,Greenset,last_year,0,0,0,0.0,1500.0
Dulgheru A.,Greenset,last_month,0,0,0,0.0,1500.0
Yao X.,Hard,all,3,1,2,0.6666666666666666,1512.0851142439362
Yao X.,Hard,last_year,3,1,2,0.6666666666666666,1515.25119725613
Yao X.,Hard,last_month,0,0,0,0.0,1500.0
Yao X.,Carpet,all,0,0,0,0.0,1500.0
Yao X.,Carpet,last_year,0,0,0,0.0,1500.0
Yao X.,Carpet,last_month,0,0,0,0.0,1500.0
Yao X.,Clay,all,0,0,0,0.0,1500.0
Yao X.,Clay,last_year,0,0,0,0.0,1500.0
Yao X.,Clay,last_month,0,0,0,0.0,1500.0
Yao X.,Grass,all,0,0,0,0.0,1500.0
Yao X.,Grass,last_year,0,0,0,0.0,1500.0
Yao X.,Grass,last_month,0,0,0,0.0,1500.0
Yao X.,Greenset,all,0,0,0,0.0,1500.0
Yao X.,Greenset,last_year,0,0,0,0.0,1500.0
Yao X.,Greenset,last_month,0,0,0,0.0,1500.0
Mestach A.S.,Hard,all,6,0,6,1.0,1471.6335809158463
Mestach A.S.,Hard,last_year,0,0,0,0.0,1500.0
Mestach A.S.,Hard,last_month,0,0,0,0.0,1500.0
Mestach A.S.,Carpet,all,0,0,0,0.0,1500.0
Mestach A.S.,Carpet,last_year,0,0,0,0.0,1500.0
Mestach A.S.,Carpet,last_month,0,0,0,0.0,1500.0
Mestach A.S.,Clay,all,4,1,3,0.75,1495.220096727827
Mestach A.S.,Clay,last_year,0,0,0,0.0,1500.0
Mestach A.S.,Clay,last_month,0,0,0,0.0,1500.0
Mestach A.S.,Grass,all,2,0,2,1.0,1494.238419190473
Mestach A.S.,Grass,last_year,0,0,0,0.0,1500.0
Mestach A.S.,Grass,last_month,0,0,0,0.0,1500.0
Mestach A.S.,Greenset,all,0,0,0,0.0,1500.0
Mestach A.S.,Greenset,last_year,0,0,0,0.0,1500.0
Mestach A.S.,Greenset,last_month,0,0,0,0.0,1500.0
Daniilidou E.,Hard,all,94,39,55,0.5851063829787234,1552.0594938587224
Daniilidou E.,Hard,last_year,0,0,0,0.0,1500.0
Daniilidou E.,Hard,last_month,0,0,0,0.0,1500.0
Daniilidou E.,Carpet,all,3,1,2,0.3333333333333333,1485.6250335231712
Daniilidou E.,Carpet,last_year,0,0,0,0.0,1500.0
Daniilidou E.,Carpet,last_month,0,0,0,0.0,1500.0
Daniilidou E.,Clay,all,21,6,15,0.7142857142857143,1556.293899962618
Daniilidou E.,Clay,last_year,0,0,0,0.0,1500.0
Daniilidou E.,Clay,last_month,0,0,0,0.0,1500.0
Daniilidou E.,Grass,all,13,5,8,0.6153846153846154,1423.8877387603957
Daniilidou E.,Grass,last_year,0,0,0,0.0,1500.0
Daniilidou E.,Grass,last_month,0,0,0,0.0,1500.0
Daniilidou E.,Greenset,all,0,0,0,0.0,1500.0
Daniilidou E.,Greenset,last_year,0,0,0,0.0,1500.0
Daniilidou E.,Greenset,last_month,0,0,0,0.0,1500.0
Stojsavljevic M.,Hard,all,1,0,1,1.0,1479.0519249279116
Stojsavljevic M.,Hard,last_year,1,0,1,1.0,1479.3225913736062
Stojsavljevic M.,Hard,last_month,0,0,0,0.0,1500.0
Stojsavljevic M.,Carpet,all,0,0,0,0.0,1500.0
Stojsavljevic M.,Carpet,last_year,0,0,0,0.0,1500.0
Stojsavljevic M.,Carpet,last_month,0,0,0,0.0,1500.0
Stojsavljevic M.,Clay,all,0,0,0,0.0,1500.0
Stojsavljevic M.,Clay,last_year,0,0,0,0.0,1500.0
Stojsavljevic M.,Clay,last_month,0,0,0,0.0,1500.0
Stojsavljevic M.,Grass,all,1,0,1,1.0,1517.6276236538295
Stojsavljevic M.,Grass,last_year,1,0,1,1.0,1516.5339353911463
Stojsavljevic M.,Grass,last_month,1,0,1,1.0,1515.9398049469046
Stojsavljevic M.,Greenset,all,0,0,0,0.0,1500.0
Stojsavljevic M.,Greenset,last_year,0,0,0,0.0,1500.0
Stojsavljevic M.,Greenset,last_month,0,0,0,0.0,1500.0
Olmos G.,Hard,all,4,0,4,1.0,1474.7104292158638
Olmos G.,Hard,last_year,0,0,0,0.0,1500.0
Olmos G.,Hard,last_month,0,0,0,0.0,1500.0
Olmos G.,Carpet,all,0,0,0,0.0,1500.0
Olmos G.,Carpet,last_year,0,0,0,0.0,1500.0
Olmos G.,Carpet,last_month,0,0,0,0.0,1500.0
Olmos G.,Clay,all,0,0,0,0.0,1500.0
Olmos G.,Clay,last_year,0,0,0,0.0,1500.0
Olmos G.,Clay,last_month,0,0,0,0.0,1500.0
Olmos G.,Grass,all,0,0,0,0.0,1500.0
Olmos G.,Grass,last_year,0,0,0,0.0,1500.0
Olmos G.,Grass,last_month,0,0,0,0.0,1500.0
Olmos G.,Greenset,all,0,0,0,0.0,1500.0
Olmos G.,Greenset,last_year,0,0,0,0.0,1500.0
Olmos G.,Greenset,last_month,0,0,0,0.0,1500.0
Jamrichova R.,Hard,all,2,0,2,1.0,1505.5264014671968
Jamrichova R.,Hard,last_year,2,0,2,1.0,1504.302696194917
Jamrichova R.,Hard,last_month,0,0,0,0.0,1500.0
Jamrichova R.,Carpet,all,0,0,0,0.0,1500.0
Jamrichova R.,Carpet,last_year,0,0,0,0.0,1500.0
Jamrichova R.,Carpet,last_month,0,0,0,0.0,1500.0
Jamrichova R.,Clay,all,1,0,1,1.0,1488.144869015132
Jamrichova R.,Clay,last_year,1,0,1,1.0,1483.263693206478
Jamrichova R.,Clay,last_month,0,0,0,0.0,1500.0
Jamrichova R.,Grass,all,0,0,0,0.0,1500.0
Jamrichova R.,Grass,last_year,0,0,0,0.0,1500.0
Jamrichova R.,Grass,last_month,0,0,0,0.0,1500.0
Jamrichova R.,Greenset,all,0,0,0,0.0,1500.0
Jamrichova R.,Greenset,last_year,0,0,0,0.0,1500.0
Jamrichova R.,Greenset,last_month,0,0,0,0.0,1500.0
Kartal S.,Hard,all,10,7,3,0.3,1460.9500097769185
Kartal S.,Hard,last_year,10,7,3,0.3,1465.0732593632354
Kartal S.,Hard,last_month,0,0,0,0.0,1500.0
Kartal S.,Carpet,all,0,0,0,0.0,1500.0
Kartal S.,Carpet,last_year,0,0,0,0.0,1500.0
Kartal S.,Carpet,last_month,0,0,0,0.0,1500.0
Kartal S.,Clay,all,7,3,4,0.5714285714285714,1508.3915680487248
Kartal S.,Clay,last_year,7,3,4,0.5714285714285714,1509.6700556639262
Kartal S.,Clay,last_month,0,0,0,0.0,1500.0
Kartal S.,Grass,all,17,7,10,0.5882352941176471,1389.3595906656087
Kartal S.,Grass,last_year,12,7,5,0.4166666666666667,1429.3183893990758
Kartal S.,Grass,last_month,9,5,4,0.4444444444444444,1458.8308100387778
Kartal S.,Greenset,all,0,0,0,0.0,1500.0
Kartal S.,Greenset,last_year,0,0,0,0.0,1500.0
Kartal S.,Greenset,last_month,0,0,0,0.0,1500.0
Talaba G.,Hard,all,0,0,0,0.0,1500.0
Talaba G.,Hard,last_year,0,0,0,0.0,1500.0
Talaba G.,Hard,last_month,0,0,0,0.0,1500.0
Talaba G.,Carpet,all,0,0,0,0.0,1500.0
Talaba G.,Carpet,last_year,0,0,0,0.0,1500.0
Talaba G.,Carpet,last_month,0,0,0,0.0,1500.0
Talaba G.,Clay,all,1,0,1,1.0,1517.3368352624022
Talaba G.,Clay,last_year,0,0,0,0.0,1500.0
Talaba G.,Clay,last_month,0,0,0,0.0,1500.0
Talaba G.,Grass,all,0,0,0,0.0,1500.0
Talaba G.,Grass,last_year,0,0,0,0.0,1500.0
Talaba G.,Grass,last_month,0,0,0,0.0,1500.0
Talaba G.,Greenset,all,0,0,0,0.0,1500.0
Talaba G.,Greenset,last_year,0,0,0,0.0,1500.0
Talaba G.,Greenset,last_month,0,0,0,0.0,1500.0
Cravero J.,Hard,all,4,0,4,1.0,1466.9677542119696
Cravero J.,Hard,last_year,0,0,0,0.0,1500.0
Cravero J.,Hard,last_month,0,0,0,0.0,1500.0
Cravero J.,Carpet,all,0,0,0,0.0,1500.0
Cravero J.,Carpet,last_year,0,0,0,0.0,1500.0
Cravero J.,Carpet,last_month,0,0,0,0.0,1500.0
Cravero J.,Clay,all,3,1,2,0.6666666666666666,1547.726447985266
Cravero J.,Clay,last_year,0,0,0,0.0,1500.0
Cravero J.,Clay,last_month,0,0,0,0.0,1500.0
Cravero J.,Grass,all,1,0,1,1.0,1514.8315896596941
Cravero J.,Grass,last_year,0,0,0,0.0,1500.0
Cravero J.,Grass,last_month,0,0,0,0.0,1500.0
Cravero J.,Greenset,all,0,0,0,0.0,1500.0
Cravero J.,Greenset,last_year,0,0,0,0.0,1500.0
Cravero J.,Greenset,last_month,0,0,0,0.0,1500.0
Zahlavova Strycova B..,Hard,all,10,3,7,0.7,1469.335080144323
Zahlavova Strycova B..,Hard,last_year,0,0,0,0.0,1500.0
Zahlavova Strycova B..,Hard,last_month,0,0,0,0.0,1500.0
Zahlavova Strycova B..,Carpet,all,0,0,0,0.0,1500.0
Zahlavova Strycova B..,Carpet,last_year,0,0,0,0.0,1500.0
Zahlavova Strycova B..,Carpet,last_month,0,0,0,0.0,1500.0
Zahlavova Strycova B..,Clay,all,9,4,5,0.5555555555555556,1458.526549426782
Zahlavova Strycova B..,Clay,last_year,0,0,0,0.0,1500.0
Zahlavova Strycova B..,Clay,last_month,0,0,0,0.0,1500.0
Zahlavova Strycova B..,Grass,all,3,1,2,0.6666666666666666,1545.554779944689
Zahlavova Strycova B..,Grass,last_year,0,0,0,0.0,1500.0
Zahlavova Strycova B..,Grass,last_month,0,0,0,0.0,1500.0
Zahlavova Strycova B..,Greenset,all,0,0,0,0.0,1500.0
Zahlavova Strycova B..,Greenset,last_year,0,0,0,0.0,1500.0
Zahlavova Strycova B..,Greenset,last_month,0,0,0,0.0,1500.0
Kostovic T.,Hard,all,0,0,0,0.0,1500.0
Kostovic T.,Hard,last_year,0,0,0,0.0,1500.0
Kostovic T.,Hard,last_month,0,0,0,0.0,1500.0
Kostovic T.,Carpet,all,0,0,0,0.0,1500.0
Kostovic T.,Carpet,last_year,0,0,0,0.0,1500.0
Kostovic T.,Carpet,last_month,0,0,0,0.0,1500.0
Kostovic T.,Clay,all,1,0,1,1.0,1517.6235538558626
Kostovic T.,Clay,last_year,1,0,1,1.0,1515.0573513056268
Kostovic T.,Clay,last_month,0,0,0,0.0,1500.0
Kostovic T.,Grass,all,0,0,0,0.0,1500.0
Kostovic T.,Grass,last_year,0,0,0,0.0,1500.0
Kostovic T.,Grass,last_month,0,0,0,0.0,1500.0
Kostovic T.,Greenset,all,0,0,0,0.0,1500.0
Kostovic T.,Greenset,last_year,0,0,0,0.0,1500.0
Kostovic T.,Greenset,last_month,0,0,0,0.0,1500.0
Johansson M.,Hard,all,35,8,27,0.7714285714285715,1563.5612597667111
Johansson M.,Hard,last_year,0,0,0,0.0,1500.0
Johansson M.,Hard,last_month,0,0,0,0.0,1500.0
Johansson M.,Carpet,all,0,0,0,0.0,1500.0
Johansson M.,Carpet,last_year,0,0,0,0.0,1500.0
Johansson M.,Carpet,last_month,0,0,0,0.0,1500.0
Johansson M.,Clay,all,70,29,41,0.5857142857142857,1498.4950651832119
Johansson M.,Clay,last_year,0,0,0,0.0,1500.0
Johansson M.,Clay,last_month,0,0,0,0.0,1500.0
Johansson M.,Grass,all,11,5,6,0.5454545454545454,1505.9684231211827
Johansson M.,Grass,last_year,0,0,0,0.0,1500.0
Johansson M.,Grass,last_month,0,0,0,0.0,1500.0
Johansson M.,Greenset,all,0,0,0,0.0,1500.0
Johansson M.,Greenset,last_year,0,0,0,0.0,1500.0
Johansson M.,Greenset,last_month,0,0,0,0.0,1500.0
Koevermans A.,Hard,all,0,0,0,0.0,1500.0
Koevermans A.,Hard,last_year,0,0,0,0.0,1500.0
Koevermans A.,Hard,last_month,0,0,0,0.0,1500.0
Koevermans A.,Carpet,all,0,0,0,0.0,1500.0
Koevermans A.,Carpet,last_year,0,0,0,0.0,1500.0
Koevermans A.,Carpet,last_month,0,0,0,0.0,1500.0
Koevermans A.,Clay,all,0,0,0,0.0,1500.0
Koevermans A.,Clay,last_year,0,0,0,0.0,1500.0
Koevermans A.,Clay,last_month,0,0,0,0.0,1500.0
Koevermans A.,Grass,all,1,0,1,1.0,1516.068154454386
Koevermans A.,Grass,last_year,1,0,1,1.0,1518.130088718727
Koevermans A.,Grass,last_month,1,0,1,1.0,1516.0
Koevermans A.,Greenset,all,0,0,0,0.0,1500.0
Koevermans A.,Greenset,last_year,0,0,0,0.0,1500.0
Koevermans A.,Greenset,last_month,0,0,0,0.0,1500.0
Bolsova Zadoinov A.,Hard,all,0,0,0,0.0,1500.0
Bolsova Zadoinov A.,Hard,last_year,0,0,0,0.0,1500.0
Bolsova Zadoinov A.,Hard,last_month,0,0,0,0.0,1500.0
Bolsova Zadoinov A.,Carpet,all,0,0,0,0.0,1500.0
Bolsova Zadoinov A.,Carpet,last_year,0,0,0,0.0,1500.0
Bolsova Zadoinov A.,Carpet,last_month,0,0,0,0.0,1500.0
Bolsova Zadoinov A.,Clay,all,5,2,3,0.6,1483.2171823175097
Bolsova Zadoinov A.,Clay,last_year,2,1,1,0.5,1527.0830507225753
Bolsova Zadoinov A.,Clay,last_month,0,0,0,0.0,1500.0
Bolsova Zadoinov A.,Grass,all,0,0,0,0.0,1500.0
Bolsova Zadoinov A.,Grass,last_year,0,0,0,0.0,1500.0
Bolsova Zadoinov A.,Grass,last_month,0,0,0,0.0,1500.0
Bolsova Zadoinov A.,Greenset,all,0,0,0,0.0,1500.0
Bolsova Zadoinov A.,Greenset,last_year,0,0,0,0.0,1500.0
Bolsova Zadoinov A.,Greenset,last_month,0,0,0,0.0,1500.0
Masarova R.,Hard,all,35,17,18,0.5142857142857142,1491.1210945981136
Masarova R.,Hard,last_year,7,4,3,0.42857142857142855,1483.5073335413008
Masarova R.,Hard,last_month,0,0,0,0.0,1500.0
Masarova R.,Carpet,all,0,0,0,0.0,1500.0
Masarova R.,Carpet,last_year,0,0,0,0.0,1500.0
Masarova R.,Carpet,last_month,0,0,0,0.0,1500.0
Masarova R.,Clay,all,20,9,11,0.55,1463.7381127098677
Masarova R.,Clay,last_year,7,4,3,0.42857142857142855,1484.6578112954494
Masarova R.,Clay,last_month,0,0,0,0.0,1500.0
Masarova R.,Grass,all,11,4,7,0.6363636363636364,1546.1986243500435
Masarova R.,Grass,last_year,3,1,2,0.6666666666666666,1545.1281248226185
Masarova R.,Grass,last_month,2,1,1,0.5,1531.263693206478
Masarova R.,Greenset,all,0,0,0,0.0,1500.0
Masarova R.,Greenset,last_year,0,0,0,0.0,1500.0
Masarova R.,Greenset,last_month,0,0,0,0.0,1500.0
Herazo Gonzalez M.,Hard,all,0,0,0,0.0,1500.0
Herazo Gonzalez M.,Hard,last_year,0,0,0,0.0,1500.0
Herazo Gonzalez M.,Hard,last_month,0,0,0,0.0,1500.0
Herazo Gonzalez M.,Carpet,all,0,0,0,0.0,1500.0
Herazo Gonzalez M.,Carpet,last_year,0,0,0,0.0,1500.0
Herazo Gonzalez M.,Carpet,last_month,0,0,0,0.0,1500.0
Herazo Gonzalez M.,Clay,all,4,1,3,0.75,1502.0243870918866
Herazo Gonzalez M.,Clay,last_year,0,0,0,0.0,1500.0
Herazo Gonzalez M.,Clay,last_month,0,0,0,0.0,1500.0
Herazo Gonzalez M.,Grass,all,0,0,0,0.0,1500.0
Herazo Gonzalez M.,Grass,last_year,0,0,0,0.0,1500.0
Herazo Gonzalez M.,Grass,last_month,0,0,0,0.0,1500.0
Herazo Gonzalez M.,Greenset,all,0,0,0,0.0,1500.0
Herazo Gonzalez M.,Greenset,last_year,0,0,0,0.0,1500.0
Herazo Gonzalez M.,Greenset,last_month,0,0,0,0.0,1500.0
Tulyaganova I.,Hard,all,3,0,3,1.0,1480.356736785122
Tulyaganova I.,Hard,last_year,0,0,0,0.0,1500.0
Tulyaganova I.,Hard,last_month,0,0,0,0.0,1500.0
Tulyaganova I.,Carpet,all,0,0,0,0.0,1500.0
Tulyaganova I.,Carpet,last_year,0,0,0,0.0,1500.0
Tulyaganova I.,Carpet,last_month,0,0,0,0.0,1500.0
Tulyaganova I.,Clay,all,0,0,0,0.0,1500.0
Tulyaganova I.,Clay,last_year,0,0,0,0.0,1500.0
Tulyaganova I.,Clay,last_month,0,0,0,0.0,1500.0
Tulyaganova I.,Grass,all,0,0,0,0.0,1500.0
Tulyaganova I.,Grass,last_year,0,0,0,0.0,1500.0
Tulyaganova I.,Grass,last_month,0,0,0,0.0,1500.0
Tulyaganova I.,Greenset,all,0,0,0,0.0,1500.0
Tulyaganova I.,Greenset,last_year,0,0,0,0.0,1500.0
Tulyaganova I.,Greenset,last_month,0,0,0,0.0,1500.0
Gao X.,Hard,all,7,1,6,0.8571428571428571,1485.843616463904
Gao X.,Hard,last_year,4,1,3,0.75,1500.1995406258247
Gao X.,Hard,last_month,0,0,0,0.0,1500.0
Gao X.,Carpet,all,0,0,0,0.0,1500.0
Gao X.,Carpet,last_year,0,0,0,0.0,1500.0
Gao X.,Carpet,last_month,0,0,0,0.0,1500.0
Gao X.,Clay,all,0,0,0,0.0,1500.0
Gao X.,Clay,last_year,0,0,0,0.0,1500.0
Gao X.,Clay,last_month,0,0,0,0.0,1500.0
Gao X.,Grass,all,0,0,0,0.0,1500.0
Gao X.,Grass,last_year,0,0,0,0.0,1500.0
Gao X.,Grass,last_month,0,0,0,0.0,1500.0
Gao X.,Greenset,all,0,0,0,0.0,1500.0
Gao X.,Greenset,last_year,0,0,0,0.0,1500.0
Gao X.,Greenset,last_month,0,0,0,0.0,1500.0
Parry D.,Hard,all,51,23,28,0.5490196078431373,1557.4526710131042
Parry D.,Hard,last_year,15,7,8,0.5333333333333333,1577.235249084057
Parry D.,Hard,last_month,0,0,0,0.0,1500.0
Parry D.,Carpet,all,0,0,0,0.0,1500.0
Parry D.,Carpet,last_year,0,0,0,0.0,1500.0
Parry D.,Carpet,last_month,0,0,0,0.0,1500.0
Parry D.,Clay,all,35,16,19,0.5428571428571428,1621.4455800332603
Parry D.,Clay,last_year,10,5,5,0.5,1582.8615890841838
Parry D.,Clay,last_month,0,0,0,0.0,1500.0
Parry D.,Grass,all,14,8,6,0.42857142857142855,1438.5628396585125
Parry D.,Grass,last_year,4,2,2,0.5,1461.398711121723
Parry D.,Grass,last_month,3,2,1,0.3333333333333333,1450.429665643844
Parry D.,Greenset,all,0,0,0,0.0,1500.0
Parry D.,Greenset,last_year,0,0,0,0.0,1500.0
Parry D.,Greenset,last_month,0,0,0,0.0,1500.0
Vickery S.,Hard,all,56,24,32,0.5714285714285714,1501.6632459003931
Vickery S.,Hard,last_year,1,0,1,1.0,1482.542384832321
Vickery S.,Hard,last_month,0,0,0,0.0,1500.0
Vickery S.,Carpet,all,0,0,0,0.0,1500.0
Vickery S.,Carpet,last_year,0,0,0,0.0,1500.0
Vickery S.,Carpet,last_month,0,0,0,0.0,1500.0
Vickery S.,Clay,all,24,7,17,0.7083333333333334,1539.1306639045397
Vickery S.,Clay,last_year,0,0,0,0.0,1500.0
Vickery S.,Clay,last_month,0,0,0,0.0,1500.0
Vickery S.,Grass,all,10,4,6,0.6,1488.1486939738718
Vickery S.,Grass,last_year,0,0,0,0.0,1500.0
Vickery S.,Grass,last_month,0,0,0,0.0,1500.0
Vickery S.,Greenset,all,0,0,0,0.0,1500.0
Vickery S.,Greenset,last_year,0,0,0,0.0,1500.0
Vickery S.,Greenset,last_month,0,0,0,0.0,1500.0
Mueller A.,Hard,all,2,0,2,1.0,1536.4064147149463
Mueller A.,Hard,last_year,0,0,0,0.0,1500.0
Mueller A.,Hard,last_month,0,0,0,0.0,1500.0
Mueller A.,Carpet,all,0,0,0,0.0,1500.0
Mueller A.,Carpet,last_year,0,0,0,0.0,1500.0
Mueller A.,Carpet,last_month,0,0,0,0.0,1500.0
Mueller A.,Clay,all,0,0,0,0.0,1500.0
Mueller A.,Clay,last_year,0,0,0,0.0,1500.0
Mueller A.,Clay,last_month,0,0,0,0.0,1500.0
Mueller A.,Grass,all,0,0,0,0.0,1500.0
Mueller A.,Grass,last_year,0,0,0,0.0,1500.0
Mueller A.,Grass,last_month,0,0,0,0.0,1500.0
Mueller A.,Greenset,all,0,0,0,0.0,1500.0
Mueller A.,Greenset,last_year,0,0,0,0.0,1500.0
Mueller A.,Greenset,last_month,0,0,0,0.0,1500.0
Muramatsu C.,Hard,all,1,0,1,1.0,1483.7413261209938
Muramatsu C.,Hard,last_year,0,0,0,0.0,1500.0
Muramatsu C.,Hard,last_month,0,0,0,0.0,1500.0
Muramatsu C.,Carpet,all,0,0,0,0.0,1500.0
Muramatsu C.,Carpet,last_year,0,0,0,0.0,1500.0
Muramatsu C.,Carpet,last_month,0,0,0,0.0,1500.0
Muramatsu C.,Clay,all,0,0,0,0.0,1500.0
Muramatsu C.,Clay,last_year,0,0,0,0.0,1500.0
Muramatsu C.,Clay,last_month,0,0,0,0.0,1500.0
Muramatsu C.,Grass,all,0,0,0,0.0,1500.0
Muramatsu C.,Grass,last_year,0,0,0,0.0,1500.0
Muramatsu C.,Grass,last_month,0,0,0,0.0,1500.0
Muramatsu C.,Greenset,all,0,0,0,0.0,1500.0
Muramatsu C.,Greenset,last_year,0,0,0,0.0,1500.0
Muramatsu C.,Greenset,last_month,0,0,0,0.0,1500.0
Knoll X.,Hard,all,0,0,0,0.0,1500.0
Knoll X.,Hard,last_year,0,0,0,0.0,1500.0
Knoll X.,Hard,last_month,0,0,0,0.0,1500.0
Knoll X.,Carpet,all,0,0,0,0.0,1500.0
Knoll X.,Carpet,last_year,0,0,0,0.0,1500.0
Knoll X.,Carpet,last_month,0,0,0,0.0,1500.0
Knoll X.,Clay,all,1,0,1,1.0,1485.6275942548132
Knoll X.,Clay,last_year,0,0,0,0.0,1500.0
Knoll X.,Clay,last_month,0,0,0,0.0,1500.0
Knoll X.,Grass,all,0,0,0,0.0,1500.0
Knoll X.,Grass,last_year,0,0,0,0.0,1500.0
Knoll X.,Grass,last_month,0,0,0,0.0,1500.0
Knoll X.,Greenset,all,0,0,0,0.0,1500.0
Knoll X.,Greenset,last_year,0,0,0,0.0,1500.0
Knoll X.,Greenset,last_month,0,0,0,0.0,1500.0
Pelletier M.E.,Hard,all,8,1,7,0.875,1438.4635805585383
Pelletier M.E.,Hard,last_year,0,0,0,0.0,1500.0
Pelletier M.E.,Hard,last_month,0,0,0,0.0,1500.0
Pelletier M.E.,Carpet,all,0,0,0,0.0,1500.0
Pelletier M.E.,Carpet,last_year,0,0,0,0.0,1500.0
Pelletier M.E.,Carpet,last_month,0,0,0,0.0,1500.0
Pelletier M.E.,Clay,all,1,0,1,1.0,1484.2118352738498
Pelletier M.E.,Clay,last_year,0,0,0,0.0,1500.0
Pelletier M.E.,Clay,last_month,0,0,0,0.0,1500.0
Pelletier M.E.,Grass,all,0,0,0,0.0,1500.0
Pelletier M.E.,Grass,last_year,0,0,0,0.0,1500.0
Pelletier M.E.,Grass,last_month,0,0,0,0.0,1500.0
Pelletier M.E.,Greenset,all,0,0,0,0.0,1500.0
Pelletier M.E.,Greenset,last_year,0,0,0,0.0,1500.0
Pelletier M.E.,Greenset,last_month,0,0,0,0.0,1500.0
Cocciaretto E.,Hard,all,63,23,40,0.6349206349206349,1347.9695557171265
Cocciaretto E.,Hard,last_year,20,6,14,0.7,1375.7114139092687
Cocciaretto E.,Hard,last_month,0,0,0,0.0,1500.0
Cocciaretto E.,Carpet,all,0,0,0,0.0,1500.0
Cocciaretto E.,Carpet,last_year,0,0,0,0.0,1500.0
Cocciaretto E.,Carpet,last_month,0,0,0,0.0,1500.0
Cocciaretto E.,Clay,all,51,24,27,0.5294117647058824,1512.8972988284493
Cocciaretto E.,Clay,last_year,7,2,5,0.7142857142857143,1518.4135770896435
Cocciaretto E.,Clay,last_month,0,0,0,0.0,1500.0
Cocciaretto E.,Grass,all,18,11,7,0.3888888888888889,1430.1108156766072
Cocciaretto E.,Grass,last_year,8,5,3,0.375,1422.6697597690454
Cocciaretto E.,Grass,last_month,8,5,3,0.375,1421.7323516001022
Cocciaretto E.,Greenset,all,0,0,0,0.0,1500.0
Cocciaretto E.,Greenset,last_year,0,0,0,0.0,1500.0
Cocciaretto E.,Greenset,last_month,0,0,0,0.0,1500.0
Morderger Y.,Hard,all,0,0,0,0.0,1500.0
Morderger Y.,Hard,last_year,0,0,0,0.0,1500.0
Morderger Y.,Hard,last_month,0,0,0,0.0,1500.0
Morderger Y.,Carpet,all,0,0,0,0.0,1500.0
Morderger Y.,Carpet,last_year,0,0,0,0.0,1500.0
Morderger Y.,Carpet,last_month,0,0,0,0.0,1500.0
Morderger Y.,Clay,all,1,0,1,1.0,1516.2707204113526
Morderger Y.,Clay,last_year,0,0,0,0.0,1500.0
Morderger Y.,Clay,last_month,0,0,0,0.0,1500.0
Morderger Y.,Grass,all,0,0,0,0.0,1500.0
Morderger Y.,Grass,last_year,0,0,0,0.0,1500.0
Morderger Y.,Grass,last_month,0,0,0,0.0,1500.0
Morderger Y.,Greenset,all,0,0,0,0.0,1500.0
Morderger Y.,Greenset,last_year,0,0,0,0.0,1500.0
Morderger Y.,Greenset,last_month,0,0,0,0.0,1500.0
Golubic V.,Hard,all,126,54,72,0.5714285714285714,1446.9340988802046
Golubic V.,Hard,last_year,15,6,9,0.6,1493.6768126936954
Golubic V.,Hard,last_month,0,0,0,0.0,1500.0
Golubic V.,Carpet,all,0,0,0,0.0,1500.0
Golubic V.,Carpet,last_year,0,0,0,0.0,1500.0
Golubic V.,Carpet,last_month,0,0,0,0.0,1500.0
Golubic V.,Clay,all,49,19,30,0.6122448979591837,1463.0799078007974
Golubic V.,Clay,last_year,3,1,2,0.6666666666666666,1546.4396607385129
Golubic V.,Clay,last_month,0,0,0,0.0,1500.0
Golubic V.,Grass,all,40,19,21,0.525,1424.3713869273308
Golubic V.,Grass,last_year,2,0,2,1.0,1469.4170382843758
Golubic V.,Grass,last_month,1,0,1,1.0,1484.7039447873462
Golubic V.,Greenset,all,0,0,0,0.0,1500.0
Golubic V.,Greenset,last_year,0,0,0,0.0,1500.0
Golubic V.,Greenset,last_month,0,0,0,0.0,1500.0
Plazas J.,Hard,all,0,0,0,0.0,1500.0
Plazas J.,Hard,last_year,0,0,0,0.0,1500.0
Plazas J.,Hard,last_month,0,0,0,0.0,1500.0
Plazas J.,Carpet,all,0,0,0,0.0,1500.0
Plazas J.,Carpet,last_year,0,0,0,0.0,1500.0
Plazas J.,Carpet,last_month,0,0,0,0.0,1500.0
Plazas J.,Clay,all,1,0,1,1.0,1487.1816910683922
Plazas J.,Clay,last_year,0,0,0,0.0,1500.0
Plazas J.,Clay,last_month,0,0,0,0.0,1500.0
Plazas J.,Grass,all,0,0,0,0.0,1500.0
Plazas J.,Grass,last_year,0,0,0,0.0,1500.0
Plazas J.,Grass,last_month,0,0,0,0.0,1500.0
Plazas J.,Greenset,all,0,0,0,0.0,1500.0
Plazas J.,Greenset,last_year,0,0,0,0.0,1500.0
Plazas J.,Greenset,last_month,0,0,0,0.0,1500.0
Rezai A. ,Hard,all,3,3,0,1.0,1515.2681981646765
Rezai A. ,Hard,last_year,0,0,0,0.0,1500.0
Rezai A. ,Hard,last_month,0,0,0,0.0,1500.0
Rezai A. ,Carpet,all,0,0,0,0.0,1500.0
Rezai A. ,Carpet,last_year,0,0,0,0.0,1500.0
Rezai A. ,Carpet,last_month,0,0,0,0.0,1500.0
Rezai A. ,Clay,all,0,0,0,0.0,1500.0
Rezai A. ,Clay,last_year,0,0,0,0.0,1500.0
Rezai A. ,Clay,last_month,0,0,0,0.0,1500.0
Rezai A. ,Grass,all,0,0,0,0.0,1500.0
Rezai A. ,Grass,last_year,0,0,0,0.0,1500.0
Rezai A. ,Grass,last_month,0,0,0,0.0,1500.0
Rezai A. ,Greenset,all,0,0,0,0.0,1500.0
Rezai A. ,Greenset,last_year,0,0,0,0.0,1500.0
Rezai A. ,Greenset,last_month,0,0,0,0.0,1500.0
Plipuech P.,Hard,all,7,1,6,0.8571428571428571,1490.2138024024432
Plipuech P.,Hard,last_year,0,0,0,0.0,1500.0
Plipuech P.,Hard,last_month,0,0,0,0.0,1500.0
Plipuech P.,Carpet,all,0,0,0,0.0,1500.0
Plipuech P.,Carpet,last_year,0,0,0,0.0,1500.0
Plipuech P.,Carpet,last_month,0,0,0,0.0,1500.0
Plipuech P.,Clay,all,0,0,0,0.0,1500.0
Plipuech P.,Clay,last_year,0,0,0,0.0,1500.0
Plipuech P.,Clay,last_month,0,0,0,0.0,1500.0
Plipuech P.,Grass,all,0,0,0,0.0,1500.0
Plipuech P.,Grass,last_year,0,0,0,0.0,1500.0
Plipuech P.,Grass,last_month,0,0,0,0.0,1500.0
Plipuech P.,Greenset,all,0,0,0,0.0,1500.0
Plipuech P.,Greenset,last_year,0,0,0,0.0,1500.0
Plipuech P.,Greenset,last_month,0,0,0,0.0,1500.0
El Aouni A.,Hard,all,0,0,0,0.0,1500.0
El Aouni A.,Hard,last_year,0,0,0,0.0,1500.0
El Aouni A.,Hard,last_month,0,0,0,0.0,1500.0
El Aouni A.,Carpet,all,0,0,0,0.0,1500.0
El Aouni A.,Carpet,last_year,0,0,0,0.0,1500.0
El Aouni A.,Carpet,last_month,0,0,0,0.0,1500.0
El Aouni A.,Clay,all,3,0,3,1.0,1516.35297359471
El Aouni A.,Clay,last_year,1,0,1,1.0,1516.0
El Aouni A.,Clay,last_month,0,0,0,0.0,1500.0
El Aouni A.,Grass,all,0,0,0,0.0,1500.0
El Aouni A.,Grass,last_year,0,0,0,0.0,1500.0
El Aouni A.,Grass,last_month,0,0,0,0.0,1500.0
El Aouni A.,Greenset,all,0,0,0,0.0,1500.0
El Aouni A.,Greenset,last_year,0,0,0,0.0,1500.0
El Aouni A.,Greenset,last_month,0,0,0,0.0,1500.0
Perrin C.,Hard,all,2,0,2,1.0,1502.6520485555673
Perrin C.,Hard,last_year,0,0,0,0.0,1500.0
Perrin C.,Hard,last_month,0,0,0,0.0,1500.0
Perrin C.,Carpet,all,0,0,0,0.0,1500.0
Perrin C.,Carpet,last_year,0,0,0,0.0,1500.0
Perrin C.,Carpet,last_month,0,0,0,0.0,1500.0
Perrin C.,Clay,all,11,2,9,0.8181818181818182,1464.4708747352472
Perrin C.,Clay,last_year,0,0,0,0.0,1500.0
Perrin C.,Clay,last_month,0,0,0,0.0,1500.0
Perrin C.,Grass,all,1,0,1,1.0,1483.1047106458443
Perrin C.,Grass,last_year,0,0,0,0.0,1500.0
Perrin C.,Grass,last_month,0,0,0,0.0,1500.0
Perrin C.,Greenset,all,0,0,0,0.0,1500.0
Perrin C.,Greenset,last_year,0,0,0,0.0,1500.0
Perrin C.,Greenset,last_month,0,0,0,0.0,1500.0
Huck V.,Hard,all,0,0,0,0.0,1500.0
Huck V.,Hard,last_year,0,0,0,0.0,1500.0
Huck V.,Hard,last_month,0,0,0,0.0,1500.0
Huck V.,Carpet,all,0,0,0,0.0,1500.0
Huck V.,Carpet,last_year,0,0,0,0.0,1500.0
Huck V.,Carpet,last_month,0,0,0,0.0,1500.0
Huck V.,Clay,all,1,0,1,1.0,1484.913872409535
Huck V.,Clay,last_year,0,0,0,0.0,1500.0
Huck V.,Clay,last_month,0,0,0,0.0,1500.0
Huck V.,Grass,all,0,0,0,0.0,1500.0
Huck V.,Grass,last_year,0,0,0,0.0,1500.0
Huck V.,Grass,last_month,0,0,0,0.0,1500.0
Huck V.,Greenset,all,0,0,0,0.0,1500.0
Huck V.,Greenset,last_year,0,0,0,0.0,1500.0
Huck V.,Greenset,last_month,0,0,0,0.0,1500.0
Peers S.,Hard,all,7,2,5,0.7142857142857143,1511.682035582178
Peers S.,Hard,last_year,0,0,0,0.0,1500.0
Peers S.,Hard,last_month,0,0,0,0.0,1500.0
Peers S.,Carpet,all,0,0,0,0.0,1500.0
Peers S.,Carpet,last_year,0,0,0,0.0,1500.0
Peers S.,Carpet,last_month,0,0,0,0.0,1500.0
Peers S.,Clay,all,0,0,0,0.0,1500.0
Peers S.,Clay,last_year,0,0,0,0.0,1500.0
Peers S.,Clay,last_month,0,0,0,0.0,1500.0
Peers S.,Grass,all,0,0,0,0.0,1500.0
Peers S.,Grass,last_year,0,0,0,0.0,1500.0
Peers S.,Grass,last_month,0,0,0,0.0,1500.0
Peers S.,Greenset,all,0,0,0,0.0,1500.0
Peers S.,Greenset,last_year,0,0,0,0.0,1500.0
Peers S.,Greenset,last_month,0,0,0,0.0,1500.0
Evtimova D.,Hard,all,0,0,0,0.0,1500.0
Evtimova D.,Hard,last_year,0,0,0,0.0,1500.0
Evtimova D.,Hard,last_month,0,0,0,0.0,1500.0
Evtimova D.,Carpet,all,0,0,0,0.0,1500.0
Evtimova D.,Carpet,last_year,0,0,0,0.0,1500.0
Evtimova D.,Carpet,last_month,0,0,0,0.0,1500.0
Evtimova D.,Clay,all,10,4,6,0.6,1489.676208035601
Evtimova D.,Clay,last_year,0,0,0,0.0,1500.0
Evtimova D.,Clay,last_month,0,0,0,0.0,1500.0
Evtimova D.,Grass,all,0,0,0,0.0,1500.0
Evtimova D.,Grass,last_year,0,0,0,0.0,1500.0
Evtimova D.,Grass,last_month,0,0,0,0.0,1500.0
Evtimova D.,Greenset,all,0,0,0,0.0,1500.0
Evtimova D.,Greenset,last_year,0,0,0,0.0,1500.0
Evtimova D.,Greenset,last_month,0,0,0,0.0,1500.0
Bammer S.,Hard,all,136,72,64,0.47058823529411764,1520.1953812077825
Bammer S.,Hard,last_year,0,0,0,0.0,1500.0
Bammer S.,Hard,last_month,0,0,0,0.0,1500.0
Bammer S.,Carpet,all,1,0,1,1.0,1516.0
Bammer S.,Carpet,last_year,0,0,0,0.0,1500.0
Bammer S.,Carpet,last_month,0,0,0,0.0,1500.0
Bammer S.,Clay,all,48,25,23,0.4791666666666667,1550.514454657472
Bammer S.,Clay,last_year,0,0,0,0.0,1500.0
Bammer S.,Clay,last_month,0,0,0,0.0,1500.0
Bammer S.,Grass,all,16,6,10,0.625,1484.8107968322192
Bammer S.,Grass,last_year,0,0,0,0.0,1500.0
Bammer S.,Grass,last_month,0,0,0,0.0,1500.0
Bammer S.,Greenset,all,0,0,0,0.0,1500.0
Bammer S.,Greenset,last_year,0,0,0,0.0,1500.0
Bammer S.,Greenset,last_month,0,0,0,0.0,1500.0
Lewis J.,Hard,all,2,0,2,1.0,1468.4190664359137
Lewis J.,Hard,last_year,0,0,0,0.0,1500.0
Lewis J.,Hard,last_month,0,0,0,0.0,1500.0
Lewis J.,Carpet,all,0,0,0,0.0,1500.0
Lewis J.,Carpet,last_year,0,0,0,0.0,1500.0
Lewis J.,Carpet,last_month,0,0,0,0.0,1500.0
Lewis J.,Clay,all,0,0,0,0.0,1500.0
Lewis J.,Clay,last_year,0,0,0,0.0,1500.0
Lewis J.,Clay,last_month,0,0,0,0.0,1500.0
Lewis J.,Grass,all,0,0,0,0.0,1500.0
Lewis J.,Grass,last_year,0,0,0,0.0,1500.0
Lewis J.,Grass,last_month,0,0,0,0.0,1500.0
Lewis J.,Greenset,all,0,0,0,0.0,1500.0
Lewis J.,Greenset,last_year,0,0,0,0.0,1500.0
Lewis J.,Greenset,last_month,0,0,0,0.0,1500.0
Lamens S.,Hard,all,23,13,10,0.43478260869565216,1597.6268500113365
Lamens S.,Hard,last_year,23,13,10,0.43478260869565216,1591.1971183490775
Lamens S.,Hard,last_month,0,0,0,0.0,1500.0
Lamens S.,Carpet,all,0,0,0,0.0,1500.0
Lamens S.,Carpet,last_year,0,0,0,0.0,1500.0
Lamens S.,Carpet,last_month,0,0,0,0.0,1500.0
Lamens S.,Clay,all,15,7,8,0.5333333333333333,1556.4094783239764
Lamens S.,Clay,last_year,12,6,6,0.5,1544.4094304892474
Lamens S.,Clay,last_month,0,0,0,0.0,1500.0
Lamens S.,Grass,all,9,4,5,0.5555555555555556,1516.6337588602316
Lamens S.,Grass,last_year,6,3,3,0.5,1502.3759729007186
Lamens S.,Grass,last_month,6,3,3,0.5,1503.5160236388858
Lamens S.,Greenset,all,0,0,0,0.0,1500.0
Lamens S.,Greenset,last_year,0,0,0,0.0,1500.0
Lamens S.,Greenset,last_month,0,0,0,0.0,1500.0
Granillo A.,Hard,all,0,0,0,0.0,1500.0
Granillo A.,Hard,last_year,0,0,0,0.0,1500.0
Granillo A.,Hard,last_month,0,0,0,0.0,1500.0
Granillo A.,Carpet,all,0,0,0,0.0,1500.0
Granillo A.,Carpet,last_year,0,0,0,0.0,1500.0
Granillo A.,Carpet,last_month,0,0,0,0.0,1500.0
Granillo A.,Clay,all,1,0,1,1.0,1481.143516281184
Granillo A.,Clay,last_year,0,0,0,0.0,1500.0
Granillo A.,Clay,last_month,0,0,0,0.0,1500.0
Granillo A.,Grass,all,0,0,0,0.0,1500.0
Granillo A.,Grass,last_year,0,0,0,0.0,1500.0
Granillo A.,Grass,last_month,0,0,0,0.0,1500.0
Granillo A.,Greenset,all,0,0,0,0.0,1500.0
Granillo A.,Greenset,last_year,0,0,0,0.0,1500.0
Granillo A.,Greenset,last_month,0,0,0,0.0,1500.0
Podoroska N.,Hard,all,67,26,41,0.6119402985074627,1589.9534492971018
Podoroska N.,Hard,last_year,12,4,8,0.6666666666666666,1570.3708373522884
Podoroska N.,Hard,last_month,0,0,0,0.0,1500.0
Podoroska N.,Carpet,all,0,0,0,0.0,1500.0
Podoroska N.,Carpet,last_year,0,0,0,0.0,1500.0
Podoroska N.,Carpet,last_month,0,0,0,0.0,1500.0
Podoroska N.,Clay,all,43,19,24,0.5581395348837209,1528.9401499631056
Podoroska N.,Clay,last_year,2,0,2,1.0,1502.0653645529403
Podoroska N.,Clay,last_month,0,0,0,0.0,1500.0
Podoroska N.,Grass,all,11,4,7,0.6363636363636364,1542.245780351068
Podoroska N.,Grass,last_year,1,0,1,1.0,1516.0
Podoroska N.,Grass,last_month,0,0,0,0.0,1500.0
Podoroska N.,Greenset,all,0,0,0,0.0,1500.0
Podoroska N.,Greenset,last_year,0,0,0,0.0,1500.0
Podoroska N.,Greenset,last_month,0,0,0,0.0,1500.0
Garcia Perez G.,Hard,all,6,1,5,0.8333333333333334,1493.5603145403381
Garcia Perez G.,Hard,last_year,0,0,0,0.0,1500.0
Garcia Perez G.,Hard,last_month,0,0,0,0.0,1500.0
Garcia Perez G.,Carpet,all,0,0,0,0.0,1500.0
Garcia Perez G.,Carpet,last_year,0,0,0,0.0,1500.0
Garcia Perez G.,Carpet,last_month,0,0,0,0.0,1500.0
Garcia Perez G.,Clay,all,6,1,5,0.8333333333333334,1523.1759073223793
Garcia Perez G.,Clay,last_year,0,0,0,0.0,1500.0
Garcia Perez G.,Clay,last_month,0,0,0,0.0,1500.0
Garcia Perez G.,Grass,all,3,2,1,0.3333333333333333,1486.5069465137615
Garcia Perez G.,Grass,last_year,0,0,0,0.0,1500.0
Garcia Perez G.,Grass,last_month,0,0,0,0.0,1500.0
Garcia Perez G.,Greenset,all,0,0,0,0.0,1500.0
Garcia Perez G.,Greenset,last_year,0,0,0,0.0,1500.0
Garcia Perez G.,Greenset,last_month,0,0,0,0.0,1500.0
Grammatikopoulou V.,Hard,all,8,1,7,0.875,1498.3696551834282
Grammatikopoulou V.,Hard,last_year,0,0,0,0.0,1500.0
Grammatikopoulou V.,Hard,last_month,0,0,0,0.0,1500.0
Grammatikopoulou V.,Carpet,all,0,0,0,0.0,1500.0
Grammatikopoulou V.,Carpet,last_year,0,0,0,0.0,1500.0
Grammatikopoulou V.,Carpet,last_month,0,0,0,0.0,1500.0
Grammatikopoulou V.,Clay,all,7,1,6,0.8571428571428571,1510.3324671401292
Grammatikopoulou V.,Clay,last_year,0,0,0,0.0,1500.0
Grammatikopoulou V.,Clay,last_month,0,0,0,0.0,1500.0
Grammatikopoulou V.,Grass,all,1,0,1,1.0,1484.3246797176012
Grammatikopoulou V.,Grass,last_year,0,0,0,0.0,1500.0
Grammatikopoulou V.,Grass,last_month,0,0,0,0.0,1500.0
Grammatikopoulou V.,Greenset,all,0,0,0,0.0,1500.0
Grammatikopoulou V.,Greenset,last_year,0,0,0,0.0,1500.0
Grammatikopoulou V.,Greenset,last_month,0,0,0,0.0,1500.0
Tikhonova A.,Hard,all,2,0,2,1.0,1503.1331452590455
Tikhonova A.,Hard,last_year,1,0,1,1.0,1516.0
Tikhonova A.,Hard,last_month,0,0,0,0.0,1500.0
Tikhonova A.,Carpet,all,0,0,0,0.0,1500.0
Tikhonova A.,Carpet,last_year,0,0,0,0.0,1500.0
Tikhonova A.,Carpet,last_month,0,0,0,0.0,1500.0
Tikhonova A.,Clay,all,2,0,2,1.0,1475.049842049494
Tikhonova A.,Clay,last_year,1,0,1,1.0,1484.0
Tikhonova A.,Clay,last_month,0,0,0,0.0,1500.0
Tikhonova A.,Grass,all,1,0,1,1.0,1515.530822583332
Tikhonova A.,Grass,last_year,0,0,0,0.0,1500.0
Tikhonova A.,Grass,last_month,0,0,0,0.0,1500.0
Tikhonova A.,Greenset,all,0,0,0,0.0,1500.0
Tikhonova A.,Greenset,last_year,0,0,0,0.0,1500.0
Tikhonova A.,Greenset,last_month,0,0,0,0.0,1500.0
Groenefeld A.L.,Hard,all,49,17,32,0.6530612244897959,1423.5091027930914
Groenefeld A.L.,Hard,last_year,0,0,0,0.0,1500.0
Groenefeld A.L.,Hard,last_month,0,0,0,0.0,1500.0
Groenefeld A.L.,Carpet,all,0,0,0,0.0,1500.0
Groenefeld A.L.,Carpet,last_year,0,0,0,0.0,1500.0
Groenefeld A.L.,Carpet,last_month,0,0,0,0.0,1500.0
Groenefeld A.L.,Clay,all,35,14,21,0.6,1500.593196276011
Groenefeld A.L.,Clay,last_year,0,0,0,0.0,1500.0
Groenefeld A.L.,Clay,last_month,0,0,0,0.0,1500.0
Groenefeld A.L.,Grass,all,5,0,5,1.0,1484.767285417064
Groenefeld A.L.,Grass,last_year,0,0,0,0.0,1500.0
Groenefeld A.L.,Grass,last_month,0,0,0,0.0,1500.0
Groenefeld A.L.,Greenset,all,0,0,0,0.0,1500.0
Groenefeld A.L.,Greenset,last_year,0,0,0,0.0,1500.0
Groenefeld A.L.,Greenset,last_month,0,0,0,0.0,1500.0
Vakulenko J.,Hard,all,31,15,16,0.5161290322580645,1418.2868538115001
Vakulenko J.,Hard,last_year,0,0,0,0.0,1500.0
Vakulenko J.,Hard,last_month,0,0,0,0.0,1500.0
Vakulenko J.,Carpet,all,0,0,0,0.0,1500.0
Vakulenko J.,Carpet,last_year,0,0,0,0.0,1500.0
Vakulenko J.,Carpet,last_month,0,0,0,0.0,1500.0
Vakulenko J.,Clay,all,16,8,8,0.5,1445.5322243296428
Vakulenko J.,Clay,last_year,0,0,0,0.0,1500.0
Vakulenko J.,Clay,last_month,0,0,0,0.0,1500.0
Vakulenko J.,Grass,all,4,2,2,0.5,1498.795983443421
Vakulenko J.,Grass,last_year,0,0,0,0.0,1500.0
Vakulenko J.,Grass,last_month,0,0,0,0.0,1500.0
Vakulenko J.,Greenset,all,0,0,0,0.0,1500.0
Vakulenko J.,Greenset,last_year,0,0,0,0.0,1500.0
Vakulenko J.,Greenset,last_month,0,0,0,0.0,1500.0
Bachmann A.,Hard,all,4,0,4,1.0,1469.1452418976937
Bachmann A.,Hard,last_year,0,0,0,0.0,1500.0
Bachmann A.,Hard,last_month,0,0,0,0.0,1500.0
Bachmann A.,Carpet,all,0,0,0,0.0,1500.0
Bachmann A.,Carpet,last_year,0,0,0,0.0,1500.0
Bachmann A.,Carpet,last_month,0,0,0,0.0,1500.0
Bachmann A.,Clay,all,2,1,1,0.5,1501.2180539832807
Bachmann A.,Clay,last_year,0,0,0,0.0,1500.0
Bachmann A.,Clay,last_month,0,0,0,0.0,1500.0
Bachmann A.,Grass,all,0,0,0,0.0,1500.0
Bachmann A.,Grass,last_year,0,0,0,0.0,1500.0
Bachmann A.,Grass,last_month,0,0,0,0.0,1500.0
Bachmann A.,Greenset,all,0,0,0,0.0,1500.0
Bachmann A.,Greenset,last_year,0,0,0,0.0,1500.0
Bachmann A.,Greenset,last_month,0,0,0,0.0,1500.0
Frech M.,Hard,all,95,35,60,0.631578947368421,1463.7991441433308
Frech M.,Hard,last_year,33,17,16,0.48484848484848486,1456.2545360527454
Frech M.,Hard,last_month,0,0,0,0.0,1500.0
Frech M.,Carpet,all,0,0,0,0.0,1500.0
Frech M.,Carpet,last_year,0,0,0,0.0,1500.0
Frech M.,Carpet,last_month,0,0,0,0.0,1500.0
Frech M.,Clay,all,49,17,32,0.6530612244897959,1496.6866669208173
Frech M.,Clay,last_year,13,6,7,0.5384615384615384,1493.1939062326828
Frech M.,Clay,last_month,0,0,0,0.0,1500.0
Frech M.,Grass,all,29,12,17,0.5862068965517241,1506.9073582076232
Frech M.,Grass,last_year,6,1,5,0.8333333333333334,1502.1266736625885
Frech M.,Grass,last_month,5,1,4,0.8,1516.607880649261
Frech M.,Greenset,all,0,0,0,0.0,1500.0
Frech M.,Greenset,last_year,0,0,0,0.0,1500.0
Frech M.,Greenset,last_month,0,0,0,0.0,1500.0
Wallace I.,Hard,all,0,0,0,0.0,1500.0
Wallace I.,Hard,last_year,0,0,0,0.0,1500.0
Wallace I.,Hard,last_month,0,0,0,0.0,1500.0
Wallace I.,Carpet,all,0,0,0,0.0,1500.0
Wallace I.,Carpet,last_year,0,0,0,0.0,1500.0
Wallace I.,Carpet,last_month,0,0,0,0.0,1500.0
Wallace I.,Clay,all,1,0,1,1.0,1485.6516736093683
Wallace I.,Clay,last_year,0,0,0,0.0,1500.0
Wallace I.,Clay,last_month,0,0,0,0.0,1500.0
Wallace I.,Grass,all,0,0,0,0.0,1500.0
Wallace I.,Grass,last_year,0,0,0,0.0,1500.0
Wallace I.,Grass,last_month,0,0,0,0.0,1500.0
Wallace I.,Greenset,all,0,0,0,0.0,1500.0
Wallace I.,Greenset,last_year,0,0,0,0.0,1500.0
Wallace I.,Greenset,last_month,0,0,0,0.0,1500.0
Shnaider D.,Hard,all,66,38,28,0.42424242424242425,1591.3989641344456
Shnaider D.,Hard,last_year,40,24,16,0.4,1581.4850730303046
Shnaider D.,Hard,last_month,0,0,0,0.0,1500.0
Shnaider D.,Carpet,all,0,0,0,0.0,1500.0
Shnaider D.,Carpet,last_year,0,0,0,0.0,1500.0
Shnaider D.,Carpet,last_month,0,0,0,0.0,1500.0
Shnaider D.,Clay,all,34,21,13,0.38235294117647056,1480.0938901418208
Shnaider D.,Clay,last_year,17,12,5,0.29411764705882354,1465.116483120163
Shnaider D.,Clay,last_month,0,0,0,0.0,1500.0
Shnaider D.,Grass,all,20,13,7,0.35,1461.1462148863409
Shnaider D.,Grass,last_year,11,6,5,0.45454545454545453,1445.9121748140572
Shnaider D.,Grass,last_month,8,4,4,0.5,1477.1073804950213
Shnaider D.,Greenset,all,0,0,0,0.0,1500.0
Shnaider D.,Greenset,last_year,0,0,0,0.0,1500.0
Shnaider D.,Greenset,last_month,0,0,0,0.0,1500.0
Tu M.,Hard,all,30,12,18,0.6,1522.3013077356904
Tu M.,Hard,last_year,0,0,0,0.0,1500.0
Tu M.,Hard,last_month,0,0,0,0.0,1500.0
Tu M.,Carpet,all,1,0,1,1.0,1516.736306793522
Tu M.,Carpet,last_year,0,0,0,0.0,1500.0
Tu M.,Carpet,last_month,0,0,0,0.0,1500.0
Tu M.,Clay,all,12,6,6,0.5,1517.5406560927597
Tu M.,Clay,last_year,0,0,0,0.0,1500.0
Tu M.,Clay,last_month,0,0,0,0.0,1500.0
Tu M.,Grass,all,5,3,2,0.4,1488.202719876116
Tu M.,Grass,last_year,0,0,0,0.0,1500.0
Tu M.,Grass,last_month,0,0,0,0.0,1500.0
Tu M.,Greenset,all,0,0,0,0.0,1500.0
Tu M.,Greenset,last_year,0,0,0,0.0,1500.0
Tu M.,Greenset,last_month,0,0,0,0.0,1500.0
Zabala P.,Hard,all,0,0,0,0.0,1500.0
Zabala P.,Hard,last_year,0,0,0,0.0,1500.0
Zabala P.,Hard,last_month,0,0,0,0.0,1500.0
Zabala P.,Carpet,all,0,0,0,0.0,1500.0
Zabala P.,Carpet,last_year,0,0,0,0.0,1500.0
Zabala P.,Carpet,last_month,0,0,0,0.0,1500.0
Zabala P.,Clay,all,1,0,1,1.0,1483.1355309527391
Zabala P.,Clay,last_year,0,0,0,0.0,1500.0
Zabala P.,Clay,last_month,0,0,0,0.0,1500.0
Zabala P.,Grass,all,0,0,0,0.0,1500.0
Zabala P.,Grass,last_year,0,0,0,0.0,1500.0
Zabala P.,Grass,last_month,0,0,0,0.0,1500.0
Zabala P.,Greenset,all,0,0,0,0.0,1500.0
Zabala P.,Greenset,last_year,0,0,0,0.0,1500.0
Zabala P.,Greenset,last_month,0,0,0,0.0,1500.0
Gabarrus-Alonso M.,Hard,all,0,0,0,0.0,1500.0
Gabarrus-Alonso M.,Hard,last_year,0,0,0,0.0,1500.0
Gabarrus-Alonso M.,Hard,last_month,0,0,0,0.0,1500.0
Gabarrus-Alonso M.,Carpet,all,0,0,0,0.0,1500.0
Gabarrus-Alonso M.,Carpet,last_year,0,0,0,0.0,1500.0
Gabarrus-Alonso M.,Carpet,last_month,0,0,0,0.0,1500.0
Gabarrus-Alonso M.,Clay,all,1,0,1,1.0,1517.8189202797225
Gabarrus-Alonso M.,Clay,last_year,0,0,0,0.0,1500.0
Gabarrus-Alonso M.,Clay,last_month,0,0,0,0.0,1500.0
Gabarrus-Alonso M.,Grass,all,0,0,0,0.0,1500.0
Gabarrus-Alonso M.,Grass,last_year,0,0,0,0.0,1500.0
Gabarrus-Alonso M.,Grass,last_month,0,0,0,0.0,1500.0
Gabarrus-Alonso M.,Greenset,all,0,0,0,0.0,1500.0
Gabarrus-Alonso M.,Greenset,last_year,0,0,0,0.0,1500.0
Gabarrus-Alonso M.,Greenset,last_month,0,0,0,0.0,1500.0
Gadecki O.,Hard,all,20,7,13,0.65,1461.4121576622458
Gadecki O.,Hard,last_year,10,5,5,0.5,1472.5025518207794
Gadecki O.,Hard,last_month,0,0,0,0.0,1500.0
Gadecki O.,Carpet,all,0,0,0,0.0,1500.0
Gadecki O.,Carpet,last_year,0,0,0,0.0,1500.0
Gadecki O.,Carpet,last_month,0,0,0,0.0,1500.0
Gadecki O.,Clay,all,4,0,4,1.0,1561.9573156821498
Gadecki O.,Clay,last_year,4,0,4,1.0,1558.5509222151484
Gadecki O.,Clay,last_month,0,0,0,0.0,1500.0
Gadecki O.,Grass,all,4,0,4,1.0,1504.0976192620699
Gadecki O.,Grass,last_year,2,0,2,1.0,1531.263693206478
Gadecki O.,Grass,last_month,1,0,1,1.0,1516.0
Gadecki O.,Greenset,all,0,0,0,0.0,1500.0
Gadecki O.,Greenset,last_year,0,0,0,0.0,1500.0
Gadecki O.,Greenset,last_month,0,0,0,0.0,1500.0
Puchkova O.,Hard,all,27,11,16,0.5925925925925926,1490.6939175672787
Puchkova O.,Hard,last_year,0,0,0,0.0,1500.0
Puchkova O.,Hard,last_month,0,0,0,0.0,1500.0
Puchkova O.,Carpet,all,0,0,0,0.0,1500.0
Puchkova O.,Carpet,last_year,0,0,0,0.0,1500.0
Puchkova O.,Carpet,last_month,0,0,0,0.0,1500.0
Puchkova O.,Clay,all,5,1,4,0.8,1456.6254795822454
Puchkova O.,Clay,last_year,0,0,0,0.0,1500.0
Puchkova O.,Clay,last_month,0,0,0,0.0,1500.0
Puchkova O.,Grass,all,5,1,4,0.8,1456.25694013408
Puchkova O.,Grass,last_year,0,0,0,0.0,1500.0
Puchkova O.,Grass,last_month,0,0,0,0.0,1500.0
Puchkova O.,Greenset,all,0,0,0,0.0,1500.0
Puchkova O.,Greenset,last_year,0,0,0,0.0,1500.0
Puchkova O.,Greenset,last_month,0,0,0,0.0,1500.0
Andreeva M.,Hard,all,59,41,18,0.3050847457627119,1585.15810899814
Andreeva M.,Hard,last_year,39,30,9,0.23076923076923078,1598.8702409648904
Andreeva M.,Hard,last_month,0,0,0,0.0,1500.0
Andreeva M.,Carpet,all,0,0,0,0.0,1500.0
Andreeva M.,Carpet,last_year,0,0,0,0.0,1500.0
Andreeva M.,Carpet,last_month,0,0,0,0.0,1500.0
Andreeva M.,Clay,all,42,31,11,0.2619047619047619,1487.6720678673962
Andreeva M.,Clay,last_year,18,14,4,0.2222222222222222,1496.5800097951928
Andreeva M.,Clay,last_month,2,1,1,0.5,1501.4695015289756
Andreeva M.,Grass,all,13,7,6,0.46153846153846156,1465.3753239366986
Andreeva M.,Grass,last_year,9,5,4,0.4444444444444444,1480.0480925955856
Andreeva M.,Grass,last_month,8,5,3,0.375,1491.7948178258566
Andreeva M.,Greenset,all,0,0,0,0.0,1500.0
Andreeva M.,Greenset,last_year,0,0,0,0.0,1500.0
Andreeva M.,Greenset,last_month,0,0,0,0.0,1500.0
Riera J.,Hard,all,5,2,3,0.6,1486.672668195218
Riera J.,Hard,last_year,1,0,1,1.0,1481.2717279437989
Riera J.,Hard,last_month,0,0,0,0.0,1500.0
Riera J.,Carpet,all,0,0,0,0.0,1500.0
Riera J.,Carpet,last_year,0,0,0,0.0,1500.0
Riera J.,Carpet,last_month,0,0,0,0.0,1500.0
Riera J.,Clay,all,14,7,7,0.5,1474.9263232522078
Riera J.,Clay,last_year,5,2,3,0.6,1453.1946346960417
Riera J.,Clay,last_month,0,0,0,0.0,1500.0
Riera J.,Grass,all,1,0,1,1.0,1513.905304156337
Riera J.,Grass,last_year,1,0,1,1.0,1516.0
Riera J.,Grass,last_month,0,0,0,0.0,1500.0
Riera J.,Greenset,all,0,0,0,0.0,1500.0
Riera J.,Greenset,last_year,0,0,0,0.0,1500.0
Riera J.,Greenset,last_month,0,0,0,0.0,1500.0
Jimenez V.,Hard,all,5,2,3,0.6,1461.31043802031
Jimenez V.,Hard,last_year,0,0,0,0.0,1500.0
Jimenez V.,Hard,last_month,0,0,0,0.0,1500.0
Jimenez V.,Carpet,all,0,0,0,0.0,1500.0
Jimenez V.,Carpet,last_year,0,0,0,0.0,1500.0
Jimenez V.,Carpet,last_month,0,0,0,0.0,1500.0
Jimenez V.,Clay,all,2,0,2,1.0,1527.7409813810052
Jimenez V.,Clay,last_year,0,0,0,0.0,1500.0
Jimenez V.,Clay,last_month,0,0,0,0.0,1500.0
Jimenez V.,Grass,all,0,0,0,0.0,1500.0
Jimenez V.,Grass,last_year,0,0,0,0.0,1500.0
Jimenez V.,Grass,last_month,0,0,0,0.0,1500.0
Jimenez V.,Greenset,all,0,0,0,0.0,1500.0
Jimenez V.,Greenset,last_year,0,0,0,0.0,1500.0
Jimenez V.,Greenset,last_month,0,0,0,0.0,1500.0
Ivanov V.,Hard,all,1,0,1,1.0,1487.731494925682
Ivanov V.,Hard,last_year,0,0,0,0.0,1500.0
Ivanov V.,Hard,last_month,0,0,0,0.0,1500.0
Ivanov V.,Carpet,all,0,0,0,0.0,1500.0
Ivanov V.,Carpet,last_year,0,0,0,0.0,1500.0
Ivanov V.,Carpet,last_month,0,0,0,0.0,1500.0
Ivanov V.,Clay,all,0,0,0,0.0,1500.0
Ivanov V.,Clay,last_year,0,0,0,0.0,1500.0
Ivanov V.,Clay,last_month,0,0,0,0.0,1500.0
Ivanov V.,Grass,all,0,0,0,0.0,1500.0
Ivanov V.,Grass,last_year,0,0,0,0.0,1500.0
Ivanov V.,Grass,last_month,0,0,0,0.0,1500.0
Ivanov V.,Greenset,all,0,0,0,0.0,1500.0
Ivanov V.,Greenset,last_year,0,0,0,0.0,1500.0
Ivanov V.,Greenset,last_month,0,0,0,0.0,1500.0
Craybas J.,Hard,all,111,41,70,0.6306306306306306,1516.1990161970352
Craybas J.,Hard,last_year,0,0,0,0.0,1500.0
Craybas J.,Hard,last_month,0,0,0,0.0,1500.0
Craybas J.,Carpet,all,0,0,0,0.0,1500.0
Craybas J.,Carpet,last_year,0,0,0,0.0,1500.0
Craybas J.,Carpet,last_month,0,0,0,0.0,1500.0
Craybas J.,Clay,all,67,23,44,0.6567164179104478,1543.1853284129834
Craybas J.,Clay,last_year,0,0,0,0.0,1500.0
Craybas J.,Clay,last_month,0,0,0,0.0,1500.0
Craybas J.,Grass,all,12,2,10,0.8333333333333334,1470.4902290877862
Craybas J.,Grass,last_year,0,0,0,0.0,1500.0
Craybas J.,Grass,last_month,0,0,0,0.0,1500.0
Craybas J.,Greenset,all,0,0,0,0.0,1500.0
Craybas J.,Greenset,last_year,0,0,0,0.0,1500.0
Craybas J.,Greenset,last_month,0,0,0,0.0,1500.0
Suarez Navarro C.,Hard,all,316,167,149,0.47151898734177217,1429.1752944241907
Suarez Navarro C.,Hard,last_year,0,0,0,0.0,1500.0
Suarez Navarro C.,Hard,last_month,0,0,0,0.0,1500.0
Suarez Navarro C.,Carpet,all,0,0,0,0.0,1500.0
Suarez Navarro C.,Carpet,last_year,0,0,0,0.0,1500.0
Suarez Navarro C.,Carpet,last_month,0,0,0,0.0,1500.0
Suarez Navarro C.,Clay,all,193,128,65,0.33678756476683935,1440.816414268807
Suarez Navarro C.,Clay,last_year,0,0,0,0.0,1500.0
Suarez Navarro C.,Clay,last_month,0,0,0,0.0,1500.0
Suarez Navarro C.,Grass,all,49,26,23,0.46938775510204084,1507.8175282106997
Suarez Navarro C.,Grass,last_year,0,0,0,0.0,1500.0
Suarez Navarro C.,Grass,last_month,0,0,0,0.0,1500.0
Suarez Navarro C.,Greenset,all,0,0,0,0.0,1500.0
Suarez Navarro C.,Greenset,last_year,0,0,0,0.0,1500.0
Suarez Navarro C.,Greenset,last_month,0,0,0,0.0,1500.0
Lansere S.,Hard,all,2,1,1,0.5,1501.491269631781
Lansere S.,Hard,last_year,0,0,0,0.0,1500.0
Lansere S.,Hard,last_month,0,0,0,0.0,1500.0
Lansere S.,Carpet,all,0,0,0,0.0,1500.0
Lansere S.,Carpet,last_year,0,0,0,0.0,1500.0
Lansere S.,Carpet,last_month,0,0,0,0.0,1500.0
Lansere S.,Clay,all,1,0,1,1.0,1485.9686865565416
Lansere S.,Clay,last_year,0,0,0,0.0,1500.0
Lansere S.,Clay,last_month,0,0,0,0.0,1500.0
Lansere S.,Grass,all,0,0,0,0.0,1500.0
Lansere S.,Grass,last_year,0,0,0,0.0,1500.0
Lansere S.,Grass,last_month,0,0,0,0.0,1500.0
Lansere S.,Greenset,all,0,0,0,0.0,1500.0
Lansere S.,Greenset,last_year,0,0,0,0.0,1500.0
Lansere S.,Greenset,last_month,0,0,0,0.0,1500.0
Stakusic M.,Hard,all,13,7,6,0.46153846153846156,1523.903933679096
Stakusic M.,Hard,last_year,9,5,4,0.4444444444444444,1480.9583993822287
Stakusic M.,Hard,last_month,0,0,0,0.0,1500.0
Stakusic M.,Carpet,all,0,0,0,0.0,1500.0
Stakusic M.,Carpet,last_year,0,0,0,0.0,1500.0
Stakusic M.,Carpet,last_month,0,0,0,0.0,1500.0
Stakusic M.,Clay,all,2,0,2,1.0,1529.9536008265518
Stakusic M.,Clay,last_year,1,0,1,1.0,1516.0
Stakusic M.,Clay,last_month,0,0,0,0.0,1500.0
Stakusic M.,Grass,all,1,0,1,1.0,1518.9190309975702
Stakusic M.,Grass,last_year,1,0,1,1.0,1516.0
Stakusic M.,Grass,last_month,0,0,0,0.0,1500.0
Stakusic M.,Greenset,all,0,0,0,0.0,1500.0
Stakusic M.,Greenset,last_year,0,0,0,0.0,1500.0
Stakusic M.,Greenset,last_month,0,0,0,0.0,1500.0
Iliev S.,Hard,all,0,0,0,0.0,1500.0
Iliev S.,Hard,last_year,0,0,0,0.0,1500.0
Iliev S.,Hard,last_month,0,0,0,0.0,1500.0
Iliev S.,Carpet,all,0,0,0,0.0,1500.0
Iliev S.,Carpet,last_year,0,0,0,0.0,1500.0
Iliev S.,Carpet,last_month,0,0,0,0.0,1500.0
Iliev S.,Clay,all,1,0,1,1.0,1517.96611034653
Iliev S.,Clay,last_year,0,0,0,0.0,1500.0
Iliev S.,Clay,last_month,0,0,0,0.0,1500.0
Iliev S.,Grass,all,0,0,0,0.0,1500.0
Iliev S.,Grass,last_year,0,0,0,0.0,1500.0
Iliev S.,Grass,last_month,0,0,0,0.0,1500.0
Iliev S.,Greenset,all,0,0,0,0.0,1500.0
Iliev S.,Greenset,last_year,0,0,0,0.0,1500.0
Iliev S.,Greenset,last_month,0,0,0,0.0,1500.0
Boserup J.,Hard,all,18,9,9,0.5,1538.492321921562
Boserup J.,Hard,last_year,0,0,0,0.0,1500.0
Boserup J.,Hard,last_month,0,0,0,0.0,1500.0
Boserup J.,Carpet,all,0,0,0,0.0,1500.0
Boserup J.,Carpet,last_year,0,0,0,0.0,1500.0
Boserup J.,Carpet,last_month,0,0,0,0.0,1500.0
Boserup J.,Clay,all,2,0,2,1.0,1503.551626551265
Boserup J.,Clay,last_year,0,0,0,0.0,1500.0
Boserup J.,Clay,last_month,0,0,0,0.0,1500.0
Boserup J.,Grass,all,5,2,3,0.6,1518.1779774440656
Boserup J.,Grass,last_year,0,0,0,0.0,1500.0
Boserup J.,Grass,last_month,0,0,0,0.0,1500.0
Boserup J.,Greenset,all,0,0,0,0.0,1500.0
Boserup J.,Greenset,last_year,0,0,0,0.0,1500.0
Boserup J.,Greenset,last_month,0,0,0,0.0,1500.0
O'Brien K.,Hard,all,16,5,11,0.6875,1465.5757908530838
O'Brien K.,Hard,last_year,0,0,0,0.0,1500.0
O'Brien K.,Hard,last_month,0,0,0,0.0,1500.0
O'Brien K.,Carpet,all,0,0,0,0.0,1500.0
O'Brien K.,Carpet,last_year,0,0,0,0.0,1500.0
O'Brien K.,Carpet,last_month,0,0,0,0.0,1500.0
O'Brien K.,Clay,all,8,1,7,0.875,1478.135374764061
O'Brien K.,Clay,last_year,0,0,0,0.0,1500.0
O'Brien K.,Clay,last_month,0,0,0,0.0,1500.0
O'Brien K.,Grass,all,9,1,8,0.8888888888888888,1430.3698940273803
O'Brien K.,Grass,last_year,0,0,0,0.0,1500.0
O'Brien K.,Grass,last_month,0,0,0,0.0,1500.0
O'Brien K.,Greenset,all,0,0,0,0.0,1500.0
O'Brien K.,Greenset,last_year,0,0,0,0.0,1500.0
O'Brien K.,Greenset,last_month,0,0,0,0.0,1500.0
Tomljanovic A.,Hard,all,215,98,117,0.5441860465116279,1555.565148788002
Tomljanovic A.,Hard,last_year,18,7,11,0.6111111111111112,1561.2256691025623
Tomljanovic A.,Hard,last_month,0,0,0,0.0,1500.0
Tomljanovic A.,Carpet,all,0,0,0,0.0,1500.0
Tomljanovic A.,Carpet,last_year,0,0,0,0.0,1500.0
Tomljanovic A.,Carpet,last_month,0,0,0,0.0,1500.0
Tomljanovic A.,Clay,all,91,44,47,0.5164835164835165,1541.9800380360005
Tomljanovic A.,Clay,last_year,12,7,5,0.4166666666666667,1532.1299851986887
Tomljanovic A.,Clay,last_month,0,0,0,0.0,1500.0
Tomljanovic A.,Grass,all,49,24,25,0.5102040816326531,1557.275851772133
Tomljanovic A.,Grass,last_year,4,0,4,1.0,1470.3989050366927
Tomljanovic A.,Grass,last_month,3,0,3,1.0,1485.5158207260135
Tomljanovic A.,Greenset,all,0,0,0,0.0,1500.0
Tomljanovic A.,Greenset,last_year,0,0,0,0.0,1500.0
Tomljanovic A.,Greenset,last_month,0,0,0,0.0,1500.0
Monroy Y.,Hard,all,0,0,0,0.0,1500.0
Monroy Y.,Hard,last_year,0,0,0,0.0,1500.0
Monroy Y.,Hard,last_month,0,0,0,0.0,1500.0
Monroy Y.,Carpet,all,0,0,0,0.0,1500.0
Monroy Y.,Carpet,last_year,0,0,0,0.0,1500.0
Monroy Y.,Carpet,last_month,0,0,0,0.0,1500.0
Monroy Y.,Clay,all,2,0,2,1.0,1529.6199173066507
Monroy Y.,Clay,last_year,0,0,0,0.0,1500.0
Monroy Y.,Clay,last_month,0,0,0,0.0,1500.0
Monroy Y.,Grass,all,0,0,0,0.0,1500.0
Monroy Y.,Grass,last_year,0,0,0,0.0,1500.0
Monroy Y.,Grass,last_month,0,0,0,0.0,1500.0
Monroy Y.,Greenset,all,0,0,0,0.0,1500.0
Monroy Y.,Greenset,last_year,0,0,0,0.0,1500.0
Monroy Y.,Greenset,last_month,0,0,0,0.0,1500.0
Peng S.,Hard,all,313,175,138,0.44089456869009586,1593.807490113432
Peng S.,Hard,last_year,0,0,0,0.0,1500.0
Peng S.,Hard,last_month,0,0,0,0.0,1500.0
Peng S.,Carpet,all,1,0,1,1.0,1484.0339081301693
Peng S.,Carpet,last_year,0,0,0,0.0,1500.0
Peng S.,Carpet,last_month,0,0,0,0.0,1500.0
Peng S.,Clay,all,96,49,47,0.4895833333333333,1486.0257596571807
Peng S.,Clay,last_year,0,0,0,0.0,1500.0
Peng S.,Clay,last_month,0,0,0,0.0,1500.0
Peng S.,Grass,all,37,20,17,0.4594594594594595,1444.133299103091
Peng S.,Grass,last_year,0,0,0,0.0,1500.0
Peng S.,Grass,last_month,0,0,0,0.0,1500.0
Peng S.,Greenset,all,0,0,0,0.0,1500.0
Peng S.,Greenset,last_year,0,0,0,0.0,1500.0
Peng S.,Greenset,last_month,0,0,0,0.0,1500.0
Wongteanchai V.,Hard,all,5,1,4,0.8,1523.500738329584
Wongteanchai V.,Hard,last_year,0,0,0,0.0,1500.0
Wongteanchai V.,Hard,last_month,0,0,0,0.0,1500.0
Wongteanchai V.,Carpet,all,0,0,0,0.0,1500.0
Wongteanchai V.,Carpet,last_year,0,0,0,0.0,1500.0
Wongteanchai V.,Carpet,last_month,0,0,0,0.0,1500.0
Wongteanchai V.,Clay,all,0,0,0,0.0,1500.0
Wongteanchai V.,Clay,last_year,0,0,0,0.0,1500.0
Wongteanchai V.,Clay,last_month,0,0,0,0.0,1500.0
Wongteanchai V.,Grass,all,0,0,0,0.0,1500.0
Wongteanchai V.,Grass,last_year,0,0,0,0.0,1500.0
Wongteanchai V.,Grass,last_month,0,0,0,0.0,1500.0
Wongteanchai V.,Greenset,all,0,0,0,0.0,1500.0
Wongteanchai V.,Greenset,last_year,0,0,0,0.0,1500.0
Wongteanchai V.,Greenset,last_month,0,0,0,0.0,1500.0
Doi M.,Hard,all,168,61,107,0.6369047619047619,1447.039151003767
Doi M.,Hard,last_year,0,0,0,0.0,1500.0
Doi M.,Hard,last_month,0,0,0,0.0,1500.0
Doi M.,Carpet,all,0,0,0,0.0,1500.0
Doi M.,Carpet,last_year,0,0,0,0.0,1500.0
Doi M.,Carpet,last_month,0,0,0,0.0,1500.0
Doi M.,Clay,all,52,15,37,0.7115384615384616,1469.935321072241
Doi M.,Clay,last_year,0,0,0,0.0,1500.0
Doi M.,Clay,last_month,0,0,0,0.0,1500.0
Doi M.,Grass,all,32,14,18,0.5625,1516.1479073870066
Doi M.,Grass,last_year,0,0,0,0.0,1500.0
Doi M.,Grass,last_month,0,0,0,0.0,1500.0
Doi M.,Greenset,all,0,0,0,0.0,1500.0
Doi M.,Greenset,last_year,0,0,0,0.0,1500.0
Doi M.,Greenset,last_month,0,0,0,0.0,1500.0
Zaja A.,Hard,all,1,0,1,1.0,1482.758441057995
Zaja A.,Hard,last_year,0,0,0,0.0,1500.0
Zaja A.,Hard,last_month,0,0,0,0.0,1500.0
Zaja A.,Carpet,all,0,0,0,0.0,1500.0
Zaja A.,Carpet,last_year,0,0,0,0.0,1500.0
Zaja A.,Carpet,last_month,0,0,0,0.0,1500.0
Zaja A.,Clay,all,6,2,4,0.6666666666666666,1469.6413477808173
Zaja A.,Clay,last_year,0,0,0,0.0,1500.0
Zaja A.,Clay,last_month,0,0,0,0.0,1500.0
Zaja A.,Grass,all,1,0,1,1.0,1484.0
Zaja A.,Grass,last_year,0,0,0,0.0,1500.0
Zaja A.,Grass,last_month,0,0,0,0.0,1500.0
Zaja A.,Greenset,all,0,0,0,0.0,1500.0
Zaja A.,Greenset,last_year,0,0,0,0.0,1500.0
Zaja A.,Greenset,last_month,0,0,0,0.0,1500.0
Vedder E.,Hard,all,0,0,0,0.0,1500.0
Vedder E.,Hard,last_year,0,0,0,0.0,1500.0
Vedder E.,Hard,last_month,0,0,0,0.0,1500.0
Vedder E.,Carpet,all,0,0,0,0.0,1500.0
Vedder E.,Carpet,last_year,0,0,0,0.0,1500.0
Vedder E.,Carpet,last_month,0,0,0,0.0,1500.0
Vedder E.,Clay,all,1,0,1,1.0,1515.0759441554974
Vedder E.,Clay,last_year,0,0,0,0.0,1500.0
Vedder E.,Clay,last_month,0,0,0,0.0,1500.0
Vedder E.,Grass,all,1,0,1,1.0,1515.351296491454
Vedder E.,Grass,last_year,0,0,0,0.0,1500.0
Vedder E.,Grass,last_month,0,0,0,0.0,1500.0
Vedder E.,Greenset,all,0,0,0,0.0,1500.0
Vedder E.,Greenset,last_year,0,0,0,0.0,1500.0
Vedder E.,Greenset,last_month,0,0,0,0.0,1500.0
Rajecki A.,Hard,all,0,0,0,0.0,1500.0
Rajecki A.,Hard,last_year,0,0,0,0.0,1500.0
Rajecki A.,Hard,last_month,0,0,0,0.0,1500.0
Rajecki A.,Carpet,all,0,0,0,0.0,1500.0
Rajecki A.,Carpet,last_year,0,0,0,0.0,1500.0
Rajecki A.,Carpet,last_month,0,0,0,0.0,1500.0
Rajecki A.,Clay,all,0,0,0,0.0,1500.0
Rajecki A.,Clay,last_year,0,0,0,0.0,1500.0
Rajecki A.,Clay,last_month,0,0,0,0.0,1500.0
Rajecki A.,Grass,all,1,0,1,1.0,1516.7751423161196
Rajecki A.,Grass,last_year,0,0,0,0.0,1500.0
Rajecki A.,Grass,last_month,0,0,0,0.0,1500.0
Rajecki A.,Greenset,all,0,0,0,0.0,1500.0
Rajecki A.,Greenset,last_year,0,0,0,0.0,1500.0
Rajecki A.,Greenset,last_month,0,0,0,0.0,1500.0
Maleckova J.,Hard,all,0,0,0,0.0,1500.0
Maleckova J.,Hard,last_year,0,0,0,0.0,1500.0
Maleckova J.,Hard,last_month,0,0,0,0.0,1500.0
Maleckova J.,Carpet,all,0,0,0,0.0,1500.0
Maleckova J.,Carpet,last_year,0,0,0,0.0,1500.0
Maleckova J.,Carpet,last_month,0,0,0,0.0,1500.0
Maleckova J.,Clay,all,3,0,3,1.0,1507.9031242759268
Maleckova J.,Clay,last_year,0,0,0,0.0,1500.0
Maleckova J.,Clay,last_month,0,0,0,0.0,1500.0
Maleckova J.,Grass,all,0,0,0,0.0,1500.0
Maleckova J.,Grass,last_year,0,0,0,0.0,1500.0
Maleckova J.,Grass,last_month,0,0,0,0.0,1500.0
Maleckova J.,Greenset,all,0,0,0,0.0,1500.0
Maleckova J.,Greenset,last_year,0,0,0,0.0,1500.0
Maleckova J.,Greenset,last_month,0,0,0,0.0,1500.0
Minnen G.,Hard,all,82,34,48,0.5853658536585366,1502.25011782079
Minnen G.,Hard,last_year,25,12,13,0.52,1492.4788761984887
Minnen G.,Hard,last_month,0,0,0,0.0,1500.0
Minnen G.,Carpet,all,0,0,0,0.0,1500.0
Minnen G.,Carpet,last_year,0,0,0,0.0,1500.0
Minnen G.,Carpet,last_month,0,0,0,0.0,1500.0
Minnen G.,Clay,all,12,1,11,0.9166666666666666,1436.5653281165312
Minnen G.,Clay,last_year,1,0,1,1.0,1484.7235973462084
Minnen G.,Clay,last_month,0,0,0,0.0,1500.0
Minnen G.,Grass,all,21,9,12,0.5714285714285714,1480.6348004106537
Minnen G.,Grass,last_year,5,2,3,0.6,1516.505605866852
Minnen G.,Grass,last_month,3,1,2,0.6666666666666666,1515.26213844487
Minnen G.,Greenset,all,0,0,0,0.0,1500.0
Minnen G.,Greenset,last_year,0,0,0,0.0,1500.0
Minnen G.,Greenset,last_month,0,0,0,0.0,1500.0
Ishizu S.,Hard,all,5,2,3,0.6,1430.5092015559635
Ishizu S.,Hard,last_year,0,0,0,0.0,1500.0
Ishizu S.,Hard,last_month,0,0,0,0.0,1500.0
Ishizu S.,Carpet,all,0,0,0,0.0,1500.0
Ishizu S.,Carpet,last_year,0,0,0,0.0,1500.0
Ishizu S.,Carpet,last_month,0,0,0,0.0,1500.0
Ishizu S.,Clay,all,0,0,0,0.0,1500.0
Ishizu S.,Clay,last_year,0,0,0,0.0,1500.0
Ishizu S.,Clay,last_month,0,0,0,0.0,1500.0
Ishizu S.,Grass,all,0,0,0,0.0,1500.0
Ishizu S.,Grass,last_year,0,0,0,0.0,1500.0
Ishizu S.,Grass,last_month,0,0,0,0.0,1500.0
Ishizu S.,Greenset,all,0,0,0,0.0,1500.0
Ishizu S.,Greenset,last_year,0,0,0,0.0,1500.0
Ishizu S.,Greenset,last_month,0,0,0,0.0,1500.0
Antonitsch M.,Hard,all,0,0,0,0.0,1500.0
Antonitsch M.,Hard,last_year,0,0,0,0.0,1500.0
Antonitsch M.,Hard,last_month,0,0,0,0.0,1500.0
Antonitsch M.,Carpet,all,0,0,0,0.0,1500.0
Antonitsch M.,Carpet,last_year,0,0,0,0.0,1500.0
Antonitsch M.,Carpet,last_month,0,0,0,0.0,1500.0
Antonitsch M.,Clay,all,1,0,1,1.0,1518.7916642082407
Antonitsch M.,Clay,last_year,0,0,0,0.0,1500.0
Antonitsch M.,Clay,last_month,0,0,0,0.0,1500.0
Antonitsch M.,Grass,all,0,0,0,0.0,1500.0
Antonitsch M.,Grass,last_year,0,0,0,0.0,1500.0
Antonitsch M.,Grass,last_month,0,0,0,0.0,1500.0
Antonitsch M.,Greenset,all,0,0,0,0.0,1500.0
Antonitsch M.,Greenset,last_year,0,0,0,0.0,1500.0
Antonitsch M.,Greenset,last_month,0,0,0,0.0,1500.0
Jabeur O.,Hard,all,209,115,94,0.5502392344497608,1564.9647987883461
Jabeur O.,Hard,last_year,20,12,8,0.6,1562.4788691614435
Jabeur O.,Hard,last_month,0,0,0,0.0,1500.0
Jabeur O.,Carpet,all,0,0,0,0.0,1500.0
Jabeur O.,Carpet,last_year,0,0,0,0.0,1500.0
Jabeur O.,Carpet,last_month,0,0,0,0.0,1500.0
Jabeur O.,Clay,all,89,60,29,0.3258426966292135,1491.8358582035316
Jabeur O.,Clay,last_year,3,0,3,1.0,1512.5551149427565
Jabeur O.,Clay,last_month,0,0,0,0.0,1500.0
Jabeur O.,Grass,all,56,41,15,0.26785714285714285,1554.1434025627982
Jabeur O.,Grass,last_year,7,4,3,0.42857142857142855,1532.601166359846
Jabeur O.,Grass,last_month,4,2,2,0.5,1499.8733663424844
Jabeur O.,Greenset,all,0,0,0,0.0,1500.0
Jabeur O.,Greenset,last_year,0,0,0,0.0,1500.0
Jabeur O.,Greenset,last_month,0,0,0,0.0,1500.0
Albie A.,Hard,all,0,0,0,0.0,1500.0
Albie A.,Hard,last_year,0,0,0,0.0,1500.0
Albie A.,Hard,last_month,0,0,0,0.0,1500.0
Albie A.,Carpet,all,0,0,0,0.0,1500.0
Albie A.,Carpet,last_year,0,0,0,0.0,1500.0
Albie A.,Carpet,last_month,0,0,0,0.0,1500.0
Albie A.,Clay,all,1,0,1,1.0,1513.0631841922632
Albie A.,Clay,last_year,0,0,0,0.0,1500.0
Albie A.,Clay,last_month,0,0,0,0.0,1500.0
Albie A.,Grass,all,0,0,0,0.0,1500.0
Albie A.,Grass,last_year,0,0,0,0.0,1500.0
Albie A.,Grass,last_month,0,0,0,0.0,1500.0
Albie A.,Greenset,all,0,0,0,0.0,1500.0
Albie A.,Greenset,last_year,0,0,0,0.0,1500.0
Albie A.,Greenset,last_month,0,0,0,0.0,1500.0
Rodionova A.,Hard,all,46,16,30,0.6521739130434783,1543.1415284913817
Rodionova A.,Hard,last_year,0,0,0,0.0,1500.0
Rodionova A.,Hard,last_month,0,0,0,0.0,1500.0
Rodionova A.,Carpet,all,0,0,0,0.0,1500.0
Rodionova A.,Carpet,last_year,0,0,0,0.0,1500.0
Rodionova A.,Carpet,last_month,0,0,0,0.0,1500.0
Rodionova A.,Clay,all,16,4,12,0.75,1469.3096000361231
Rodionova A.,Clay,last_year,0,0,0,0.0,1500.0
Rodionova A.,Clay,last_month,0,0,0,0.0,1500.0
Rodionova A.,Grass,all,4,1,3,0.75,1497.3941881689695
Rodionova A.,Grass,last_year,0,0,0,0.0,1500.0
Rodionova A.,Grass,last_month,0,0,0,0.0,1500.0
Rodionova A.,Greenset,all,2,1,1,0.5,1500.0
Rodionova A.,Greenset,last_year,0,0,0,0.0,1500.0
Rodionova A.,Greenset,last_month,0,0,0,0.0,1500.0
Cornet A.,Hard,all,396,196,200,0.5050505050505051,1536.1101029489507
Cornet A.,Hard,last_year,0,0,0,0.0,1500.0
Cornet A.,Hard,last_month,0,0,0,0.0,1500.0
Cornet A.,Carpet,all,7,3,4,0.5714285714285714,1514.5150379607087
Cornet A.,Carpet,last_year,0,0,0,0.0,1500.0
Cornet A.,Carpet,last_month,0,0,0,0.0,1500.0
Cornet A.,Clay,all,224,123,101,0.45089285714285715,1472.6019677030235
Cornet A.,Clay,last_year,1,0,1,1.0,1513.771341336191
Cornet A.,Clay,last_month,0,0,0,0.0,1500.0
Cornet A.,Grass,all,69,32,37,0.5362318840579711,1488.5844472837418
Cornet A.,Grass,last_year,0,0,0,0.0,1500.0
Cornet A.,Grass,last_month,0,0,0,0.0,1500.0
Cornet A.,Greenset,all,0,0,0,0.0,1500.0
Cornet A.,Greenset,last_year,0,0,0,0.0,1500.0
Cornet A.,Greenset,last_month,0,0,0,0.0,1500.0
Bobusic B.,Hard,all,4,0,4,1.0,1555.9859954811966
Bobusic B.,Hard,last_year,0,0,0,0.0,1500.0
Bobusic B.,Hard,last_month,0,0,0,0.0,1500.0
Bobusic B.,Carpet,all,0,0,0,0.0,1500.0
Bobusic B.,Carpet,last_year,0,0,0,0.0,1500.0
Bobusic B.,Carpet,last_month,0,0,0,0.0,1500.0
Bobusic B.,Clay,all,0,0,0,0.0,1500.0
Bobusic B.,Clay,last_year,0,0,0,0.0,1500.0
Bobusic B.,Clay,last_month,0,0,0,0.0,1500.0
Bobusic B.,Grass,all,0,0,0,0.0,1500.0
Bobusic B.,Grass,last_year,0,0,0,0.0,1500.0
Bobusic B.,Grass,last_month,0,0,0,0.0,1500.0
Bobusic B.,Greenset,all,0,0,0,0.0,1500.0
Bobusic B.,Greenset,last_year,0,0,0,0.0,1500.0
Bobusic B.,Greenset,last_month,0,0,0,0.0,1500.0
Perez Garcia M.P.,Hard,all,0,0,0,0.0,1500.0
Perez Garcia M.P.,Hard,last_year,0,0,0,0.0,1500.0
Perez Garcia M.P.,Hard,last_month,0,0,0,0.0,1500.0
Perez Garcia M.P.,Carpet,all,0,0,0,0.0,1500.0
Perez Garcia M.P.,Carpet,last_year,0,0,0,0.0,1500.0
Perez Garcia M.P.,Carpet,last_month,0,0,0,0.0,1500.0
Perez Garcia M.P.,Clay,all,1,0,1,1.0,1482.5589721673514
Perez Garcia M.P.,Clay,last_year,0,0,0,0.0,1500.0
Perez Garcia M.P.,Clay,last_month,0,0,0,0.0,1500.0
Perez Garcia M.P.,Grass,all,0,0,0,0.0,1500.0
Perez Garcia M.P.,Grass,last_year,0,0,0,0.0,1500.0
Perez Garcia M.P.,Grass,last_month,0,0,0,0.0,1500.0
Perez Garcia M.P.,Greenset,all,0,0,0,0.0,1500.0
Perez Garcia M.P.,Greenset,last_year,0,0,0,0.0,1500.0
Perez Garcia M.P.,Greenset,last_month,0,0,0,0.0,1500.0
Malek T.,Hard,all,40,12,28,0.7,1449.6585636661846
Malek T.,Hard,last_year,0,0,0,0.0,1500.0
Malek T.,Hard,last_month,0,0,0,0.0,1500.0
Malek T.,Carpet,all,0,0,0,0.0,1500.0
Malek T.,Carpet,last_year,0,0,0,0.0,1500.0
Malek T.,Carpet,last_month,0,0,0,0.0,1500.0
Malek T.,Clay,all,30,8,22,0.7333333333333333,1543.2449720833963
Malek T.,Clay,last_year,0,0,0,0.0,1500.0
Malek T.,Clay,last_month,0,0,0,0.0,1500.0
Malek T.,Grass,all,6,2,4,0.6666666666666666,1555.8243238126488
Malek T.,Grass,last_year,0,0,0,0.0,1500.0
Malek T.,Grass,last_month,0,0,0,0.0,1500.0
Malek T.,Greenset,all,0,0,0,0.0,1500.0
Malek T.,Greenset,last_year,0,0,0,0.0,1500.0
Malek T.,Greenset,last_month,0,0,0,0.0,1500.0
Badosa Gibert P.,Hard,all,3,0,3,1.0,1518.0961267952334
Badosa Gibert P.,Hard,last_year,0,0,0,0.0,1500.0
Badosa Gibert P.,Hard,last_month,0,0,0,0.0,1500.0
Badosa Gibert P.,Carpet,all,0,0,0,0.0,1500.0
Badosa Gibert P.,Carpet,last_year,0,0,0,0.0,1500.0
Badosa Gibert P.,Carpet,last_month,0,0,0,0.0,1500.0
Badosa Gibert P.,Clay,all,3,2,1,0.3333333333333333,1485.8727456703375
Badosa Gibert P.,Clay,last_year,0,0,0,0.0,1500.0
Badosa Gibert P.,Clay,last_month,0,0,0,0.0,1500.0
Badosa Gibert P.,Grass,all,3,1,2,0.6666666666666666,1512.2528856394158
Badosa Gibert P.,Grass,last_year,0,0,0,0.0,1500.0
Badosa Gibert P.,Grass,last_month,0,0,0,0.0,1500.0
Badosa Gibert P.,Greenset,all,0,0,0,0.0,1500.0
Badosa Gibert P.,Greenset,last_year,0,0,0,0.0,1500.0
Badosa Gibert P.,Greenset,last_month,0,0,0,0.0,1500.0
Lemoine Q.,Hard,all,1,0,1,1.0,1516.7227225560803
Lemoine Q.,Hard,last_year,0,0,0,0.0,1500.0
Lemoine Q.,Hard,last_month,0,0,0,0.0,1500.0
Lemoine Q.,Carpet,all,0,0,0,0.0,1500.0
Lemoine Q.,Carpet,last_year,0,0,0,0.0,1500.0
Lemoine Q.,Carpet,last_month,0,0,0,0.0,1500.0
Lemoine Q.,Clay,all,3,0,3,1.0,1482.9707748622004
Lemoine Q.,Clay,last_year,0,0,0,0.0,1500.0
Lemoine Q.,Clay,last_month,0,0,0,0.0,1500.0
Lemoine Q.,Grass,all,0,0,0,0.0,1500.0
Lemoine Q.,Grass,last_year,0,0,0,0.0,1500.0
Lemoine Q.,Grass,last_month,0,0,0,0.0,1500.0
Lemoine Q.,Greenset,all,0,0,0,0.0,1500.0
Lemoine Q.,Greenset,last_year,0,0,0,0.0,1500.0
Lemoine Q.,Greenset,last_month,0,0,0,0.0,1500.0
Marino R.,Hard,all,88,34,54,0.6136363636363636,1448.2086624928927
Marino R.,Hard,last_year,6,1,5,0.8333333333333334,1476.599243756494
Marino R.,Hard,last_month,0,0,0,0.0,1500.0
Marino R.,Carpet,all,0,0,0,0.0,1500.0
Marino R.,Carpet,last_year,0,0,0,0.0,1500.0
Marino R.,Carpet,last_month,0,0,0,0.0,1500.0
Marino R.,Clay,all,10,3,7,0.7,1520.7679448779797
Marino R.,Clay,last_year,0,0,0,0.0,1500.0
Marino R.,Clay,last_month,0,0,0,0.0,1500.0
Marino R.,Grass,all,20,8,12,0.6,1461.390975496386
Marino R.,Grass,last_year,0,0,0,0.0,1500.0
Marino R.,Grass,last_month,0,0,0,0.0,1500.0
Marino R.,Greenset,all,0,0,0,0.0,1500.0
Marino R.,Greenset,last_year,0,0,0,0.0,1500.0
Marino R.,Greenset,last_month,0,0,0,0.0,1500.0
Bartunkova N.,Hard,all,2,1,1,0.5,1471.910978448786
Bartunkova N.,Hard,last_year,0,0,0,0.0,1500.0
Bartunkova N.,Hard,last_month,0,0,0,0.0,1500.0
Bartunkova N.,Carpet,all,0,0,0,0.0,1500.0
Bartunkova N.,Carpet,last_year,0,0,0,0.0,1500.0
Bartunkova N.,Carpet,last_month,0,0,0,0.0,1500.0
Bartunkova N.,Clay,all,1,0,1,1.0,1483.2915268821473
Bartunkova N.,Clay,last_year,0,0,0,0.0,1500.0
Bartunkova N.,Clay,last_month,0,0,0,0.0,1500.0
Bartunkova N.,Grass,all,0,0,0,0.0,1500.0
Bartunkova N.,Grass,last_year,0,0,0,0.0,1500.0
Bartunkova N.,Grass,last_month,0,0,0,0.0,1500.0
Bartunkova N.,Greenset,all,0,0,0,0.0,1500.0
Bartunkova N.,Greenset,last_year,0,0,0,0.0,1500.0
Bartunkova N.,Greenset,last_month,0,0,0,0.0,1500.0
Mijacika A.,Hard,all,0,0,0,0.0,1500.0
Mijacika A.,Hard,last_year,0,0,0,0.0,1500.0
Mijacika A.,Hard,last_month,0,0,0,0.0,1500.0
Mijacika A.,Carpet,all,0,0,0,0.0,1500.0
Mijacika A.,Carpet,last_year,0,0,0,0.0,1500.0
Mijacika A.,Carpet,last_month,0,0,0,0.0,1500.0
Mijacika A.,Clay,all,2,1,1,0.5,1503.940675267897
Mijacika A.,Clay,last_year,0,0,0,0.0,1500.0
Mijacika A.,Clay,last_month,0,0,0,0.0,1500.0
Mijacika A.,Grass,all,0,0,0,0.0,1500.0
Mijacika A.,Grass,last_year,0,0,0,0.0,1500.0
Mijacika A.,Grass,last_month,0,0,0,0.0,1500.0
Mijacika A.,Greenset,all,0,0,0,0.0,1500.0
Mijacika A.,Greenset,last_year,0,0,0,0.0,1500.0
Mijacika A.,Greenset,last_month,0,0,0,0.0,1500.0
Medina Garrigues A.,Hard,all,155,66,89,0.5741935483870968,1513.9364126325454
Medina Garrigues A.,Hard,last_year,0,0,0,0.0,1500.0
Medina Garrigues A.,Hard,last_month,0,0,0,0.0,1500.0
Medina Garrigues A.,Carpet,all,4,1,3,0.75,1471.5349570190938
Medina Garrigues A.,Carpet,last_year,0,0,0,0.0,1500.0
Medina Garrigues A.,Carpet,last_month,0,0,0,0.0,1500.0
Medina Garrigues A.,Clay,all,143,90,53,0.3706293706293706,1507.3522494929525
Medina Garrigues A.,Clay,last_year,0,0,0,0.0,1500.0
Medina Garrigues A.,Clay,last_month,0,0,0,0.0,1500.0
Medina Garrigues A.,Grass,all,21,9,12,0.5714285714285714,1524.485010860601
Medina Garrigues A.,Grass,last_year,0,0,0,0.0,1500.0
Medina Garrigues A.,Grass,last_month,0,0,0,0.0,1500.0
Medina Garrigues A.,Greenset,all,0,0,0,0.0,1500.0
Medina Garrigues A.,Greenset,last_year,0,0,0,0.0,1500.0
Medina Garrigues A.,Greenset,last_month,0,0,0,0.0,1500.0
Hsieh S.W.,Hard,all,205,101,104,0.5073170731707317,1477.6680098288718
Hsieh S.W.,Hard,last_year,0,0,0,0.0,1500.0
Hsieh S.W.,Hard,last_month,0,0,0,0.0,1500.0
Hsieh S.W.,Carpet,all,0,0,0,0.0,1500.0
Hsieh S.W.,Carpet,last_year,0,0,0,0.0,1500.0
Hsieh S.W.,Carpet,last_month,0,0,0,0.0,1500.0
Hsieh S.W.,Clay,all,57,21,36,0.631578947368421,1512.7702817960546
Hsieh S.W.,Clay,last_year,0,0,0,0.0,1500.0
Hsieh S.W.,Clay,last_month,0,0,0,0.0,1500.0
Hsieh S.W.,Grass,all,42,19,23,0.5476190476190477,1490.9637368790386
Hsieh S.W.,Grass,last_year,0,0,0,0.0,1500.0
Hsieh S.W.,Grass,last_month,0,0,0,0.0,1500.0
Hsieh S.W.,Greenset,all,0,0,0,0.0,1500.0
Hsieh S.W.,Greenset,last_year,0,0,0,0.0,1500.0
Hsieh S.W.,Greenset,last_month,0,0,0,0.0,1500.0
Ivanova E.,Hard,all,15,6,9,0.6,1485.0592304412287
Ivanova E.,Hard,last_year,0,0,0,0.0,1500.0
Ivanova E.,Hard,last_month,0,0,0,0.0,1500.0
Ivanova E.,Carpet,all,0,0,0,0.0,1500.0
Ivanova E.,Carpet,last_year,0,0,0,0.0,1500.0
Ivanova E.,Carpet,last_month,0,0,0,0.0,1500.0
Ivanova E.,Clay,all,10,3,7,0.7,1523.9814722914125
Ivanova E.,Clay,last_year,0,0,0,0.0,1500.0
Ivanova E.,Clay,last_month,0,0,0,0.0,1500.0
Ivanova E.,Grass,all,0,0,0,0.0,1500.0
Ivanova E.,Grass,last_year,0,0,0,0.0,1500.0
Ivanova E.,Grass,last_month,0,0,0,0.0,1500.0
Ivanova E.,Greenset,all,2,1,1,0.5,1501.4695015289756
Ivanova E.,Greenset,last_year,0,0,0,0.0,1500.0
Ivanova E.,Greenset,last_month,0,0,0,0.0,1500.0
Wagner S.,Hard,all,1,0,1,1.0,1513.6575601944778
Wagner S.,Hard,last_year,0,0,0,0.0,1500.0
Wagner S.,Hard,last_month,0,0,0,0.0,1500.0
Wagner S.,Carpet,all,0,0,0,0.0,1500.0
Wagner S.,Carpet,last_year,0,0,0,0.0,1500.0
Wagner S.,Carpet,last_month,0,0,0,0.0,1500.0
Wagner S.,Clay,all,0,0,0,0.0,1500.0
Wagner S.,Clay,last_year,0,0,0,0.0,1500.0
Wagner S.,Clay,last_month,0,0,0,0.0,1500.0
Wagner S.,Grass,all,0,0,0,0.0,1500.0
Wagner S.,Grass,last_year,0,0,0,0.0,1500.0
Wagner S.,Grass,last_month,0,0,0,0.0,1500.0
Wagner S.,Greenset,all,0,0,0,0.0,1500.0
Wagner S.,Greenset,last_year,0,0,0,0.0,1500.0
Wagner S.,Greenset,last_month,0,0,0,0.0,1500.0
Mauresmo A.,Hard,all,69,44,25,0.36231884057971014,1523.8472206154786
Mauresmo A.,Hard,last_year,0,0,0,0.0,1500.0
Mauresmo A.,Hard,last_month,0,0,0,0.0,1500.0
Mauresmo A.,Carpet,all,13,9,4,0.6923076923076923,1545.7105166879826
Mauresmo A.,Carpet,last_year,0,0,0,0.0,1500.0
Mauresmo A.,Carpet,last_month,0,0,0,0.0,1500.0
Mauresmo A.,Clay,all,23,14,9,0.391304347826087,1487.081005522437
Mauresmo A.,Clay,last_year,0,0,0,0.0,1500.0
Mauresmo A.,Clay,last_month,0,0,0,0.0,1500.0
Mauresmo A.,Grass,all,17,12,5,0.29411764705882354,1514.8890131901035
Mauresmo A.,Grass,last_year,0,0,0,0.0,1500.0
Mauresmo A.,Grass,last_month,0,0,0,0.0,1500.0
Mauresmo A.,Greenset,all,0,0,0,0.0,1500.0
Mauresmo A.,Greenset,last_year,0,0,0,0.0,1500.0
Mauresmo A.,Greenset,last_month,0,0,0,0.0,1500.0
Fruhvirtova B.,Hard,all,9,3,6,0.3333333333333333,1533.3116313283442
Fruhvirtova B.,Hard,last_year,0,0,0,0.0,1500.0
Fruhvirtova B.,Hard,last_month,0,0,0,0.0,1500.0
Fruhvirtova B.,Carpet,all,0,0,0,0.0,1500.0
Fruhvirtova B.,Carpet,last_year,0,0,0,0.0,1500.0
Fruhvirtova B.,Carpet,last_month,0,0,0,0.0,1500.0
Fruhvirtova B.,Clay,all,5,1,4,0.8,1489.0510282854286
Fruhvirtova B.,Clay,last_year,0,0,0,0.0,1500.0
Fruhvirtova B.,Clay,last_month,0,0,0,0.0,1500.0
Fruhvirtova B.,Grass,all,2,1,1,0.5,1529.1113006833064
Fruhvirtova B.,Grass,last_year,2,1,1,0.5,1532.0
Fruhvirtova B.,Grass,last_month,0,0,0,0.0,1500.0
Fruhvirtova B.,Greenset,all,0,0,0,0.0,1500.0
Fruhvirtova B.,Greenset,last_year,0,0,0,0.0,1500.0
Fruhvirtova B.,Greenset,last_month,0,0,0,0.0,1500.0
Morita A.,Hard,all,131,56,75,0.5725190839694656,1511.6059647530167
Morita A.,Hard,last_year,0,0,0,0.0,1500.0
Morita A.,Hard,last_month,0,0,0,0.0,1500.0
Morita A.,Carpet,all,0,0,0,0.0,1500.0
Morita A.,Carpet,last_year,0,0,0,0.0,1500.0
Morita A.,Carpet,last_month,0,0,0,0.0,1500.0
Morita A.,Clay,all,39,18,21,0.5384615384615384,1533.6680318836857
Morita A.,Clay,last_year,0,0,0,0.0,1500.0
Morita A.,Clay,last_month,0,0,0,0.0,1500.0
Morita A.,Grass,all,19,6,13,0.6842105263157895,1556.7884568132574
Morita A.,Grass,last_year,0,0,0,0.0,1500.0
Morita A.,Grass,last_month,0,0,0,0.0,1500.0
Morita A.,Greenset,all,0,0,0,0.0,1500.0
Morita A.,Greenset,last_year,0,0,0,0.0,1500.0
Morita A.,Greenset,last_month,0,0,0,0.0,1500.0
Perianu A.,Hard,all,2,1,1,0.5,1500.7206311963957
Perianu A.,Hard,last_year,0,0,0,0.0,1500.0
Perianu A.,Hard,last_month,0,0,0,0.0,1500.0
Perianu A.,Carpet,all,0,0,0,0.0,1500.0
Perianu A.,Carpet,last_year,0,0,0,0.0,1500.0
Perianu A.,Carpet,last_month,0,0,0,0.0,1500.0
Perianu A.,Clay,all,0,0,0,0.0,1500.0
Perianu A.,Clay,last_year,0,0,0,0.0,1500.0
Perianu A.,Clay,last_month,0,0,0,0.0,1500.0
Perianu A.,Grass,all,0,0,0,0.0,1500.0
Perianu A.,Grass,last_year,0,0,0,0.0,1500.0
Perianu A.,Grass,last_month,0,0,0,0.0,1500.0
Perianu A.,Greenset,all,0,0,0,0.0,1500.0
Perianu A.,Greenset,last_year,0,0,0,0.0,1500.0
Perianu A.,Greenset,last_month,0,0,0,0.0,1500.0
Voegele S.,Hard,all,154,56,98,0.6363636363636364,1523.9534530027654
Voegele S.,Hard,last_year,0,0,0,0.0,1500.0
Voegele S.,Hard,last_month,0,0,0,0.0,1500.0
Voegele S.,Carpet,all,0,0,0,0.0,1500.0
Voegele S.,Carpet,last_year,0,0,0,0.0,1500.0
Voegele S.,Carpet,last_month,0,0,0,0.0,1500.0
Voegele S.,Clay,all,84,33,51,0.6071428571428571,1485.8079778189046
Voegele S.,Clay,last_year,0,0,0,0.0,1500.0
Voegele S.,Clay,last_month,0,0,0,0.0,1500.0
Voegele S.,Grass,all,20,4,16,0.8,1487.466316128774
Voegele S.,Grass,last_year,0,0,0,0.0,1500.0
Voegele S.,Grass,last_month,0,0,0,0.0,1500.0
Voegele S.,Greenset,all,0,0,0,0.0,1500.0
Voegele S.,Greenset,last_year,0,0,0,0.0,1500.0
Voegele S.,Greenset,last_month,0,0,0,0.0,1500.0
Torres Murcia M.C.,Hard,all,0,0,0,0.0,1500.0
Torres Murcia M.C.,Hard,last_year,0,0,0,0.0,1500.0
Torres Murcia M.C.,Hard,last_month,0,0,0,0.0,1500.0
Torres Murcia M.C.,Carpet,all,0,0,0,0.0,1500.0
Torres Murcia M.C.,Carpet,last_year,0,0,0,0.0,1500.0
Torres Murcia M.C.,Carpet,last_month,0,0,0,0.0,1500.0
Torres Murcia M.C.,Clay,all,1,0,1,1.0,1515.207833771795
Torres Murcia M.C.,Clay,last_year,1,0,1,1.0,1516.0
Torres Murcia M.C.,Clay,last_month,0,0,0,0.0,1500.0
Torres Murcia M.C.,Grass,all,0,0,0,0.0,1500.0
Torres Murcia M.C.,Grass,last_year,0,0,0,0.0,1500.0
Torres Murcia M.C.,Grass,last_month,0,0,0,0.0,1500.0
Torres Murcia M.C.,Greenset,all,0,0,0,0.0,1500.0
Torres Murcia M.C.,Greenset,last_year,0,0,0,0.0,1500.0
Torres Murcia M.C.,Greenset,last_month,0,0,0,0.0,1500.0
Pattinama Kerkhove L.,Hard,all,8,1,7,0.875,1497.4984298031623
Pattinama Kerkhove L.,Hard,last_year,0,0,0,0.0,1500.0
Pattinama Kerkhove L.,Hard,last_month,0,0,0,0.0,1500.0
Pattinama Kerkhove L.,Carpet,all,0,0,0,0.0,1500.0
Pattinama Kerkhove L.,Carpet,last_year,0,0,0,0.0,1500.0
Pattinama Kerkhove L.,Carpet,last_month,0,0,0,0.0,1500.0
Pattinama Kerkhove L.,Clay,all,0,0,0,0.0,1500.0
Pattinama Kerkhove L.,Clay,last_year,0,0,0,0.0,1500.0
Pattinama Kerkhove L.,Clay,last_month,0,0,0,0.0,1500.0
Pattinama Kerkhove L.,Grass,all,7,3,4,0.5714285714285714,1509.3404838448014
Pattinama Kerkhove L.,Grass,last_year,0,0,0,0.0,1500.0
Pattinama Kerkhove L.,Grass,last_month,0,0,0,0.0,1500.0
Pattinama Kerkhove L.,Greenset,all,0,0,0,0.0,1500.0
Pattinama Kerkhove L.,Greenset,last_year,0,0,0,0.0,1500.0
Pattinama Kerkhove L.,Greenset,last_month,0,0,0,0.0,1500.0
Bardina V.,Hard,all,14,6,8,0.5714285714285714,1458.024521382081
Bardina V.,Hard,last_year,0,0,0,0.0,1500.0
Bardina V.,Hard,last_month,0,0,0,0.0,1500.0
Bardina V.,Carpet,all,0,0,0,0.0,1500.0
Bardina V.,Carpet,last_year,0,0,0,0.0,1500.0
Bardina V.,Carpet,last_month,0,0,0,0.0,1500.0
Bardina V.,Clay,all,6,1,5,0.8333333333333334,1531.0406028941875
Bardina V.,Clay,last_year,0,0,0,0.0,1500.0
Bardina V.,Clay,last_month,0,0,0,0.0,1500.0
Bardina V.,Grass,all,3,0,3,1.0,1483.9661669788793
Bardina V.,Grass,last_year,0,0,0,0.0,1500.0
Bardina V.,Grass,last_month,0,0,0,0.0,1500.0
Bardina V.,Greenset,all,0,0,0,0.0,1500.0
Bardina V.,Greenset,last_year,0,0,0,0.0,1500.0
Bardina V.,Greenset,last_month,0,0,0,0.0,1500.0
Pliskova Kr.,Hard,all,118,46,72,0.6101694915254238,1429.0130743110708
Pliskova Kr.,Hard,last_year,0,0,0,0.0,1500.0
Pliskova Kr.,Hard,last_month,0,0,0,0.0,1500.0
Pliskova Kr.,Carpet,all,0,0,0,0.0,1500.0
Pliskova Kr.,Carpet,last_year,0,0,0,0.0,1500.0
Pliskova Kr.,Carpet,last_month,0,0,0,0.0,1500.0
Pliskova Kr.,Clay,all,70,29,41,0.5857142857142857,1469.0164740303503
Pliskova Kr.,Clay,last_year,0,0,0,0.0,1500.0
Pliskova Kr.,Clay,last_month,0,0,0,0.0,1500.0
Pliskova Kr.,Grass,all,32,10,22,0.6875,1483.4968230952773
Pliskova Kr.,Grass,last_year,0,0,0,0.0,1500.0
Pliskova Kr.,Grass,last_month,0,0,0,0.0,1500.0
Pliskova Kr.,Greenset,all,0,0,0,0.0,1500.0
Pliskova Kr.,Greenset,last_year,0,0,0,0.0,1500.0
Pliskova Kr.,Greenset,last_month,0,0,0,0.0,1500.0
Osorio M.,Hard,all,68,33,35,0.5147058823529411,1422.053614934833
Osorio M.,Hard,last_year,21,10,11,0.5238095238095238,1419.54070446348
Osorio M.,Hard,last_month,0,0,0,0.0,1500.0
Osorio M.,Carpet,all,0,0,0,0.0,1500.0
Osorio M.,Carpet,last_year,0,0,0,0.0,1500.0
Osorio M.,Carpet,last_month,0,0,0,0.0,1500.0
Osorio M.,Clay,all,56,38,18,0.32142857142857145,1553.1952781269313
Osorio M.,Clay,last_year,13,9,4,0.3076923076923077,1524.1096835165395
Osorio M.,Clay,last_month,0,0,0,0.0,1500.0
Osorio M.,Grass,all,15,4,11,0.7333333333333333,1500.185138231944
Osorio M.,Grass,last_year,3,1,2,0.6666666666666666,1456.2230070574258
Osorio M.,Grass,last_month,2,0,2,1.0,1468.0
Osorio M.,Greenset,all,0,0,0,0.0,1500.0
Osorio M.,Greenset,last_year,0,0,0,0.0,1500.0
Osorio M.,Greenset,last_month,0,0,0,0.0,1500.0
Abduraimova N.,Hard,all,21,6,15,0.7142857142857143,1452.9969572384482
Abduraimova N.,Hard,last_year,0,0,0,0.0,1500.0
Abduraimova N.,Hard,last_month,0,0,0,0.0,1500.0
Abduraimova N.,Carpet,all,0,0,0,0.0,1500.0
Abduraimova N.,Carpet,last_year,0,0,0,0.0,1500.0
Abduraimova N.,Carpet,last_month,0,0,0,0.0,1500.0
Abduraimova N.,Clay,all,3,0,3,1.0,1517.3619677168556
Abduraimova N.,Clay,last_year,0,0,0,0.0,1500.0
Abduraimova N.,Clay,last_month,0,0,0,0.0,1500.0
Abduraimova N.,Grass,all,0,0,0,0.0,1500.0
Abduraimova N.,Grass,last_year,0,0,0,0.0,1500.0
Abduraimova N.,Grass,last_month,0,0,0,0.0,1500.0
Abduraimova N.,Greenset,all,0,0,0,0.0,1500.0
Abduraimova N.,Greenset,last_year,0,0,0,0.0,1500.0
Abduraimova N.,Greenset,last_month,0,0,0,0.0,1500.0
Moore T.,Hard,all,1,0,1,1.0,1484.0
Moore T.,Hard,last_year,0,0,0,0.0,1500.0
Moore T.,Hard,last_month,0,0,0,0.0,1500.0
Moore T.,Carpet,all,0,0,0,0.0,1500.0
Moore T.,Carpet,last_year,0,0,0,0.0,1500.0
Moore T.,Carpet,last_month,0,0,0,0.0,1500.0
Moore T.,Clay,all,0,0,0,0.0,1500.0
Moore T.,Clay,last_year,0,0,0,0.0,1500.0
Moore T.,Clay,last_month,0,0,0,0.0,1500.0
Moore T.,Grass,all,15,5,10,0.6666666666666666,1510.4903256871673
Moore T.,Grass,last_year,0,0,0,0.0,1500.0
Moore T.,Grass,last_month,0,0,0,0.0,1500.0
Moore T.,Greenset,all,0,0,0,0.0,1500.0
Moore T.,Greenset,last_year,0,0,0,0.0,1500.0
Moore T.,Greenset,last_month,0,0,0,0.0,1500.0
Ishii S.,Hard,all,4,2,2,0.5,1527.781043784846
Ishii S.,Hard,last_year,4,2,2,0.5,1528.275903587407
Ishii S.,Hard,last_month,0,0,0,0.0,1500.0
Ishii S.,Carpet,all,0,0,0,0.0,1500.0
Ishii S.,Carpet,last_year,0,0,0,0.0,1500.0
Ishii S.,Carpet,last_month,0,0,0,0.0,1500.0
Ishii S.,Clay,all,0,0,0,0.0,1500.0
Ishii S.,Clay,last_year,0,0,0,0.0,1500.0
Ishii S.,Clay,last_month,0,0,0,0.0,1500.0
Ishii S.,Grass,all,0,0,0,0.0,1500.0
Ishii S.,Grass,last_year,0,0,0,0.0,1500.0
Ishii S.,Grass,last_month,0,0,0,0.0,1500.0
Ishii S.,Greenset,all,0,0,0,0.0,1500.0
Ishii S.,Greenset,last_year,0,0,0,0.0,1500.0
Ishii S.,Greenset,last_month,0,0,0,0.0,1500.0
Perez A.,Hard,all,1,0,1,1.0,1485.0685263203325
Perez A.,Hard,last_year,0,0,0,0.0,1500.0
Perez A.,Hard,last_month,0,0,0,0.0,1500.0
Perez A.,Carpet,all,0,0,0,0.0,1500.0
Perez A.,Carpet,last_year,0,0,0,0.0,1500.0
Perez A.,Carpet,last_month,0,0,0,0.0,1500.0
Perez A.,Clay,all,0,0,0,0.0,1500.0
Perez A.,Clay,last_year,0,0,0,0.0,1500.0
Perez A.,Clay,last_month,0,0,0,0.0,1500.0
Perez A.,Grass,all,0,0,0,0.0,1500.0
Perez A.,Grass,last_year,0,0,0,0.0,1500.0
Perez A.,Grass,last_month,0,0,0,0.0,1500.0
Perez A.,Greenset,all,0,0,0,0.0,1500.0
Perez A.,Greenset,last_year,0,0,0,0.0,1500.0
Perez A.,Greenset,last_month,0,0,0,0.0,1500.0
Stevenson A.,Hard,all,3,1,2,0.6666666666666666,1518.5210313656855
Stevenson A.,Hard,last_year,0,0,0,0.0,1500.0
Stevenson A.,Hard,last_month,0,0,0,0.0,1500.0
Stevenson A.,Carpet,all,0,0,0,0.0,1500.0
Stevenson A.,Carpet,last_year,0,0,0,0.0,1500.0
Stevenson A.,Carpet,last_month,0,0,0,0.0,1500.0
Stevenson A.,Clay,all,4,1,3,0.75,1474.9029783618412
Stevenson A.,Clay,last_year,0,0,0,0.0,1500.0
Stevenson A.,Clay,last_month,0,0,0,0.0,1500.0
Stevenson A.,Grass,all,1,0,1,1.0,1516.03933884986
Stevenson A.,Grass,last_year,0,0,0,0.0,1500.0
Stevenson A.,Grass,last_month,0,0,0,0.0,1500.0
Stevenson A.,Greenset,all,0,0,0,0.0,1500.0
Stevenson A.,Greenset,last_year,0,0,0,0.0,1500.0
Stevenson A.,Greenset,last_month,0,0,0,0.0,1500.0
Seidel E.,Hard,all,8,3,5,0.625,1595.7608594347134
Seidel E.,Hard,last_year,7,3,4,0.5714285714285714,1586.9787175512115
Seidel E.,Hard,last_month,0,0,0,0.0,1500.0
Seidel E.,Carpet,all,0,0,0,0.0,1500.0
Seidel E.,Carpet,last_year,0,0,0,0.0,1500.0
Seidel E.,Carpet,last_month,0,0,0,0.0,1500.0
Seidel E.,Clay,all,8,4,4,0.5,1502.4463084055265
Seidel E.,Clay,last_year,7,4,3,0.42857142857142855,1509.9875033308167
Seidel E.,Clay,last_month,0,0,0,0.0,1500.0
Seidel E.,Grass,all,0,0,0,0.0,1500.0
Seidel E.,Grass,last_year,0,0,0,0.0,1500.0
Seidel E.,Grass,last_month,0,0,0,0.0,1500.0
Seidel E.,Greenset,all,0,0,0,0.0,1500.0
Seidel E.,Greenset,last_year,0,0,0,0.0,1500.0
Seidel E.,Greenset,last_month,0,0,0,0.0,1500.0
Bonaventure Y.,Hard,all,51,22,29,0.5686274509803921,1536.2032888921503
Bonaventure Y.,Hard,last_year,0,0,0,0.0,1500.0
Bonaventure Y.,Hard,last_month,0,0,0,0.0,1500.0
Bonaventure Y.,Carpet,all,0,0,0,0.0,1500.0
Bonaventure Y.,Carpet,last_year,0,0,0,0.0,1500.0
Bonaventure Y.,Carpet,last_month,0,0,0,0.0,1500.0
Bonaventure Y.,Clay,all,21,5,16,0.7619047619047619,1531.022306203818
Bonaventure Y.,Clay,last_year,0,0,0,0.0,1500.0
Bonaventure Y.,Clay,last_month,0,0,0,0.0,1500.0
Bonaventure Y.,Grass,all,6,1,5,0.8333333333333334,1509.934581240617
Bonaventure Y.,Grass,last_year,0,0,0,0.0,1500.0
Bonaventure Y.,Grass,last_month,0,0,0,0.0,1500.0
Bonaventure Y.,Greenset,all,0,0,0,0.0,1500.0
Bonaventure Y.,Greenset,last_year,0,0,0,0.0,1500.0
Bonaventure Y.,Greenset,last_month,0,0,0,0.0,1500.0
Widjaja J.,Hard,all,0,0,0,0.0,1500.0
Widjaja J.,Hard,last_year,0,0,0,0.0,1500.0
Widjaja J.,Hard,last_month,0,0,0,0.0,1500.0
Widjaja J.,Carpet,all,0,0,0,0.0,1500.0
Widjaja J.,Carpet,last_year,0,0,0,0.0,1500.0
Widjaja J.,Carpet,last_month,0,0,0,0.0,1500.0
Widjaja J.,Clay,all,1,0,1,1.0,1484.0
Widjaja J.,Clay,last_year,0,0,0,0.0,1500.0
Widjaja J.,Clay,last_month,0,0,0,0.0,1500.0
Widjaja J.,Grass,all,0,0,0,0.0,1500.0
Widjaja J.,Grass,last_year,0,0,0,0.0,1500.0
Widjaja J.,Grass,last_month,0,0,0,0.0,1500.0
Widjaja J.,Greenset,all,0,0,0,0.0,1500.0
Widjaja J.,Greenset,last_year,0,0,0,0.0,1500.0
Widjaja J.,Greenset,last_month,0,0,0,0.0,1500.0
Obziler T.,Hard,all,21,10,11,0.5238095238095238,1464.3172941266846
Obziler T.,Hard,last_year,0,0,0,0.0,1500.0
Obziler T.,Hard,last_month,0,0,0,0.0,1500.0
Obziler T.,Carpet,all,0,0,0,0.0,1500.0
Obziler T.,Carpet,last_year,0,0,0,0.0,1500.0
Obziler T.,Carpet,last_month,0,0,0,0.0,1500.0
Obziler T.,Clay,all,10,2,8,0.8,1444.417604489982
Obziler T.,Clay,last_year,0,0,0,0.0,1500.0
Obziler T.,Clay,last_month,0,0,0,0.0,1500.0
Obziler T.,Grass,all,3,0,3,1.0,1517.9047921527672
Obziler T.,Grass,last_year,0,0,0,0.0,1500.0
Obziler T.,Grass,last_month,0,0,0,0.0,1500.0
Obziler T.,Greenset,all,3,2,1,0.3333333333333333,1514.5304984710244
Obziler T.,Greenset,last_year,0,0,0,0.0,1500.0
Obziler T.,Greenset,last_month,0,0,0,0.0,1500.0
Razzano V.,Hard,all,136,73,63,0.4632352941176471,1417.6954945721623
Razzano V.,Hard,last_year,0,0,0,0.0,1500.0
Razzano V.,Hard,last_month,0,0,0,0.0,1500.0
Razzano V.,Carpet,all,4,2,2,0.5,1472.9094249560178
Razzano V.,Carpet,last_year,0,0,0,0.0,1500.0
Razzano V.,Carpet,last_month,0,0,0,0.0,1500.0
Razzano V.,Clay,all,67,35,32,0.47761194029850745,1497.0536529664996
Razzano V.,Clay,last_year,0,0,0,0.0,1500.0
Razzano V.,Clay,last_month,0,0,0,0.0,1500.0
Razzano V.,Grass,all,19,8,11,0.5789473684210527,1477.3903956667118
Razzano V.,Grass,last_year,0,0,0,0.0,1500.0
Razzano V.,Grass,last_month,0,0,0,0.0,1500.0
Razzano V.,Greenset,all,0,0,0,0.0,1500.0
Razzano V.,Greenset,last_year,0,0,0,0.0,1500.0
Razzano V.,Greenset,last_month,0,0,0,0.0,1500.0
Pavlyuchen. A.,Hard,all,2,1,1,0.5,1537.0651476110527
Pavlyuchen. A.,Hard,last_year,0,0,0,0.0,1500.0
Pavlyuchen. A.,Hard,last_month,0,0,0,0.0,1500.0
Pavlyuchen. A.,Carpet,all,0,0,0,0.0,1500.0
Pavlyuchen. A.,Carpet,last_year,0,0,0,0.0,1500.0
Pavlyuchen. A.,Carpet,last_month,0,0,0,0.0,1500.0
Pavlyuchen. A.,Clay,all,0,0,0,0.0,1500.0
Pavlyuchen. A.,Clay,last_year,0,0,0,0.0,1500.0
Pavlyuchen. A.,Clay,last_month,0,0,0,0.0,1500.0
Pavlyuchen. A.,Grass,all,0,0,0,0.0,1500.0
Pavlyuchen. A.,Grass,last_year,0,0,0,0.0,1500.0
Pavlyuchen. A.,Grass,last_month,0,0,0,0.0,1500.0
Pavlyuchen. A.,Greenset,all,0,0,0,0.0,1500.0
Pavlyuchen. A.,Greenset,last_year,0,0,0,0.0,1500.0
Pavlyuchen. A.,Greenset,last_month,0,0,0,0.0,1500.0
Hourigan P.M.,Hard,all,1,0,1,1.0,1515.9832079800854
Hourigan P.M.,Hard,last_year,0,0,0,0.0,1500.0
Hourigan P.M.,Hard,last_month,0,0,0,0.0,1500.0
Hourigan P.M.,Carpet,all,0,0,0,0.0,1500.0
Hourigan P.M.,Carpet,last_year,0,0,0,0.0,1500.0
Hourigan P.M.,Carpet,last_month,0,0,0,0.0,1500.0
Hourigan P.M.,Clay,all,0,0,0,0.0,1500.0
Hourigan P.M.,Clay,last_year,0,0,0,0.0,1500.0
Hourigan P.M.,Clay,last_month,0,0,0,0.0,1500.0
Hourigan P.M.,Grass,all,0,0,0,0.0,1500.0
Hourigan P.M.,Grass,last_year,0,0,0,0.0,1500.0
Hourigan P.M.,Grass,last_month,0,0,0,0.0,1500.0
Hourigan P.M.,Greenset,all,0,0,0,0.0,1500.0
Hourigan P.M.,Greenset,last_year,0,0,0,0.0,1500.0
Hourigan P.M.,Greenset,last_month,0,0,0,0.0,1500.0
Sromova H.,Hard,all,5,0,5,1.0,1476.6007416132777
Sromova H.,Hard,last_year,0,0,0,0.0,1500.0
Sromova H.,Hard,last_month,0,0,0,0.0,1500.0
Sromova H.,Carpet,all,0,0,0,0.0,1500.0
Sromova H.,Carpet,last_year,0,0,0,0.0,1500.0
Sromova H.,Carpet,last_month,0,0,0,0.0,1500.0
Sromova H.,Clay,all,4,1,3,0.75,1470.138265847991
Sromova H.,Clay,last_year,0,0,0,0.0,1500.0
Sromova H.,Clay,last_month,0,0,0,0.0,1500.0
Sromova H.,Grass,all,2,1,1,0.5,1530.5304984710244
Sromova H.,Grass,last_year,0,0,0,0.0,1500.0
Sromova H.,Grass,last_month,0,0,0,0.0,1500.0
Sromova H.,Greenset,all,1,0,1,1.0,1516.0
Sromova H.,Greenset,last_year,0,0,0,0.0,1500.0
Sromova H.,Greenset,last_month,0,0,0,0.0,1500.0
Pironkova T.,Hard,all,186,71,115,0.6182795698924731,1443.5135330423407
Pironkova T.,Hard,last_year,0,0,0,0.0,1500.0
Pironkova T.,Hard,last_month,0,0,0,0.0,1500.0
Pironkova T.,Carpet,all,2,0,2,1.0,1500.736306793522
Pironkova T.,Carpet,last_year,0,0,0,0.0,1500.0
Pironkova T.,Carpet,last_month,0,0,0,0.0,1500.0
Pironkova T.,Clay,all,101,39,62,0.6138613861386139,1513.586345159901
Pironkova T.,Clay,last_year,0,0,0,0.0,1500.0
Pironkova T.,Clay,last_month,0,0,0,0.0,1500.0
Pironkova T.,Grass,all,52,28,24,0.46153846153846156,1477.371718471838
Pironkova T.,Grass,last_year,0,0,0,0.0,1500.0
Pironkova T.,Grass,last_month,0,0,0,0.0,1500.0
Pironkova T.,Greenset,all,0,0,0,0.0,1500.0
Pironkova T.,Greenset,last_year,0,0,0,0.0,1500.0
Pironkova T.,Greenset,last_month,0,0,0,0.0,1500.0
Gibbs N.,Hard,all,75,29,46,0.6133333333333333,1563.5644246909496
Gibbs N.,Hard,last_year,0,0,0,0.0,1500.0
Gibbs N.,Hard,last_month,0,0,0,0.0,1500.0
Gibbs N.,Carpet,all,0,0,0,0.0,1500.0
Gibbs N.,Carpet,last_year,0,0,0,0.0,1500.0
Gibbs N.,Carpet,last_month,0,0,0,0.0,1500.0
Gibbs N.,Clay,all,11,2,9,0.8181818181818182,1522.4241014221968
Gibbs N.,Clay,last_year,0,0,0,0.0,1500.0
Gibbs N.,Clay,last_month,0,0,0,0.0,1500.0
Gibbs N.,Grass,all,3,0,3,1.0,1482.5833180282505
Gibbs N.,Grass,last_year,0,0,0,0.0,1500.0
Gibbs N.,Grass,last_month,0,0,0,0.0,1500.0
Gibbs N.,Greenset,all,0,0,0,0.0,1500.0
Gibbs N.,Greenset,last_year,0,0,0,0.0,1500.0
Gibbs N.,Greenset,last_month,0,0,0,0.0,1500.0
Safarova L.,Hard,all,335,184,151,0.4507462686567164,1445.519496399298
Safarova L.,Hard,last_year,0,0,0,0.0,1500.0
Safarova L.,Hard,last_month,0,0,0,0.0,1500.0
Safarova L.,Carpet,all,5,4,1,0.2,1541.8010154849892
Safarova L.,Carpet,last_year,0,0,0,0.0,1500.0
Safarova L.,Carpet,last_month,0,0,0,0.0,1500.0
Safarova L.,Clay,all,138,83,55,0.39855072463768115,1479.0417367428015
Safarova L.,Clay,last_year,0,0,0,0.0,1500.0
Safarova L.,Clay,last_month,0,0,0,0.0,1500.0
Safarova L.,Grass,all,56,32,24,0.42857142857142855,1494.5333107714825
Safarova L.,Grass,last_year,0,0,0,0.0,1500.0
Safarova L.,Grass,last_month,0,0,0,0.0,1500.0
Safarova L.,Greenset,all,0,0,0,0.0,1500.0
Safarova L.,Greenset,last_year,0,0,0,0.0,1500.0
Safarova L.,Greenset,last_month,0,0,0,0.0,1500.0
Zhang S.,Hard,all,304,141,163,0.5361842105263158,1490.3936874641176
Zhang S.,Hard,last_year,14,6,8,0.5714285714285714,1516.3175101580475
Zhang S.,Hard,last_month,0,0,0,0.0,1500.0
Zhang S.,Carpet,all,0,0,0,0.0,1500.0
Zhang S.,Carpet,last_year,0,0,0,0.0,1500.0
Zhang S.,Carpet,last_month,0,0,0,0.0,1500.0
Zhang S.,Clay,all,106,40,66,0.6226415094339622,1540.5285164954462
Zhang S.,Clay,last_year,2,1,1,0.5,1500.6016342488006
Zhang S.,Clay,last_month,0,0,0,0.0,1500.0
Zhang S.,Grass,all,51,25,26,0.5098039215686274,1425.2444565210058
Zhang S.,Grass,last_year,2,0,2,1.0,1501.374776234827
Zhang S.,Grass,last_month,1,0,1,1.0,1517.4008374740456
Zhang S.,Greenset,all,0,0,0,0.0,1500.0
Zhang S.,Greenset,last_year,0,0,0,0.0,1500.0
Zhang S.,Greenset,last_month,0,0,0,0.0,1500.0
Santangelo M.,Hard,all,33,15,18,0.5454545454545454,1552.4755259706985
Santangelo M.,Hard,last_year,0,0,0,0.0,1500.0
Santangelo M.,Hard,last_month,0,0,0,0.0,1500.0
Santangelo M.,Carpet,all,2,1,1,0.5,1530.5304984710244
Santangelo M.,Carpet,last_year,0,0,0,0.0,1500.0
Santangelo M.,Carpet,last_month,0,0,0,0.0,1500.0
Santangelo M.,Clay,all,19,8,11,0.5789473684210527,1572.4131230350738
Santangelo M.,Clay,last_year,0,0,0,0.0,1500.0
Santangelo M.,Clay,last_month,0,0,0,0.0,1500.0
Santangelo M.,Grass,all,11,6,5,0.45454545454545453,1481.3943896886205
Santangelo M.,Grass,last_year,0,0,0,0.0,1500.0
Santangelo M.,Grass,last_month,0,0,0,0.0,1500.0
Santangelo M.,Greenset,all,0,0,0,0.0,1500.0
Santangelo M.,Greenset,last_year,0,0,0,0.0,1500.0
Santangelo M.,Greenset,last_month,0,0,0,0.0,1500.0
Chakvetadze A.,Hard,all,129,77,52,0.40310077519379844,1482.2147033590725
Chakvetadze A.,Hard,last_year,0,0,0,0.0,1500.0
Chakvetadze A.,Hard,last_month,0,0,0,0.0,1500.0
Chakvetadze A.,Carpet,all,9,6,3,0.3333333333333333,1489.8068780066244
Chakvetadze A.,Carpet,last_year,0,0,0,0.0,1500.0
Chakvetadze A.,Carpet,last_month,0,0,0,0.0,1500.0
Chakvetadze A.,Clay,all,36,18,18,0.5,1492.141238991939
Chakvetadze A.,Clay,last_year,0,0,0,0.0,1500.0
Chakvetadze A.,Clay,last_month,0,0,0,0.0,1500.0
Chakvetadze A.,Grass,all,24,15,9,0.375,1489.0293545194563
Chakvetadze A.,Grass,last_year,0,0,0,0.0,1500.0
Chakvetadze A.,Grass,last_month,0,0,0,0.0,1500.0
Chakvetadze A.,Greenset,all,0,0,0,0.0,1500.0
Chakvetadze A.,Greenset,last_year,0,0,0,0.0,1500.0
Chakvetadze A.,Greenset,last_month,0,0,0,0.0,1500.0
Candela E.C.,Hard,all,0,0,0,0.0,1500.0
Candela E.C.,Hard,last_year,0,0,0,0.0,1500.0
Candela E.C.,Hard,last_month,0,0,0,0.0,1500.0
Candela E.C.,Carpet,all,0,0,0,0.0,1500.0
Candela E.C.,Carpet,last_year,0,0,0,0.0,1500.0
Candela E.C.,Carpet,last_month,0,0,0,0.0,1500.0
Candela E.C.,Clay,all,2,0,2,1.0,1468.699180633457
Candela E.C.,Clay,last_year,0,0,0,0.0,1500.0
Candela E.C.,Clay,last_month,0,0,0,0.0,1500.0
Candela E.C.,Grass,all,0,0,0,0.0,1500.0
Candela E.C.,Grass,last_year,0,0,0,0.0,1500.0
Candela E.C.,Grass,last_month,0,0,0,0.0,1500.0
Candela E.C.,Greenset,all,0,0,0,0.0,1500.0
Candela E.C.,Greenset,last_year,0,0,0,0.0,1500.0
Candela E.C.,Greenset,last_month,0,0,0,0.0,1500.0
Bellis C.,Hard,all,59,30,29,0.4915254237288136,1500.5877821396548
Bellis C.,Hard,last_year,0,0,0,0.0,1500.0
Bellis C.,Hard,last_month,0,0,0,0.0,1500.0
Bellis C.,Carpet,all,0,0,0,0.0,1500.0
Bellis C.,Carpet,last_year,0,0,0,0.0,1500.0
Bellis C.,Carpet,last_month,0,0,0,0.0,1500.0
Bellis C.,Clay,all,11,6,5,0.45454545454545453,1496.7753540453666
Bellis C.,Clay,last_year,0,0,0,0.0,1500.0
Bellis C.,Clay,last_month,0,0,0,0.0,1500.0
Bellis C.,Grass,all,5,3,2,0.4,1482.4114290129528
Bellis C.,Grass,last_year,0,0,0,0.0,1500.0
Bellis C.,Grass,last_month,0,0,0,0.0,1500.0
Bellis C.,Greenset,all,0,0,0,0.0,1500.0
Bellis C.,Greenset,last_year,0,0,0,0.0,1500.0
Bellis C.,Greenset,last_month,0,0,0,0.0,1500.0
Gumulya S.,Hard,all,2,0,2,1.0,1498.8130905674916
Gumulya S.,Hard,last_year,0,0,0,0.0,1500.0
Gumulya S.,Hard,last_month,0,0,0,0.0,1500.0
Gumulya S.,Carpet,all,0,0,0,0.0,1500.0
Gumulya S.,Carpet,last_year,0,0,0,0.0,1500.0
Gumulya S.,Carpet,last_month,0,0,0,0.0,1500.0
Gumulya S.,Clay,all,0,0,0,0.0,1500.0
Gumulya S.,Clay,last_year,0,0,0,0.0,1500.0
Gumulya S.,Clay,last_month,0,0,0,0.0,1500.0
Gumulya S.,Grass,all,0,0,0,0.0,1500.0
Gumulya S.,Grass,last_year,0,0,0,0.0,1500.0
Gumulya S.,Grass,last_month,0,0,0,0.0,1500.0
Gumulya S.,Greenset,all,1,0,1,1.0,1516.0
Gumulya S.,Greenset,last_year,0,0,0,0.0,1500.0
Gumulya S.,Greenset,last_month,0,0,0,0.0,1500.0
Parra Santonja A.,Hard,all,18,1,17,0.9444444444444444,1472.9053055181655
Parra Santonja A.,Hard,last_year,0,0,0,0.0,1500.0
Parra Santonja A.,Hard,last_month,0,0,0,0.0,1500.0
Parra Santonja A.,Carpet,all,0,0,0,0.0,1500.0
Parra Santonja A.,Carpet,last_year,0,0,0,0.0,1500.0
Parra Santonja A.,Carpet,last_month,0,0,0,0.0,1500.0
Parra Santonja A.,Clay,all,54,25,29,0.5370370370370371,1475.5201309408103
Parra Santonja A.,Clay,last_year,0,0,0,0.0,1500.0
Parra Santonja A.,Clay,last_month,0,0,0,0.0,1500.0
Parra Santonja A.,Grass,all,10,3,7,0.7,1496.1985333123923
Parra Santonja A.,Grass,last_year,0,0,0,0.0,1500.0
Parra Santonja A.,Grass,last_month,0,0,0,0.0,1500.0
Parra Santonja A.,Greenset,all,0,0,0,0.0,1500.0
Parra Santonja A.,Greenset,last_year,0,0,0,0.0,1500.0
Parra Santonja A.,Greenset,last_month,0,0,0,0.0,1500.0
Han N-L.,Hard,all,2,0,2,1.0,1497.4354173738184
Han N-L.,Hard,last_year,0,0,0,0.0,1500.0
Han N-L.,Hard,last_month,0,0,0,0.0,1500.0
Han N-L.,Carpet,all,0,0,0,0.0,1500.0
Han N-L.,Carpet,last_year,0,0,0,0.0,1500.0
Han N-L.,Carpet,last_month,0,0,0,0.0,1500.0
Han N-L.,Clay,all,0,0,0,0.0,1500.0
Han N-L.,Clay,last_year,0,0,0,0.0,1500.0
Han N-L.,Clay,last_month,0,0,0,0.0,1500.0
Han N-L.,Grass,all,0,0,0,0.0,1500.0
Han N-L.,Grass,last_year,0,0,0,0.0,1500.0
Han N-L.,Grass,last_month,0,0,0,0.0,1500.0
Han N-L.,Greenset,all,0,0,0,0.0,1500.0
Han N-L.,Greenset,last_year,0,0,0,0.0,1500.0
Han N-L.,Greenset,last_month,0,0,0,0.0,1500.0
Arn G.,Hard,all,44,17,27,0.6136363636363636,1550.491268531539
Arn G.,Hard,last_year,0,0,0,0.0,1500.0
Arn G.,Hard,last_month,0,0,0,0.0,1500.0
Arn G.,Carpet,all,0,0,0,0.0,1500.0
Arn G.,Carpet,last_year,0,0,0,0.0,1500.0
Arn G.,Carpet,last_month,0,0,0,0.0,1500.0
Arn G.,Clay,all,52,24,28,0.5384615384615384,1488.166214530205
Arn G.,Clay,last_year,0,0,0,0.0,1500.0
Arn G.,Clay,last_month,0,0,0,0.0,1500.0
Arn G.,Grass,all,6,2,4,0.6666666666666666,1559.3172382114353
Arn G.,Grass,last_year,0,0,0,0.0,1500.0
Arn G.,Grass,last_month,0,0,0,0.0,1500.0
Arn G.,Greenset,all,0,0,0,0.0,1500.0
Arn G.,Greenset,last_year,0,0,0,0.0,1500.0
Arn G.,Greenset,last_month,0,0,0,0.0,1500.0
Vicens Mas R.,Hard,all,0,0,0,0.0,1500.0
Vicens Mas R.,Hard,last_year,0,0,0,0.0,1500.0
Vicens Mas R.,Hard,last_month,0,0,0,0.0,1500.0
Vicens Mas R.,Carpet,all,0,0,0,0.0,1500.0
Vicens Mas R.,Carpet,last_year,0,0,0,0.0,1500.0
Vicens Mas R.,Carpet,last_month,0,0,0,0.0,1500.0
Vicens Mas R.,Clay,all,1,0,1,1.0,1484.0
Vicens Mas R.,Clay,last_year,0,0,0,0.0,1500.0
Vicens Mas R.,Clay,last_month,0,0,0,0.0,1500.0
Vicens Mas R.,Grass,all,0,0,0,0.0,1500.0
Vicens Mas R.,Grass,last_year,0,0,0,0.0,1500.0
Vicens Mas R.,Grass,last_month,0,0,0,0.0,1500.0
Vicens Mas R.,Greenset,all,0,0,0,0.0,1500.0
Vicens Mas R.,Greenset,last_year,0,0,0,0.0,1500.0
Vicens Mas R.,Greenset,last_month,0,0,0,0.0,1500.0
Uchijima M.,Hard,all,39,12,27,0.6923076923076923,1297.8681927283235
Uchijima M.,Hard,last_year,26,8,18,0.6923076923076923,1306.3491723476363
Uchijima M.,Hard,last_month,0,0,0,0.0,1500.0
Uchijima M.,Carpet,all,0,0,0,0.0,1500.0
Uchijima M.,Carpet,last_year,0,0,0,0.0,1500.0
Uchijima M.,Carpet,last_month,0,0,0,0.0,1500.0
Uchijima M.,Clay,all,12,7,5,0.4166666666666667,1473.993507873526
Uchijima M.,Clay,last_year,10,6,4,0.4,1470.734127373093
Uchijima M.,Clay,last_month,0,0,0,0.0,1500.0
Uchijima M.,Grass,all,4,0,4,1.0,1499.2585786018917
Uchijima M.,Grass,last_year,3,0,3,1.0,1513.2583577128262
Uchijima M.,Grass,last_month,2,0,2,1.0,1529.3776757685428
Uchijima M.,Greenset,all,0,0,0,0.0,1500.0
Uchijima M.,Greenset,last_year,0,0,0,0.0,1500.0
Uchijima M.,Greenset,last_month,0,0,0,0.0,1500.0
Williams S.,Hard,all,368,322,46,0.125,1462.1477180973097
Williams S.,Hard,last_year,0,0,0,0.0,1500.0
Williams S.,Hard,last_month,0,0,0,0.0,1500.0
Williams S.,Carpet,all,7,6,1,0.8571428571428571,1479.7675639170136
Williams S.,Carpet,last_year,0,0,0,0.0,1500.0
Williams S.,Carpet,last_month,0,0,0,0.0,1500.0
Williams S.,Clay,all,133,114,19,0.14285714285714285,1567.7663458341865
Williams S.,Clay,last_year,0,0,0,0.0,1500.0
Williams S.,Clay,last_month,0,0,0,0.0,1500.0
Williams S.,Grass,all,74,65,9,0.12162162162162163,1533.2062179662396
Williams S.,Grass,last_year,0,0,0,0.0,1500.0
Williams S.,Grass,last_month,0,0,0,0.0,1500.0
Williams S.,Greenset,all,0,0,0,0.0,1500.0
Williams S.,Greenset,last_year,0,0,0,0.0,1500.0
Williams S.,Greenset,last_month,0,0,0,0.0,1500.0
Xu Y-F.,Hard,all,1,0,1,1.0,1482.4387853188148
Xu Y-F.,Hard,last_year,0,0,0,0.0,1500.0
Xu Y-F.,Hard,last_month,0,0,0,0.0,1500.0
Xu Y-F.,Carpet,all,0,0,0,0.0,1500.0
Xu Y-F.,Carpet,last_year,0,0,0,0.0,1500.0
Xu Y-F.,Carpet,last_month,0,0,0,0.0,1500.0
Xu Y-F.,Clay,all,0,0,0,0.0,1500.0
Xu Y-F.,Clay,last_year,0,0,0,0.0,1500.0
Xu Y-F.,Clay,last_month,0,0,0,0.0,1500.0
Xu Y-F.,Grass,all,0,0,0,0.0,1500.0
Xu Y-F.,Grass,last_year,0,0,0,0.0,1500.0
Xu Y-F.,Grass,last_month,0,0,0,0.0,1500.0
Xu Y-F.,Greenset,all,0,0,0,0.0,1500.0
Xu Y-F.,Greenset,last_year,0,0,0,0.0,1500.0
Xu Y-F.,Greenset,last_month,0,0,0,0.0,1500.0
Babel O.,Hard,all,0,0,0,0.0,1500.0
Babel O.,Hard,last_year,0,0,0,0.0,1500.0
Babel O.,Hard,last_month,0,0,0,0.0,1500.0
Babel O.,Carpet,all,0,0,0,0.0,1500.0
Babel O.,Carpet,last_year,0,0,0,0.0,1500.0
Babel O.,Carpet,last_month,0,0,0,0.0,1500.0
Babel O.,Clay,all,1,0,1,1.0,1486.6341587383238
Babel O.,Clay,last_year,0,0,0,0.0,1500.0
Babel O.,Clay,last_month,0,0,0,0.0,1500.0
Babel O.,Grass,all,0,0,0,0.0,1500.0
Babel O.,Grass,last_year,0,0,0,0.0,1500.0
Babel O.,Grass,last_month,0,0,0,0.0,1500.0
Babel O.,Greenset,all,0,0,0,0.0,1500.0
Babel O.,Greenset,last_year,0,0,0,0.0,1500.0
Babel O.,Greenset,last_month,0,0,0,0.0,1500.0
Zahlavova Strycova B.,Hard,all,135,63,72,0.5333333333333333,1473.3381223344377
Zahlavova Strycova B.,Hard,last_year,0,0,0,0.0,1500.0
Zahlavova Strycova B.,Hard,last_month,0,0,0,0.0,1500.0
Zahlavova Strycova B.,Carpet,all,0,0,0,0.0,1500.0
Zahlavova Strycova B.,Carpet,last_year,0,0,0,0.0,1500.0
Zahlavova Strycova B.,Carpet,last_month,0,0,0,0.0,1500.0
Zahlavova Strycova B.,Clay,all,69,29,40,0.5797101449275363,1510.0650876885677
Zahlavova Strycova B.,Clay,last_year,0,0,0,0.0,1500.0
Zahlavova Strycova B.,Clay,last_month,0,0,0,0.0,1500.0
Zahlavova Strycova B.,Grass,all,27,14,13,0.48148148148148145,1561.3751948177116
Zahlavova Strycova B.,Grass,last_year,0,0,0,0.0,1500.0
Zahlavova Strycova B.,Grass,last_month,0,0,0,0.0,1500.0
Zahlavova Strycova B.,Greenset,all,0,0,0,0.0,1500.0
Zahlavova Strycova B.,Greenset,last_year,0,0,0,0.0,1500.0
Zahlavova Strycova B.,Greenset,last_month,0,0,0,0.0,1500.0
Nogueira A.,Hard,all,0,0,0,0.0,1500.0
Nogueira A.,Hard,last_year,0,0,0,0.0,1500.0
Nogueira A.,Hard,last_month,0,0,0,0.0,1500.0
Nogueira A.,Carpet,all,0,0,0,0.0,1500.0
Nogueira A.,Carpet,last_year,0,0,0,0.0,1500.0
Nogueira A.,Carpet,last_month,0,0,0,0.0,1500.0
Nogueira A.,Clay,all,1,0,1,1.0,1484.190524137642
Nogueira A.,Clay,last_year,0,0,0,0.0,1500.0
Nogueira A.,Clay,last_month,0,0,0,0.0,1500.0
Nogueira A.,Grass,all,0,0,0,0.0,1500.0
Nogueira A.,Grass,last_year,0,0,0,0.0,1500.0
Nogueira A.,Grass,last_month,0,0,0,0.0,1500.0
Nogueira A.,Greenset,all,0,0,0,0.0,1500.0
Nogueira A.,Greenset,last_year,0,0,0,0.0,1500.0
Nogueira A.,Greenset,last_month,0,0,0,0.0,1500.0
Wejnert M.,Hard,all,2,0,2,1.0,1500.1226692001683
Wejnert M.,Hard,last_year,0,0,0,0.0,1500.0
Wejnert M.,Hard,last_month,0,0,0,0.0,1500.0
Wejnert M.,Carpet,all,0,0,0,0.0,1500.0
Wejnert M.,Carpet,last_year,0,0,0,0.0,1500.0
Wejnert M.,Carpet,last_month,0,0,0,0.0,1500.0
Wejnert M.,Clay,all,0,0,0,0.0,1500.0
Wejnert M.,Clay,last_year,0,0,0,0.0,1500.0
Wejnert M.,Clay,last_month,0,0,0,0.0,1500.0
Wejnert M.,Grass,all,0,0,0,0.0,1500.0
Wejnert M.,Grass,last_year,0,0,0,0.0,1500.0
Wejnert M.,Grass,last_month,0,0,0,0.0,1500.0
Wejnert M.,Greenset,all,0,0,0,0.0,1500.0
Wejnert M.,Greenset,last_year,0,0,0,0.0,1500.0
Wejnert M.,Greenset,last_month,0,0,0,0.0,1500.0
Afinogenova K.,Hard,all,0,0,0,0.0,1500.0
Afinogenova K.,Hard,last_year,0,0,0,0.0,1500.0
Afinogenova K.,Hard,last_month,0,0,0,0.0,1500.0
Afinogenova K.,Carpet,all,0,0,0,0.0,1500.0
Afinogenova K.,Carpet,last_year,0,0,0,0.0,1500.0
Afinogenova K.,Carpet,last_month,0,0,0,0.0,1500.0
Afinogenova K.,Clay,all,2,1,1,0.5,1532.4189158412128
Afinogenova K.,Clay,last_year,0,0,0,0.0,1500.0
Afinogenova K.,Clay,last_month,0,0,0,0.0,1500.0
Afinogenova K.,Grass,all,0,0,0,0.0,1500.0
Afinogenova K.,Grass,last_year,0,0,0,0.0,1500.0
Afinogenova K.,Grass,last_month,0,0,0,0.0,1500.0
Afinogenova K.,Greenset,all,0,0,0,0.0,1500.0
Afinogenova K.,Greenset,last_year,0,0,0,0.0,1500.0
Afinogenova K.,Greenset,last_month,0,0,0,0.0,1500.0
Castano C.,Hard,all,28,9,19,0.6785714285714286,1471.6302663682686
Castano C.,Hard,last_year,0,0,0,0.0,1500.0
Castano C.,Hard,last_month,0,0,0,0.0,1500.0
Castano C.,Carpet,all,0,0,0,0.0,1500.0
Castano C.,Carpet,last_year,0,0,0,0.0,1500.0
Castano C.,Carpet,last_month,0,0,0,0.0,1500.0
Castano C.,Clay,all,38,16,22,0.5789473684210527,1519.4526077401017
Castano C.,Clay,last_year,0,0,0,0.0,1500.0
Castano C.,Clay,last_month,0,0,0,0.0,1500.0
Castano C.,Grass,all,2,0,2,1.0,1532.4349885429183
Castano C.,Grass,last_year,0,0,0,0.0,1500.0
Castano C.,Grass,last_month,0,0,0,0.0,1500.0
Castano C.,Greenset,all,0,0,0,0.0,1500.0
Castano C.,Greenset,last_year,0,0,0,0.0,1500.0
Castano C.,Greenset,last_month,0,0,0,0.0,1500.0
Kapshay V.,Hard,all,1,0,1,1.0,1516.6795318252218
Kapshay V.,Hard,last_year,0,0,0,0.0,1500.0
Kapshay V.,Hard,last_month,0,0,0,0.0,1500.0
Kapshay V.,Carpet,all,0,0,0,0.0,1500.0
Kapshay V.,Carpet,last_year,0,0,0,0.0,1500.0
Kapshay V.,Carpet,last_month,0,0,0,0.0,1500.0
Kapshay V.,Clay,all,0,0,0,0.0,1500.0
Kapshay V.,Clay,last_year,0,0,0,0.0,1500.0
Kapshay V.,Clay,last_month,0,0,0,0.0,1500.0
Kapshay V.,Grass,all,0,0,0,0.0,1500.0
Kapshay V.,Grass,last_year,0,0,0,0.0,1500.0
Kapshay V.,Grass,last_month,0,0,0,0.0,1500.0
Kapshay V.,Greenset,all,0,0,0,0.0,1500.0
Kapshay V.,Greenset,last_year,0,0,0,0.0,1500.0
Kapshay V.,Greenset,last_month,0,0,0,0.0,1500.0
Kolesnichenko A.,Hard,all,1,0,1,1.0,1481.4084408028432
Kolesnichenko A.,Hard,last_year,0,0,0,0.0,1500.0
Kolesnichenko A.,Hard,last_month,0,0,0,0.0,1500.0
Kolesnichenko A.,Carpet,all,0,0,0,0.0,1500.0
Kolesnichenko A.,Carpet,last_year,0,0,0,0.0,1500.0
Kolesnichenko A.,Carpet,last_month,0,0,0,0.0,1500.0
Kolesnichenko A.,Clay,all,0,0,0,0.0,1500.0
Kolesnichenko A.,Clay,last_year,0,0,0,0.0,1500.0
Kolesnichenko A.,Clay,last_month,0,0,0,0.0,1500.0
Kolesnichenko A.,Grass,all,0,0,0,0.0,1500.0
Kolesnichenko A.,Grass,last_year,0,0,0,0.0,1500.0
Kolesnichenko A.,Grass,last_month,0,0,0,0.0,1500.0
Kolesnichenko A.,Greenset,all,0,0,0,0.0,1500.0
Kolesnichenko A.,Greenset,last_year,0,0,0,0.0,1500.0
Kolesnichenko A.,Greenset,last_month,0,0,0,0.0,1500.0
Burger C.,Hard,all,2,0,2,1.0,1502.1464855680306
Burger C.,Hard,last_year,0,0,0,0.0,1500.0
Burger C.,Hard,last_month,0,0,0,0.0,1500.0
Burger C.,Carpet,all,0,0,0,0.0,1500.0
Burger C.,Carpet,last_year,0,0,0,0.0,1500.0
Burger C.,Carpet,last_month,0,0,0,0.0,1500.0
Burger C.,Clay,all,7,3,4,0.5714285714285714,1480.4336487842947
Burger C.,Clay,last_year,0,0,0,0.0,1500.0
Burger C.,Clay,last_month,0,0,0,0.0,1500.0
Burger C.,Grass,all,0,0,0,0.0,1500.0
Burger C.,Grass,last_year,0,0,0,0.0,1500.0
Burger C.,Grass,last_month,0,0,0,0.0,1500.0
Burger C.,Greenset,all,0,0,0,0.0,1500.0
Burger C.,Greenset,last_year,0,0,0,0.0,1500.0
Burger C.,Greenset,last_month,0,0,0,0.0,1500.0
Juvan K.,Hard,all,45,21,24,0.5333333333333333,1577.5895776884731
Juvan K.,Hard,last_year,1,0,1,1.0,1482.1415650198883
Juvan K.,Hard,last_month,0,0,0,0.0,1500.0
Juvan K.,Carpet,all,0,0,0,0.0,1500.0
Juvan K.,Carpet,last_year,0,0,0,0.0,1500.0
Juvan K.,Carpet,last_month,0,0,0,0.0,1500.0
Juvan K.,Clay,all,25,11,14,0.56,1476.138728758653
Juvan K.,Clay,last_year,0,0,0,0.0,1500.0
Juvan K.,Clay,last_month,0,0,0,0.0,1500.0
Juvan K.,Grass,all,13,6,7,0.5384615384615384,1538.313130886121
Juvan K.,Grass,last_year,1,0,1,1.0,1483.263693206478
Juvan K.,Grass,last_month,1,0,1,1.0,1484.0
Juvan K.,Greenset,all,0,0,0,0.0,1500.0
Juvan K.,Greenset,last_year,0,0,0,0.0,1500.0
Juvan K.,Greenset,last_month,0,0,0,0.0,1500.0
Koehler M.J.,Hard,all,4,1,3,0.75,1536.5445629673945
Koehler M.J.,Hard,last_year,0,0,0,0.0,1500.0
Koehler M.J.,Hard,last_month,0,0,0,0.0,1500.0
Koehler M.J.,Carpet,all,0,0,0,0.0,1500.0
Koehler M.J.,Carpet,last_year,0,0,0,0.0,1500.0
Koehler M.J.,Carpet,last_month,0,0,0,0.0,1500.0
Koehler M.J.,Clay,all,11,1,10,0.9090909090909091,1478.3103174994346
Koehler M.J.,Clay,last_year,0,0,0,0.0,1500.0
Koehler M.J.,Clay,last_month,0,0,0,0.0,1500.0
Koehler M.J.,Grass,all,2,0,2,1.0,1501.3960644510694
Koehler M.J.,Grass,last_year,0,0,0,0.0,1500.0
Koehler M.J.,Grass,last_month,0,0,0,0.0,1500.0
Koehler M.J.,Greenset,all,0,0,0,0.0,1500.0
Koehler M.J.,Greenset,last_year,0,0,0,0.0,1500.0
Koehler M.J.,Greenset,last_month,0,0,0,0.0,1500.0
Georges M.,Hard,all,1,0,1,1.0,1514.7632140454002
Georges M.,Hard,last_year,0,0,0,0.0,1500.0
Georges M.,Hard,last_month,0,0,0,0.0,1500.0
Georges M.,Carpet,all,0,0,0,0.0,1500.0
Georges M.,Carpet,last_year,0,0,0,0.0,1500.0
Georges M.,Carpet,last_month,0,0,0,0.0,1500.0
Georges M.,Clay,all,5,1,4,0.8,1541.3121203705182
Georges M.,Clay,last_year,0,0,0,0.0,1500.0
Georges M.,Clay,last_month,0,0,0,0.0,1500.0
Georges M.,Grass,all,0,0,0,0.0,1500.0
Georges M.,Grass,last_year,0,0,0,0.0,1500.0
Georges M.,Grass,last_month,0,0,0,0.0,1500.0
Georges M.,Greenset,all,0,0,0,0.0,1500.0
Georges M.,Greenset,last_year,0,0,0,0.0,1500.0
Georges M.,Greenset,last_month,0,0,0,0.0,1500.0
Jakupovic D.,Hard,all,28,9,19,0.6785714285714286,1532.6708646775967
Jakupovic D.,Hard,last_year,0,0,0,0.0,1500.0
Jakupovic D.,Hard,last_month,0,0,0,0.0,1500.0
Jakupovic D.,Carpet,all,0,0,0,0.0,1500.0
Jakupovic D.,Carpet,last_year,0,0,0,0.0,1500.0
Jakupovic D.,Carpet,last_month,0,0,0,0.0,1500.0
Jakupovic D.,Clay,all,17,6,11,0.6470588235294118,1531.1048497330614
Jakupovic D.,Clay,last_year,0,0,0,0.0,1500.0
Jakupovic D.,Clay,last_month,0,0,0,0.0,1500.0
Jakupovic D.,Grass,all,7,3,4,0.5714285714285714,1525.46799108536
Jakupovic D.,Grass,last_year,0,0,0,0.0,1500.0
Jakupovic D.,Grass,last_month,0,0,0,0.0,1500.0
Jakupovic D.,Greenset,all,0,0,0,0.0,1500.0
Jakupovic D.,Greenset,last_year,0,0,0,0.0,1500.0
Jakupovic D.,Greenset,last_month,0,0,0,0.0,1500.0
Tauson C.,Hard,all,86,55,31,0.36046511627906974,1432.3779178344957
Tauson C.,Hard,last_year,34,22,12,0.35294117647058826,1439.4777201727104
Tauson C.,Hard,last_month,0,0,0,0.0,1500.0
Tauson C.,Carpet,all,0,0,0,0.0,1500.0
Tauson C.,Carpet,last_year,0,0,0,0.0,1500.0
Tauson C.,Carpet,last_month,0,0,0,0.0,1500.0
Tauson C.,Clay,all,29,14,15,0.5172413793103449,1489.5476448941422
Tauson C.,Clay,last_year,8,3,5,0.625,1496.8553797750747
Tauson C.,Clay,last_month,0,0,0,0.0,1500.0
Tauson C.,Grass,all,13,6,7,0.5384615384615384,1524.906675268413
Tauson C.,Grass,last_year,10,6,4,0.4,1519.7779440527927
Tauson C.,Grass,last_month,9,6,3,0.3333333333333333,1511.433383142653
Tauson C.,Greenset,all,0,0,0,0.0,1500.0
Tauson C.,Greenset,last_year,0,0,0,0.0,1500.0
Tauson C.,Greenset,last_month,0,0,0,0.0,1500.0
Lee Y-H.,Hard,all,1,0,1,1.0,1514.846758830366
Lee Y-H.,Hard,last_year,0,0,0,0.0,1500.0
Lee Y-H.,Hard,last_month,0,0,0,0.0,1500.0
Lee Y-H.,Carpet,all,0,0,0,0.0,1500.0
Lee Y-H.,Carpet,last_year,0,0,0,0.0,1500.0
Lee Y-H.,Carpet,last_month,0,0,0,0.0,1500.0
Lee Y-H.,Clay,all,0,0,0,0.0,1500.0
Lee Y-H.,Clay,last_year,0,0,0,0.0,1500.0
Lee Y-H.,Clay,last_month,0,0,0,0.0,1500.0
Lee Y-H.,Grass,all,0,0,0,0.0,1500.0
Lee Y-H.,Grass,last_year,0,0,0,0.0,1500.0
Lee Y-H.,Grass,last_month,0,0,0,0.0,1500.0
Lee Y-H.,Greenset,all,0,0,0,0.0,1500.0
Lee Y-H.,Greenset,last_year,0,0,0,0.0,1500.0
Lee Y-H.,Greenset,last_month,0,0,0,0.0,1500.0
Wang Xiy.,Hard,all,96,43,53,0.5520833333333334,1474.3213718773166
Wang Xiy.,Hard,last_year,19,7,12,0.631578947368421,1464.2940942385853
Wang Xiy.,Hard,last_month,0,0,0,0.0,1500.0
Wang Xiy.,Carpet,all,0,0,0,0.0,1500.0
Wang Xiy.,Carpet,last_year,0,0,0,0.0,1500.0
Wang Xiy.,Carpet,last_month,0,0,0,0.0,1500.0
Wang Xiy.,Clay,all,30,14,16,0.5333333333333333,1549.3776418899133
Wang Xiy.,Clay,last_year,2,1,1,0.5,1498.5304984710244
Wang Xiy.,Clay,last_month,0,0,0,0.0,1500.0
Wang Xiy.,Grass,all,9,2,7,0.7777777777777778,1489.2747659479378
Wang Xiy.,Grass,last_year,1,0,1,1.0,1516.0
Wang Xiy.,Grass,last_month,0,0,0,0.0,1500.0
Wang Xiy.,Greenset,all,0,0,0,0.0,1500.0
Wang Xiy.,Greenset,last_year,0,0,0,0.0,1500.0
Wang Xiy.,Greenset,last_month,0,0,0,0.0,1500.0
Diyas Z.,Hard,all,145,68,77,0.5310344827586206,1498.9436053474597
Diyas Z.,Hard,last_year,2,0,2,1.0,1502.0408241015075
Diyas Z.,Hard,last_month,0,0,0,0.0,1500.0
Diyas Z.,Carpet,all,0,0,0,0.0,1500.0
Diyas Z.,Carpet,last_year,0,0,0,0.0,1500.0
Diyas Z.,Carpet,last_month,0,0,0,0.0,1500.0
Diyas Z.,Clay,all,48,19,29,0.6041666666666666,1488.728182326588
Diyas Z.,Clay,last_year,0,0,0,0.0,1500.0
Diyas Z.,Clay,last_month,0,0,0,0.0,1500.0
Diyas Z.,Grass,all,23,11,12,0.5217391304347826,1534.3298217412937
Diyas Z.,Grass,last_year,0,0,0,0.0,1500.0
Diyas Z.,Grass,last_month,0,0,0,0.0,1500.0
Diyas Z.,Greenset,all,0,0,0,0.0,1500.0
Diyas Z.,Greenset,last_year,0,0,0,0.0,1500.0
Diyas Z.,Greenset,last_month,0,0,0,0.0,1500.0
Yang Z.,Hard,all,7,1,6,0.8571428571428571,1480.250443135737
Yang Z.,Hard,last_year,0,0,0,0.0,1500.0
Yang Z.,Hard,last_month,0,0,0,0.0,1500.0
Yang Z.,Carpet,all,0,0,0,0.0,1500.0
Yang Z.,Carpet,last_year,0,0,0,0.0,1500.0
Yang Z.,Carpet,last_month,0,0,0,0.0,1500.0
Yang Z.,Clay,all,0,0,0,0.0,1500.0
Yang Z.,Clay,last_year,0,0,0,0.0,1500.0
Yang Z.,Clay,last_month,0,0,0,0.0,1500.0
Yang Z.,Grass,all,0,0,0,0.0,1500.0
Yang Z.,Grass,last_year,0,0,0,0.0,1500.0
Yang Z.,Grass,last_month,0,0,0,0.0,1500.0
Yang Z.,Greenset,all,0,0,0,0.0,1500.0
Yang Z.,Greenset,last_year,0,0,0,0.0,1500.0
Yang Z.,Greenset,last_month,0,0,0,0.0,1500.0
Barbieri G.,Hard,all,0,0,0,0.0,1500.0
Barbieri G.,Hard,last_year,0,0,0,0.0,1500.0
Barbieri G.,Hard,last_month,0,0,0,0.0,1500.0
Barbieri G.,Carpet,all,0,0,0,0.0,1500.0
Barbieri G.,Carpet,last_year,0,0,0,0.0,1500.0
Barbieri G.,Carpet,last_month,0,0,0,0.0,1500.0
Barbieri G.,Clay,all,1,0,1,1.0,1513.3987348685025
Barbieri G.,Clay,last_year,0,0,0,0.0,1500.0
Barbieri G.,Clay,last_month,0,0,0,0.0,1500.0
Barbieri G.,Grass,all,0,0,0,0.0,1500.0
Barbieri G.,Grass,last_year,0,0,0,0.0,1500.0
Barbieri G.,Grass,last_month,0,0,0,0.0,1500.0
Barbieri G.,Greenset,all,0,0,0,0.0,1500.0
Barbieri G.,Greenset,last_year,0,0,0,0.0,1500.0
Barbieri G.,Greenset,last_month,0,0,0,0.0,1500.0
Naklo T.,Hard,all,2,0,2,1.0,1466.1009791273675
Naklo T.,Hard,last_year,1,0,1,1.0,1484.0
Naklo T.,Hard,last_month,0,0,0,0.0,1500.0
Naklo T.,Carpet,all,0,0,0,0.0,1500.0
Naklo T.,Carpet,last_year,0,0,0,0.0,1500.0
Naklo T.,Carpet,last_month,0,0,0,0.0,1500.0
Naklo T.,Clay,all,0,0,0,0.0,1500.0
Naklo T.,Clay,last_year,0,0,0,0.0,1500.0
Naklo T.,Clay,last_month,0,0,0,0.0,1500.0
Naklo T.,Grass,all,0,0,0,0.0,1500.0
Naklo T.,Grass,last_year,0,0,0,0.0,1500.0
Naklo T.,Grass,last_month,0,0,0,0.0,1500.0
Naklo T.,Greenset,all,0,0,0,0.0,1500.0
Naklo T.,Greenset,last_year,0,0,0,0.0,1500.0
Naklo T.,Greenset,last_month,0,0,0,0.0,1500.0
Stanciute L.,Hard,all,1,0,1,1.0,1517.4284460560034
Stanciute L.,Hard,last_year,0,0,0,0.0,1500.0
Stanciute L.,Hard,last_month,0,0,0,0.0,1500.0
Stanciute L.,Carpet,all,0,0,0,0.0,1500.0
Stanciute L.,Carpet,last_year,0,0,0,0.0,1500.0
Stanciute L.,Carpet,last_month,0,0,0,0.0,1500.0
Stanciute L.,Clay,all,0,0,0,0.0,1500.0
Stanciute L.,Clay,last_year,0,0,0,0.0,1500.0
Stanciute L.,Clay,last_month,0,0,0,0.0,1500.0
Stanciute L.,Grass,all,0,0,0,0.0,1500.0
Stanciute L.,Grass,last_year,0,0,0,0.0,1500.0
Stanciute L.,Grass,last_month,0,0,0,0.0,1500.0
Stanciute L.,Greenset,all,0,0,0,0.0,1500.0
Stanciute L.,Greenset,last_year,0,0,0,0.0,1500.0
Stanciute L.,Greenset,last_month,0,0,0,0.0,1500.0
Brianti A.,Hard,all,81,31,50,0.6172839506172839,1568.9460551799266
Brianti A.,Hard,last_year,0,0,0,0.0,1500.0
Brianti A.,Hard,last_month,0,0,0,0.0,1500.0
Brianti A.,Carpet,all,0,0,0,0.0,1500.0
Brianti A.,Carpet,last_year,0,0,0,0.0,1500.0
Brianti A.,Carpet,last_month,0,0,0,0.0,1500.0
Brianti A.,Clay,all,41,14,27,0.6585365853658537,1568.0548098698855
Brianti A.,Clay,last_year,0,0,0,0.0,1500.0
Brianti A.,Clay,last_month,0,0,0,0.0,1500.0
Brianti A.,Grass,all,10,1,9,0.9,1538.9383917087525
Brianti A.,Grass,last_year,0,0,0,0.0,1500.0
Brianti A.,Grass,last_month,0,0,0,0.0,1500.0
Brianti A.,Greenset,all,1,0,1,1.0,1516.0
Brianti A.,Greenset,last_year,0,0,0,0.0,1500.0
Brianti A.,Greenset,last_month,0,0,0,0.0,1500.0
Dinu C.,Hard,all,0,0,0,0.0,1500.0
Dinu C.,Hard,last_year,0,0,0,0.0,1500.0
Dinu C.,Hard,last_month,0,0,0,0.0,1500.0
Dinu C.,Carpet,all,0,0,0,0.0,1500.0
Dinu C.,Carpet,last_year,0,0,0,0.0,1500.0
Dinu C.,Carpet,last_month,0,0,0,0.0,1500.0
Dinu C.,Clay,all,4,1,3,0.75,1499.354822365567
Dinu C.,Clay,last_year,0,0,0,0.0,1500.0
Dinu C.,Clay,last_month,0,0,0,0.0,1500.0
Dinu C.,Grass,all,0,0,0,0.0,1500.0
Dinu C.,Grass,last_year,0,0,0,0.0,1500.0
Dinu C.,Grass,last_month,0,0,0,0.0,1500.0
Dinu C.,Greenset,all,0,0,0,0.0,1500.0
Dinu C.,Greenset,last_year,0,0,0,0.0,1500.0
Dinu C.,Greenset,last_month,0,0,0,0.0,1500.0
Park S.,Hard,all,1,0,1,1.0,1482.7886552251887
Park S.,Hard,last_year,0,0,0,0.0,1500.0
Park S.,Hard,last_month,0,0,0,0.0,1500.0
Park S.,Carpet,all,0,0,0,0.0,1500.0
Park S.,Carpet,last_year,0,0,0,0.0,1500.0
Park S.,Carpet,last_month,0,0,0,0.0,1500.0
Park S.,Clay,all,0,0,0,0.0,1500.0
Park S.,Clay,last_year,0,0,0,0.0,1500.0
Park S.,Clay,last_month,0,0,0,0.0,1500.0
Park S.,Grass,all,0,0,0,0.0,1500.0
Park S.,Grass,last_year,0,0,0,0.0,1500.0
Park S.,Grass,last_month,0,0,0,0.0,1500.0
Park S.,Greenset,all,0,0,0,0.0,1500.0
Park S.,Greenset,last_year,0,0,0,0.0,1500.0
Park S.,Greenset,last_month,0,0,0,0.0,1500.0
Jones E.,Hard,all,3,1,2,0.6666666666666666,1483.3895322152916
Jones E.,Hard,last_year,3,1,2,0.6666666666666666,1485.4803041189432
Jones E.,Hard,last_month,0,0,0,0.0,1500.0
Jones E.,Carpet,all,0,0,0,0.0,1500.0
Jones E.,Carpet,last_year,0,0,0,0.0,1500.0
Jones E.,Carpet,last_month,0,0,0,0.0,1500.0
Jones E.,Clay,all,0,0,0,0.0,1500.0
Jones E.,Clay,last_year,0,0,0,0.0,1500.0
Jones E.,Clay,last_month,0,0,0,0.0,1500.0
Jones E.,Grass,all,0,0,0,0.0,1500.0
Jones E.,Grass,last_year,0,0,0,0.0,1500.0
Jones E.,Grass,last_month,0,0,0,0.0,1500.0
Jones E.,Greenset,all,0,0,0,0.0,1500.0
Jones E.,Greenset,last_year,0,0,0,0.0,1500.0
Jones E.,Greenset,last_month,0,0,0,0.0,1500.0
Larsson J.,Hard,all,163,68,95,0.5828220858895705,1403.0269119725986
Larsson J.,Hard,last_year,0,0,0,0.0,1500.0
Larsson J.,Hard,last_month,0,0,0,0.0,1500.0
Larsson J.,Carpet,all,0,0,0,0.0,1500.0
Larsson J.,Carpet,last_year,0,0,0,0.0,1500.0
Larsson J.,Carpet,last_month,0,0,0,0.0,1500.0
Larsson J.,Clay,all,135,71,64,0.4740740740740741,1535.3814551084147
Larsson J.,Clay,last_year,0,0,0,0.0,1500.0
Larsson J.,Clay,last_month,0,0,0,0.0,1500.0
Larsson J.,Grass,all,17,3,14,0.8235294117647058,1485.1464274819791
Larsson J.,Grass,last_year,0,0,0,0.0,1500.0
Larsson J.,Grass,last_month,0,0,0,0.0,1500.0
Larsson J.,Greenset,all,0,0,0,0.0,1500.0
Larsson J.,Greenset,last_year,0,0,0,0.0,1500.0
Larsson J.,Greenset,last_month,0,0,0,0.0,1500.0
Tangphong M.,Hard,all,1,0,1,1.0,1485.401484063419
Tangphong M.,Hard,last_year,0,0,0,0.0,1500.0
Tangphong M.,Hard,last_month,0,0,0,0.0,1500.0
Tangphong M.,Carpet,all,0,0,0,0.0,1500.0
Tangphong M.,Carpet,last_year,0,0,0,0.0,1500.0
Tangphong M.,Carpet,last_month,0,0,0,0.0,1500.0
Tangphong M.,Clay,all,0,0,0,0.0,1500.0
Tangphong M.,Clay,last_year,0,0,0,0.0,1500.0
Tangphong M.,Clay,last_month,0,0,0,0.0,1500.0
Tangphong M.,Grass,all,0,0,0,0.0,1500.0
Tangphong M.,Grass,last_year,0,0,0,0.0,1500.0
Tangphong M.,Grass,last_month,0,0,0,0.0,1500.0
Tangphong M.,Greenset,all,0,0,0,0.0,1500.0
Tangphong M.,Greenset,last_year,0,0,0,0.0,1500.0
Tangphong M.,Greenset,last_month,0,0,0,0.0,1500.0
Li N.,Hard,all,242,173,69,0.28512396694214875,1576.670436144913
Li N.,Hard,last_year,0,0,0,0.0,1500.0
Li N.,Hard,last_month,0,0,0,0.0,1500.0
Li N.,Carpet,all,5,2,3,0.6,1455.1065168001392
Li N.,Carpet,last_year,0,0,0,0.0,1500.0
Li N.,Carpet,last_month,0,0,0,0.0,1500.0
Li N.,Clay,all,84,57,27,0.32142857142857145,1369.7526534952037
Li N.,Clay,last_year,0,0,0,0.0,1500.0
Li N.,Clay,last_month,0,0,0,0.0,1500.0
Li N.,Grass,all,42,30,12,0.2857142857142857,1464.8405863188418
Li N.,Grass,last_year,0,0,0,0.0,1500.0
Li N.,Grass,last_month,0,0,0,0.0,1500.0
Li N.,Greenset,all,0,0,0,0.0,1500.0
Li N.,Greenset,last_year,0,0,0,0.0,1500.0
Li N.,Greenset,last_month,0,0,0,0.0,1500.0
Liang E.S.,Hard,all,12,3,9,0.75,1503.7626726275003
Liang E.S.,Hard,last_year,1,0,1,1.0,1485.9398174895396
Liang E.S.,Hard,last_month,0,0,0,0.0,1500.0
Liang E.S.,Carpet,all,0,0,0,0.0,1500.0
Liang E.S.,Carpet,last_year,0,0,0,0.0,1500.0
Liang E.S.,Carpet,last_month,0,0,0,0.0,1500.0
Liang E.S.,Clay,all,1,0,1,1.0,1484.6747818167526
Liang E.S.,Clay,last_year,0,0,0,0.0,1500.0
Liang E.S.,Clay,last_month,0,0,0,0.0,1500.0
Liang E.S.,Grass,all,0,0,0,0.0,1500.0
Liang E.S.,Grass,last_year,0,0,0,0.0,1500.0
Liang E.S.,Grass,last_month,0,0,0,0.0,1500.0
Liang E.S.,Greenset,all,0,0,0,0.0,1500.0
Liang E.S.,Greenset,last_year,0,0,0,0.0,1500.0
Liang E.S.,Greenset,last_month,0,0,0,0.0,1500.0
Wong C.,Hard,all,2,0,2,1.0,1503.9538376048895
Wong C.,Hard,last_year,1,0,1,1.0,1516.9565384850396
Wong C.,Hard,last_month,0,0,0,0.0,1500.0
Wong C.,Carpet,all,0,0,0,0.0,1500.0
Wong C.,Carpet,last_year,0,0,0,0.0,1500.0
Wong C.,Carpet,last_month,0,0,0,0.0,1500.0
Wong C.,Clay,all,0,0,0,0.0,1500.0
Wong C.,Clay,last_year,0,0,0,0.0,1500.0
Wong C.,Clay,last_month,0,0,0,0.0,1500.0
Wong C.,Grass,all,0,0,0,0.0,1500.0
Wong C.,Grass,last_year,0,0,0,0.0,1500.0
Wong C.,Grass,last_month,0,0,0,0.0,1500.0
Wong C.,Greenset,all,0,0,0,0.0,1500.0
Wong C.,Greenset,last_year,0,0,0,0.0,1500.0
Wong C.,Greenset,last_month,0,0,0,0.0,1500.0
Pliskova Ka.,Hard,all,424,274,150,0.6462264150943396,1492.9165253998178
Pliskova Ka.,Hard,last_year,6,3,3,0.5,1476.7823849317951
Pliskova Ka.,Hard,last_month,0,0,0,0.0,1500.0
Pliskova Ka.,Carpet,all,0,0,0,0.0,1500.0
Pliskova Ka.,Carpet,last_year,0,0,0,0.0,1500.0
Pliskova Ka.,Carpet,last_month,0,0,0,0.0,1500.0
Pliskova Ka.,Clay,all,123,72,51,0.4146341463414634,1498.9301200767677
Pliskova Ka.,Clay,last_year,0,0,0,0.0,1500.0
Pliskova Ka.,Clay,last_month,0,0,0,0.0,1500.0
Pliskova Ka.,Grass,all,79,50,29,0.3670886075949367,1463.671644930573
Pliskova Ka.,Grass,last_year,1,0,1,1.0,1516.0
Pliskova Ka.,Grass,last_month,0,0,0,0.0,1500.0
Pliskova Ka.,Greenset,all,0,0,0,0.0,1500.0
Pliskova Ka.,Greenset,last_year,0,0,0,0.0,1500.0
Pliskova Ka.,Greenset,last_month,0,0,0,0.0,1500.0
Tararudee L.,Hard,all,4,1,3,0.75,1475.6671393021227
Tararudee L.,Hard,last_year,2,1,1,0.5,1499.9339413361513
Tararudee L.,Hard,last_month,0,0,0,0.0,1500.0
Tararudee L.,Carpet,all,0,0,0,0.0,1500.0
Tararudee L.,Carpet,last_year,0,0,0,0.0,1500.0
Tararudee L.,Carpet,last_month,0,0,0,0.0,1500.0
Tararudee L.,Clay,all,0,0,0,0.0,1500.0
Tararudee L.,Clay,last_year,0,0,0,0.0,1500.0
Tararudee L.,Clay,last_month,0,0,0,0.0,1500.0
Tararudee L.,Grass,all,0,0,0,0.0,1500.0
Tararudee L.,Grass,last_year,0,0,0,0.0,1500.0
Tararudee L.,Grass,last_month,0,0,0,0.0,1500.0
Tararudee L.,Greenset,all,0,0,0,0.0,1500.0
Tararudee L.,Greenset,last_year,0,0,0,0.0,1500.0
Tararudee L.,Greenset,last_month,0,0,0,0.0,1500.0
Shinikova I.,Hard,all,3,0,3,1.0,1483.0928449203623
Shinikova I.,Hard,last_year,0,0,0,0.0,1500.0
Shinikova I.,Hard,last_month,0,0,0,0.0,1500.0
Shinikova I.,Carpet,all,0,0,0,0.0,1500.0
Shinikova I.,Carpet,last_year,0,0,0,0.0,1500.0
Shinikova I.,Carpet,last_month,0,0,0,0.0,1500.0
Shinikova I.,Clay,all,7,2,5,0.7142857142857143,1537.2709471005944
Shinikova I.,Clay,last_year,0,0,0,0.0,1500.0
Shinikova I.,Clay,last_month,0,0,0,0.0,1500.0
Shinikova I.,Grass,all,0,0,0,0.0,1500.0
Shinikova I.,Grass,last_year,0,0,0,0.0,1500.0
Shinikova I.,Grass,last_month,0,0,0,0.0,1500.0
Shinikova I.,Greenset,all,0,0,0,0.0,1500.0
Shinikova I.,Greenset,last_year,0,0,0,0.0,1500.0
Shinikova I.,Greenset,last_month,0,0,0,0.0,1500.0
Sanchez M.,Hard,all,7,1,6,0.8571428571428571,1452.7635644485165
Sanchez M.,Hard,last_year,0,0,0,0.0,1500.0
Sanchez M.,Hard,last_month,0,0,0,0.0,1500.0
Sanchez M.,Carpet,all,0,0,0,0.0,1500.0
Sanchez M.,Carpet,last_year,0,0,0,0.0,1500.0
Sanchez M.,Carpet,last_month,0,0,0,0.0,1500.0
Sanchez M.,Clay,all,0,0,0,0.0,1500.0
Sanchez M.,Clay,last_year,0,0,0,0.0,1500.0
Sanchez M.,Clay,last_month,0,0,0,0.0,1500.0
Sanchez M.,Grass,all,4,2,2,0.5,1468.9584352115287
Sanchez M.,Grass,last_year,0,0,0,0.0,1500.0
Sanchez M.,Grass,last_month,0,0,0,0.0,1500.0
Sanchez M.,Greenset,all,0,0,0,0.0,1500.0
Sanchez M.,Greenset,last_year,0,0,0,0.0,1500.0
Sanchez M.,Greenset,last_month,0,0,0,0.0,1500.0
Bejlek S.,Hard,all,6,0,6,1.0,1488.618486613985
Bejlek S.,Hard,last_year,2,0,2,1.0,1495.3812777542862
Bejlek S.,Hard,last_month,0,0,0,0.0,1500.0
Bejlek S.,Carpet,all,0,0,0,0.0,1500.0
Bejlek S.,Carpet,last_year,0,0,0,0.0,1500.0
Bejlek S.,Carpet,last_month,0,0,0,0.0,1500.0
Bejlek S.,Clay,all,8,4,4,0.5,1466.9392566596816
Bejlek S.,Clay,last_year,3,1,2,0.6666666666666666,1480.6191369460923
Bejlek S.,Clay,last_month,0,0,0,0.0,1500.0
Bejlek S.,Grass,all,0,0,0,0.0,1500.0
Bejlek S.,Grass,last_year,0,0,0,0.0,1500.0
Bejlek S.,Grass,last_month,0,0,0,0.0,1500.0
Bejlek S.,Greenset,all,0,0,0,0.0,1500.0
Bejlek S.,Greenset,last_year,0,0,0,0.0,1500.0
Bejlek S.,Greenset,last_month,0,0,0,0.0,1500.0
Date Krumm K.,Hard,all,108,43,65,0.6018518518518519,1396.985135547745
Date Krumm K.,Hard,last_year,0,0,0,0.0,1500.0
Date Krumm K.,Hard,last_month,0,0,0,0.0,1500.0
Date Krumm K.,Carpet,all,0,0,0,0.0,1500.0
Date Krumm K.,Carpet,last_year,0,0,0,0.0,1500.0
Date Krumm K.,Carpet,last_month,0,0,0,0.0,1500.0
Date Krumm K.,Clay,all,11,3,8,0.7272727272727273,1496.7694707550456
Date Krumm K.,Clay,last_year,0,0,0,0.0,1500.0
Date Krumm K.,Clay,last_month,0,0,0,0.0,1500.0
Date Krumm K.,Grass,all,18,8,10,0.5555555555555556,1546.7861465820197
Date Krumm K.,Grass,last_year,0,0,0,0.0,1500.0
Date Krumm K.,Grass,last_month,0,0,0,0.0,1500.0
Date Krumm K.,Greenset,all,0,0,0,0.0,1500.0
Date Krumm K.,Greenset,last_year,0,0,0,0.0,1500.0
Date Krumm K.,Greenset,last_month,0,0,0,0.0,1500.0
Falei A.,Hard,all,1,0,1,1.0,1482.64231355088
Falei A.,Hard,last_year,1,0,1,1.0,1481.3835218631227
Falei A.,Hard,last_month,0,0,0,0.0,1500.0
Falei A.,Carpet,all,0,0,0,0.0,1500.0
Falei A.,Carpet,last_year,0,0,0,0.0,1500.0
Falei A.,Carpet,last_month,0,0,0,0.0,1500.0
Falei A.,Clay,all,0,0,0,0.0,1500.0
Falei A.,Clay,last_year,0,0,0,0.0,1500.0
Falei A.,Clay,last_month,0,0,0,0.0,1500.0
Falei A.,Grass,all,0,0,0,0.0,1500.0
Falei A.,Grass,last_year,0,0,0,0.0,1500.0
Falei A.,Grass,last_month,0,0,0,0.0,1500.0
Falei A.,Greenset,all,0,0,0,0.0,1500.0
Falei A.,Greenset,last_year,0,0,0,0.0,1500.0
Falei A.,Greenset,last_month,0,0,0,0.0,1500.0
Farhad K.,Hard,all,2,0,2,1.0,1471.2711281859433
Farhad K.,Hard,last_year,0,0,0,0.0,1500.0
Farhad K.,Hard,last_month,0,0,0,0.0,1500.0
Farhad K.,Carpet,all,0,0,0,0.0,1500.0
Farhad K.,Carpet,last_year,0,0,0,0.0,1500.0
Farhad K.,Carpet,last_month,0,0,0,0.0,1500.0
Farhad K.,Clay,all,0,0,0,0.0,1500.0
Farhad K.,Clay,last_year,0,0,0,0.0,1500.0
Farhad K.,Clay,last_month,0,0,0,0.0,1500.0
Farhad K.,Grass,all,0,0,0,0.0,1500.0
Farhad K.,Grass,last_year,0,0,0,0.0,1500.0
Farhad K.,Grass,last_month,0,0,0,0.0,1500.0
Farhad K.,Greenset,all,0,0,0,0.0,1500.0
Farhad K.,Greenset,last_year,0,0,0,0.0,1500.0
Farhad K.,Greenset,last_month,0,0,0,0.0,1500.0
Komardina A.,Hard,all,3,1,2,0.6666666666666666,1451.1804301265242
Komardina A.,Hard,last_year,0,0,0,0.0,1500.0
Komardina A.,Hard,last_month,0,0,0,0.0,1500.0
Komardina A.,Carpet,all,0,0,0,0.0,1500.0
Komardina A.,Carpet,last_year,0,0,0,0.0,1500.0
Komardina A.,Carpet,last_month,0,0,0,0.0,1500.0
Komardina A.,Clay,all,0,0,0,0.0,1500.0
Komardina A.,Clay,last_year,0,0,0,0.0,1500.0
Komardina A.,Clay,last_month,0,0,0,0.0,1500.0
Komardina A.,Grass,all,0,0,0,0.0,1500.0
Komardina A.,Grass,last_year,0,0,0,0.0,1500.0
Komardina A.,Grass,last_month,0,0,0,0.0,1500.0
Komardina A.,Greenset,all,0,0,0,0.0,1500.0
Komardina A.,Greenset,last_year,0,0,0,0.0,1500.0
Komardina A.,Greenset,last_month,0,0,0,0.0,1500.0
Eala A.,Hard,all,16,4,12,0.75,1604.545170467064
Eala A.,Hard,last_year,9,4,5,0.5555555555555556,1599.731727876711
Eala A.,Hard,last_month,0,0,0,0.0,1500.0
Eala A.,Carpet,all,0,0,0,0.0,1500.0
Eala A.,Carpet,last_year,0,0,0,0.0,1500.0
Eala A.,Carpet,last_month,0,0,0,0.0,1500.0
Eala A.,Clay,all,7,2,5,0.7142857142857143,1570.0809089391578
Eala A.,Clay,last_year,4,1,3,0.75,1529.1771804341165
Eala A.,Clay,last_month,0,0,0,0.0,1500.0
Eala A.,Grass,all,6,3,3,0.5,1500.3049942040789
Eala A.,Grass,last_year,6,3,3,0.5,1497.0470487977589
Eala A.,Grass,last_month,6,3,3,0.5,1496.188899645354
Eala A.,Greenset,all,0,0,0,0.0,1500.0
Eala A.,Greenset,last_year,0,0,0,0.0,1500.0
Eala A.,Greenset,last_month,0,0,0,0.0,1500.0
Murray S.,Hard,all,1,0,1,1.0,1519.9358145624797
Murray S.,Hard,last_year,0,0,0,0.0,1500.0
Murray S.,Hard,last_month,0,0,0,0.0,1500.0
Murray S.,Carpet,all,0,0,0,0.0,1500.0
Murray S.,Carpet,last_year,0,0,0,0.0,1500.0
Murray S.,Carpet,last_month,0,0,0,0.0,1500.0
Murray S.,Clay,all,0,0,0,0.0,1500.0
Murray S.,Clay,last_year,0,0,0,0.0,1500.0
Murray S.,Clay,last_month,0,0,0,0.0,1500.0
Murray S.,Grass,all,5,0,5,1.0,1454.226920795201
Murray S.,Grass,last_year,0,0,0,0.0,1500.0
Murray S.,Grass,last_month,0,0,0,0.0,1500.0
Murray S.,Greenset,all,0,0,0,0.0,1500.0
Murray S.,Greenset,last_year,0,0,0,0.0,1500.0
Murray S.,Greenset,last_month,0,0,0,0.0,1500.0
Mcnally C.,Hard,all,47,19,28,0.5957446808510638,1539.34364612503
Mcnally C.,Hard,last_year,1,0,1,1.0,1511.9302607638156
Mcnally C.,Hard,last_month,0,0,0,0.0,1500.0
Mcnally C.,Carpet,all,0,0,0,0.0,1500.0
Mcnally C.,Carpet,last_year,0,0,0,0.0,1500.0
Mcnally C.,Carpet,last_month,0,0,0,0.0,1500.0
Mcnally C.,Clay,all,11,4,7,0.6363636363636364,1526.0123044262327
Mcnally C.,Clay,last_year,0,0,0,0.0,1500.0
Mcnally C.,Clay,last_month,0,0,0,0.0,1500.0
Mcnally C.,Grass,all,12,5,7,0.5833333333333334,1483.5158920280496
Mcnally C.,Grass,last_year,0,0,0,0.0,1500.0
Mcnally C.,Grass,last_month,0,0,0,0.0,1500.0
Mcnally C.,Greenset,all,0,0,0,0.0,1500.0
Mcnally C.,Greenset,last_year,0,0,0,0.0,1500.0
Mcnally C.,Greenset,last_month,0,0,0,0.0,1500.0
Muller M.,Hard,all,25,5,20,0.8,1543.6437278970973
Muller M.,Hard,last_year,0,0,0,0.0,1500.0
Muller M.,Hard,last_month,0,0,0,0.0,1500.0
Muller M.,Carpet,all,3,1,2,0.6666666666666666,1483.998444935103
Muller M.,Carpet,last_year,0,0,0,0.0,1500.0
Muller M.,Carpet,last_month,0,0,0,0.0,1500.0
Muller M.,Clay,all,34,15,19,0.5588235294117647,1454.2560235405294
Muller M.,Clay,last_year,0,0,0,0.0,1500.0
Muller M.,Clay,last_month,0,0,0,0.0,1500.0
Muller M.,Grass,all,2,1,1,0.5,1531.263693206478
Muller M.,Grass,last_year,0,0,0,0.0,1500.0
Muller M.,Grass,last_month,0,0,0,0.0,1500.0
Muller M.,Greenset,all,0,0,0,0.0,1500.0
Muller M.,Greenset,last_year,0,0,0,0.0,1500.0
Muller M.,Greenset,last_month,0,0,0,0.0,1500.0
Keys M.,Hard,all,302,190,112,0.3708609271523179,1494.7222254005028
Keys M.,Hard,last_year,27,21,6,0.2222222222222222,1488.4588825836054
Keys M.,Hard,last_month,0,0,0,0.0,1500.0
Keys M.,Carpet,all,0,0,0,0.0,1500.0
Keys M.,Carpet,last_year,0,0,0,0.0,1500.0
Keys M.,Carpet,last_month,0,0,0,0.0,1500.0
Keys M.,Clay,all,135,85,50,0.37037037037037035,1549.8266142909151
Keys M.,Clay,last_year,13,9,4,0.3076923076923077,1526.2707881750057
Keys M.,Clay,last_month,2,1,1,0.5,1469.4695015289756
Keys M.,Grass,all,68,52,16,0.23529411764705882,1578.704300283182
Keys M.,Grass,last_year,10,7,3,0.3,1524.7060489066241
Keys M.,Grass,last_month,7,4,3,0.42857142857142855,1516.1526475713217
Keys M.,Greenset,all,0,0,0,0.0,1500.0
Keys M.,Greenset,last_year,0,0,0,0.0,1500.0
Keys M.,Greenset,last_month,0,0,0,0.0,1500.0
Panova A.,Hard,all,48,18,30,0.625,1462.3121215061421
Panova A.,Hard,last_year,0,0,0,0.0,1500.0
Panova A.,Hard,last_month,0,0,0,0.0,1500.0
Panova A.,Carpet,all,0,0,0,0.0,1500.0
Panova A.,Carpet,last_year,0,0,0,0.0,1500.0
Panova A.,Carpet,last_month,0,0,0,0.0,1500.0
Panova A.,Clay,all,29,12,17,0.5862068965517241,1530.1822090665312
Panova A.,Clay,last_year,0,0,0,0.0,1500.0
Panova A.,Clay,last_month,0,0,0,0.0,1500.0
Panova A.,Grass,all,3,1,2,0.6666666666666666,1516.023403846695
Panova A.,Grass,last_year,0,0,0,0.0,1500.0
Panova A.,Grass,last_month,0,0,0,0.0,1500.0
Panova A.,Greenset,all,0,0,0,0.0,1500.0
Panova A.,Greenset,last_year,0,0,0,0.0,1500.0
Panova A.,Greenset,last_month,0,0,0,0.0,1500.0
Garcia C.,Hard,all,360,187,173,0.48055555555555557,1561.7615634279987
Garcia C.,Hard,last_year,12,4,8,0.6666666666666666,1552.3183742428982
Garcia C.,Hard,last_month,0,0,0,0.0,1500.0
Garcia C.,Carpet,all,0,0,0,0.0,1500.0
Garcia C.,Carpet,last_year,0,0,0,0.0,1500.0
Garcia C.,Carpet,last_month,0,0,0,0.0,1500.0
Garcia C.,Clay,all,157,93,64,0.40764331210191085,1443.116409213556
Garcia C.,Clay,last_year,1,0,1,1.0,1516.5462247045243
Garcia C.,Clay,last_month,0,0,0,0.0,1500.0
Garcia C.,Grass,all,67,44,23,0.34328358208955223,1514.240296486025
Garcia C.,Grass,last_year,2,1,1,0.5,1500.0
Garcia C.,Grass,last_month,0,0,0,0.0,1500.0
Garcia C.,Greenset,all,0,0,0,0.0,1500.0
Garcia C.,Greenset,last_year,0,0,0,0.0,1500.0
Garcia C.,Greenset,last_month,0,0,0,0.0,1500.0
Webley-Smith E.,Hard,all,2,0,2,1.0,1500.034272453188
Webley-Smith E.,Hard,last_year,0,0,0,0.0,1500.0
Webley-Smith E.,Hard,last_month,0,0,0,0.0,1500.0
Webley-Smith E.,Carpet,all,0,0,0,0.0,1500.0
Webley-Smith E.,Carpet,last_year,0,0,0,0.0,1500.0
Webley-Smith E.,Carpet,last_month,0,0,0,0.0,1500.0
Webley-Smith E.,Clay,all,0,0,0,0.0,1500.0
Webley-Smith E.,Clay,last_year,0,0,0,0.0,1500.0
Webley-Smith E.,Clay,last_month,0,0,0,0.0,1500.0
Webley-Smith E.,Grass,all,2,0,2,1.0,1529.3496197673937
Webley-Smith E.,Grass,last_year,0,0,0,0.0,1500.0
Webley-Smith E.,Grass,last_month,0,0,0,0.0,1500.0
Webley-Smith E.,Greenset,all,0,0,0,0.0,1500.0
Webley-Smith E.,Greenset,last_year,0,0,0,0.0,1500.0
Webley-Smith E.,Greenset,last_month,0,0,0,0.0,1500.0
Cabeza-Candela E.,Hard,all,9,4,5,0.5555555555555556,1588.545199129565
Cabeza-Candela E.,Hard,last_year,0,0,0,0.0,1500.0
Cabeza-Candela E.,Hard,last_month,0,0,0,0.0,1500.0
Cabeza-Candela E.,Carpet,all,0,0,0,0.0,1500.0
Cabeza-Candela E.,Carpet,last_year,0,0,0,0.0,1500.0
Cabeza-Candela E.,Carpet,last_month,0,0,0,0.0,1500.0
Cabeza-Candela E.,Clay,all,40,20,20,0.5,1528.9169576943737
Cabeza-Candela E.,Clay,last_year,0,0,0,0.0,1500.0
Cabeza-Candela E.,Clay,last_month,0,0,0,0.0,1500.0
Cabeza-Candela E.,Grass,all,1,0,1,1.0,1511.8101198509164
Cabeza-Candela E.,Grass,last_year,0,0,0,0.0,1500.0
Cabeza-Candela E.,Grass,last_month,0,0,0,0.0,1500.0
Cabeza-Candela E.,Greenset,all,0,0,0,0.0,1500.0
Cabeza-Candela E.,Greenset,last_year,0,0,0,0.0,1500.0
Cabeza-Candela E.,Greenset,last_month,0,0,0,0.0,1500.0
Sanchez O.,Hard,all,5,0,5,1.0,1507.0927069538347
Sanchez O.,Hard,last_year,0,0,0,0.0,1500.0
Sanchez O.,Hard,last_month,0,0,0,0.0,1500.0
Sanchez O.,Carpet,all,0,0,0,0.0,1500.0
Sanchez O.,Carpet,last_year,0,0,0,0.0,1500.0
Sanchez O.,Carpet,last_month,0,0,0,0.0,1500.0
Sanchez O.,Clay,all,13,3,10,0.7692307692307693,1507.3227224914
Sanchez O.,Clay,last_year,0,0,0,0.0,1500.0
Sanchez O.,Clay,last_month,0,0,0,0.0,1500.0
Sanchez O.,Grass,all,0,0,0,0.0,1500.0
Sanchez O.,Grass,last_year,0,0,0,0.0,1500.0
Sanchez O.,Grass,last_month,0,0,0,0.0,1500.0
Sanchez O.,Greenset,all,0,0,0,0.0,1500.0
Sanchez O.,Greenset,last_year,0,0,0,0.0,1500.0
Sanchez O.,Greenset,last_month,0,0,0,0.0,1500.0
Lee S.R.,Hard,all,2,0,2,1.0,1500.9252264792099
Lee S.R.,Hard,last_year,0,0,0,0.0,1500.0
Lee S.R.,Hard,last_month,0,0,0,0.0,1500.0
Lee S.R.,Carpet,all,0,0,0,0.0,1500.0
Lee S.R.,Carpet,last_year,0,0,0,0.0,1500.0
Lee S.R.,Carpet,last_month,0,0,0,0.0,1500.0
Lee S.R.,Clay,all,0,0,0,0.0,1500.0
Lee S.R.,Clay,last_year,0,0,0,0.0,1500.0
Lee S.R.,Clay,last_month,0,0,0,0.0,1500.0
Lee S.R.,Grass,all,0,0,0,0.0,1500.0
Lee S.R.,Grass,last_year,0,0,0,0.0,1500.0
Lee S.R.,Grass,last_month,0,0,0,0.0,1500.0
Lee S.R.,Greenset,all,0,0,0,0.0,1500.0
Lee S.R.,Greenset,last_year,0,0,0,0.0,1500.0
Lee S.R.,Greenset,last_month,0,0,0,0.0,1500.0
Zheng W.,Hard,all,4,0,4,1.0,1504.0631702355886
Zheng W.,Hard,last_year,1,0,1,1.0,1518.6995089566333
Zheng W.,Hard,last_month,0,0,0,0.0,1500.0
Zheng W.,Carpet,all,0,0,0,0.0,1500.0
Zheng W.,Carpet,last_year,0,0,0,0.0,1500.0
Zheng W.,Carpet,last_month,0,0,0,0.0,1500.0
Zheng W.,Clay,all,0,0,0,0.0,1500.0
Zheng W.,Clay,last_year,0,0,0,0.0,1500.0
Zheng W.,Clay,last_month,0,0,0,0.0,1500.0
Zheng W.,Grass,all,0,0,0,0.0,1500.0
Zheng W.,Grass,last_year,0,0,0,0.0,1500.0
Zheng W.,Grass,last_month,0,0,0,0.0,1500.0
Zheng W.,Greenset,all,0,0,0,0.0,1500.0
Zheng W.,Greenset,last_year,0,0,0,0.0,1500.0
Zheng W.,Greenset,last_month,0,0,0,0.0,1500.0
Khromacheva I.,Hard,all,11,3,8,0.7272727272727273,1453.9638185975896
Khromacheva I.,Hard,last_year,0,0,0,0.0,1500.0
Khromacheva I.,Hard,last_month,0,0,0,0.0,1500.0
Khromacheva I.,Carpet,all,0,0,0,0.0,1500.0
Khromacheva I.,Carpet,last_year,0,0,0,0.0,1500.0
Khromacheva I.,Carpet,last_month,0,0,0,0.0,1500.0
Khromacheva I.,Clay,all,12,4,8,0.6666666666666666,1491.0797435078243
Khromacheva I.,Clay,last_year,0,0,0,0.0,1500.0
Khromacheva I.,Clay,last_month,0,0,0,0.0,1500.0
Khromacheva I.,Grass,all,1,0,1,1.0,1484.0
Khromacheva I.,Grass,last_year,0,0,0,0.0,1500.0
Khromacheva I.,Grass,last_month,0,0,0,0.0,1500.0
Khromacheva I.,Greenset,all,0,0,0,0.0,1500.0
Khromacheva I.,Greenset,last_year,0,0,0,0.0,1500.0
Khromacheva I.,Greenset,last_month,0,0,0,0.0,1500.0
Swiatek I.,Hard,all,192,148,44,0.22916666666666666,1483.5611214092319
Swiatek I.,Hard,last_year,34,26,8,0.23529411764705882,1503.4012810932666
Swiatek I.,Hard,last_month,0,0,0,0.0,1500.0
Swiatek I.,Carpet,all,0,0,0,0.0,1500.0
Swiatek I.,Carpet,last_year,0,0,0,0.0,1500.0
Swiatek I.,Carpet,last_month,0,0,0,0.0,1500.0
Swiatek I.,Clay,all,112,98,14,0.125,1469.9306805808883
Swiatek I.,Clay,last_year,15,11,4,0.26666666666666666,1467.8804255478883
Swiatek I.,Clay,last_month,3,2,1,0.3333333333333333,1484.0
Swiatek I.,Grass,all,33,25,8,0.7575757575757576,1536.7198555684595
Swiatek I.,Grass,last_year,14,12,2,0.8571428571428571,1546.9639834417958
Swiatek I.,Grass,last_month,11,10,1,0.9090909090909091,1539.5639081638112
Swiatek I.,Greenset,all,0,0,0,0.0,1500.0
Swiatek I.,Greenset,last_year,0,0,0,0.0,1500.0
Swiatek I.,Greenset,last_month,0,0,0,0.0,1500.0
Tananta L.,Hard,all,1,0,1,1.0,1520.9529012632192
Tananta L.,Hard,last_year,0,0,0,0.0,1500.0
Tananta L.,Hard,last_month,0,0,0,0.0,1500.0
Tananta L.,Carpet,all,0,0,0,0.0,1500.0
Tananta L.,Carpet,last_year,0,0,0,0.0,1500.0
Tananta L.,Carpet,last_month,0,0,0,0.0,1500.0
Tananta L.,Clay,all,0,0,0,0.0,1500.0
Tananta L.,Clay,last_year,0,0,0,0.0,1500.0
Tananta L.,Clay,last_month,0,0,0,0.0,1500.0
Tananta L.,Grass,all,0,0,0,0.0,1500.0
Tananta L.,Grass,last_year,0,0,0,0.0,1500.0
Tananta L.,Grass,last_month,0,0,0,0.0,1500.0
Tananta L.,Greenset,all,0,0,0,0.0,1500.0
Tananta L.,Greenset,last_year,0,0,0,0.0,1500.0
Tananta L.,Greenset,last_month,0,0,0,0.0,1500.0
Fernandez C.,Hard,all,2,0,2,1.0,1500.2486362243721
Fernandez C.,Hard,last_year,0,0,0,0.0,1500.0
Fernandez C.,Hard,last_month,0,0,0,0.0,1500.0
Fernandez C.,Carpet,all,0,0,0,0.0,1500.0
Fernandez C.,Carpet,last_year,0,0,0,0.0,1500.0
Fernandez C.,Carpet,last_month,0,0,0,0.0,1500.0
Fernandez C.,Clay,all,0,0,0,0.0,1500.0
Fernandez C.,Clay,last_year,0,0,0,0.0,1500.0
Fernandez C.,Clay,last_month,0,0,0,0.0,1500.0
Fernandez C.,Grass,all,0,0,0,0.0,1500.0
Fernandez C.,Grass,last_year,0,0,0,0.0,1500.0
Fernandez C.,Grass,last_month,0,0,0,0.0,1500.0
Fernandez C.,Greenset,all,0,0,0,0.0,1500.0
Fernandez C.,Greenset,last_year,0,0,0,0.0,1500.0
Fernandez C.,Greenset,last_month,0,0,0,0.0,1500.0
Muhammad A.,Hard,all,16,4,12,0.75,1534.7681674517605
Muhammad A.,Hard,last_year,0,0,0,0.0,1500.0
Muhammad A.,Hard,last_month,0,0,0,0.0,1500.0
Muhammad A.,Carpet,all,0,0,0,0.0,1500.0
Muhammad A.,Carpet,last_year,0,0,0,0.0,1500.0
Muhammad A.,Carpet,last_month,0,0,0,0.0,1500.0
Muhammad A.,Clay,all,3,0,3,1.0,1482.038675384451
Muhammad A.,Clay,last_year,0,0,0,0.0,1500.0
Muhammad A.,Clay,last_month,0,0,0,0.0,1500.0
Muhammad A.,Grass,all,2,0,2,1.0,1531.2571590040288
Muhammad A.,Grass,last_year,0,0,0,0.0,1500.0
Muhammad A.,Grass,last_month,0,0,0,0.0,1500.0
Muhammad A.,Greenset,all,0,0,0,0.0,1500.0
Muhammad A.,Greenset,last_year,0,0,0,0.0,1500.0
Muhammad A.,Greenset,last_month,0,0,0,0.0,1500.0
Rezai A.,Hard,all,94,36,58,0.6170212765957447,1499.823499869475
Rezai A.,Hard,last_year,0,0,0,0.0,1500.0
Rezai A.,Hard,last_month,0,0,0,0.0,1500.0
Rezai A.,Carpet,all,2,0,2,1.0,1466.9623835986386
Rezai A.,Carpet,last_year,0,0,0,0.0,1500.0
Rezai A.,Carpet,last_month,0,0,0,0.0,1500.0
Rezai A.,Clay,all,75,40,35,0.4666666666666667,1473.8741454527035
Rezai A.,Clay,last_year,0,0,0,0.0,1500.0
Rezai A.,Clay,last_month,0,0,0,0.0,1500.0
Rezai A.,Grass,all,23,11,12,0.5217391304347826,1532.6350273346313
Rezai A.,Grass,last_year,0,0,0,0.0,1500.0
Rezai A.,Grass,last_month,0,0,0,0.0,1500.0
Rezai A.,Greenset,all,0,0,0,0.0,1500.0
Rezai A.,Greenset,last_year,0,0,0,0.0,1500.0
Rezai A.,Greenset,last_month,0,0,0,0.0,1500.0
Kiraly P.,Hard,all,0,0,0,0.0,1500.0
Kiraly P.,Hard,last_year,0,0,0,0.0,1500.0
Kiraly P.,Hard,last_month,0,0,0,0.0,1500.0
Kiraly P.,Carpet,all,0,0,0,0.0,1500.0
Kiraly P.,Carpet,last_year,0,0,0,0.0,1500.0
Kiraly P.,Carpet,last_month,0,0,0,0.0,1500.0
Kiraly P.,Clay,all,1,0,1,1.0,1483.1718496338735
Kiraly P.,Clay,last_year,0,0,0,0.0,1500.0
Kiraly P.,Clay,last_month,0,0,0,0.0,1500.0
Kiraly P.,Grass,all,0,0,0,0.0,1500.0
Kiraly P.,Grass,last_year,0,0,0,0.0,1500.0
Kiraly P.,Grass,last_month,0,0,0,0.0,1500.0
Kiraly P.,Greenset,all,0,0,0,0.0,1500.0
Kiraly P.,Greenset,last_year,0,0,0,0.0,1500.0
Kiraly P.,Greenset,last_month,0,0,0,0.0,1500.0
Al Nabhani F.,Hard,all,10,0,10,1.0,1559.1366246019293
Al Nabhani F.,Hard,last_year,0,0,0,0.0,1500.0
Al Nabhani F.,Hard,last_month,0,0,0,0.0,1500.0
Al Nabhani F.,Carpet,all,0,0,0,0.0,1500.0
Al Nabhani F.,Carpet,last_year,0,0,0,0.0,1500.0
Al Nabhani F.,Carpet,last_month,0,0,0,0.0,1500.0
Al Nabhani F.,Clay,all,0,0,0,0.0,1500.0
Al Nabhani F.,Clay,last_year,0,0,0,0.0,1500.0
Al Nabhani F.,Clay,last_month,0,0,0,0.0,1500.0
Al Nabhani F.,Grass,all,0,0,0,0.0,1500.0
Al Nabhani F.,Grass,last_year,0,0,0,0.0,1500.0
Al Nabhani F.,Grass,last_month,0,0,0,0.0,1500.0
Al Nabhani F.,Greenset,all,0,0,0,0.0,1500.0
Al Nabhani F.,Greenset,last_year,0,0,0,0.0,1500.0
Al Nabhani F.,Greenset,last_month,0,0,0,0.0,1500.0
Back D.,Hard,all,4,1,3,0.75,1478.075320799243
Back D.,Hard,last_year,1,0,1,1.0,1484.736306793522
Back D.,Hard,last_month,0,0,0,0.0,1500.0
Back D.,Carpet,all,0,0,0,0.0,1500.0
Back D.,Carpet,last_year,0,0,0,0.0,1500.0
Back D.,Carpet,last_month,0,0,0,0.0,1500.0
Back D.,Clay,all,0,0,0,0.0,1500.0
Back D.,Clay,last_year,0,0,0,0.0,1500.0
Back D.,Clay,last_month,0,0,0,0.0,1500.0
Back D.,Grass,all,0,0,0,0.0,1500.0
Back D.,Grass,last_year,0,0,0,0.0,1500.0
Back D.,Grass,last_month,0,0,0,0.0,1500.0
Back D.,Greenset,all,0,0,0,0.0,1500.0
Back D.,Greenset,last_year,0,0,0,0.0,1500.0
Back D.,Greenset,last_month,0,0,0,0.0,1500.0
Lalami N.,Hard,all,1,0,1,1.0,1484.9591745607127
Lalami N.,Hard,last_year,0,0,0,0.0,1500.0
Lalami N.,Hard,last_month,0,0,0,0.0,1500.0
Lalami N.,Carpet,all,0,0,0,0.0,1500.0
Lalami N.,Carpet,last_year,0,0,0,0.0,1500.0
Lalami N.,Carpet,last_month,0,0,0,0.0,1500.0
Lalami N.,Clay,all,7,2,5,0.7142857142857143,1490.9029392119423
Lalami N.,Clay,last_year,0,0,0,0.0,1500.0
Lalami N.,Clay,last_month,0,0,0,0.0,1500.0
Lalami N.,Grass,all,0,0,0,0.0,1500.0
Lalami N.,Grass,last_year,0,0,0,0.0,1500.0
Lalami N.,Grass,last_month,0,0,0,0.0,1500.0
Lalami N.,Greenset,all,0,0,0,0.0,1500.0
Lalami N.,Greenset,last_year,0,0,0,0.0,1500.0
Lalami N.,Greenset,last_month,0,0,0,0.0,1500.0
Inoue H.,Hard,all,1,0,1,1.0,1515.110371234523
Inoue H.,Hard,last_year,1,0,1,1.0,1514.4381326557689
Inoue H.,Hard,last_month,0,0,0,0.0,1500.0
Inoue H.,Carpet,all,0,0,0,0.0,1500.0
Inoue H.,Carpet,last_year,0,0,0,0.0,1500.0
Inoue H.,Carpet,last_month,0,0,0,0.0,1500.0
Inoue H.,Clay,all,0,0,0,0.0,1500.0
Inoue H.,Clay,last_year,0,0,0,0.0,1500.0
Inoue H.,Clay,last_month,0,0,0,0.0,1500.0
Inoue H.,Grass,all,0,0,0,0.0,1500.0
Inoue H.,Grass,last_year,0,0,0,0.0,1500.0
Inoue H.,Grass,last_month,0,0,0,0.0,1500.0
Inoue H.,Greenset,all,0,0,0,0.0,1500.0
Inoue H.,Greenset,last_year,0,0,0,0.0,1500.0
Inoue H.,Greenset,last_month,0,0,0,0.0,1500.0
Niemeier J.,Hard,all,35,13,22,0.6285714285714286,1545.0538573912652
Niemeier J.,Hard,last_year,8,3,5,0.625,1474.8080580984245
Niemeier J.,Hard,last_month,0,0,0,0.0,1500.0
Niemeier J.,Carpet,all,0,0,0,0.0,1500.0
Niemeier J.,Carpet,last_year,0,0,0,0.0,1500.0
Niemeier J.,Carpet,last_month,0,0,0,0.0,1500.0
Niemeier J.,Clay,all,31,14,17,0.5483870967741935,1503.0333012067554
Niemeier J.,Clay,last_year,2,1,1,0.5,1502.1622714404652
Niemeier J.,Clay,last_month,0,0,0,0.0,1500.0
Niemeier J.,Grass,all,20,10,10,0.5,1517.7345055090377
Niemeier J.,Grass,last_year,2,1,1,0.5,1530.5304984710244
Niemeier J.,Grass,last_month,0,0,0,0.0,1500.0
Niemeier J.,Greenset,all,0,0,0,0.0,1500.0
Niemeier J.,Greenset,last_year,0,0,0,0.0,1500.0
Niemeier J.,Greenset,last_month,0,0,0,0.0,1500.0
Valentova T.,Hard,all,0,0,0,0.0,1500.0
Valentova T.,Hard,last_year,0,0,0,0.0,1500.0
Valentova T.,Hard,last_month,0,0,0,0.0,1500.0
Valentova T.,Carpet,all,0,0,0,0.0,1500.0
Valentova T.,Carpet,last_year,0,0,0,0.0,1500.0
Valentova T.,Carpet,last_month,0,0,0,0.0,1500.0
Valentova T.,Clay,all,2,1,1,0.5,1531.499744012833
Valentova T.,Clay,last_year,2,1,1,0.5,1530.6307382069635
Valentova T.,Clay,last_month,0,0,0,0.0,1500.0
Valentova T.,Grass,all,0,0,0,0.0,1500.0
Valentova T.,Grass,last_year,0,0,0,0.0,1500.0
Valentova T.,Grass,last_month,0,0,0,0.0,1500.0
Valentova T.,Greenset,all,0,0,0,0.0,1500.0
Valentova T.,Greenset,last_year,0,0,0,0.0,1500.0
Valentova T.,Greenset,last_month,0,0,0,0.0,1500.0
Takao E.,Hard,all,0,0,0,0.0,1500.0
Takao E.,Hard,last_year,0,0,0,0.0,1500.0
Takao E.,Hard,last_month,0,0,0,0.0,1500.0
Takao E.,Carpet,all,1,0,1,1.0,1484.0
Takao E.,Carpet,last_year,0,0,0,0.0,1500.0
Takao E.,Carpet,last_month,0,0,0,0.0,1500.0
Takao E.,Clay,all,0,0,0,0.0,1500.0
Takao E.,Clay,last_year,0,0,0,0.0,1500.0
Takao E.,Clay,last_month,0,0,0,0.0,1500.0
Takao E.,Grass,all,0,0,0,0.0,1500.0
Takao E.,Grass,last_year,0,0,0,0.0,1500.0
Takao E.,Grass,last_month,0,0,0,0.0,1500.0
Takao E.,Greenset,all,0,0,0,0.0,1500.0
Takao E.,Greenset,last_year,0,0,0,0.0,1500.0
Takao E.,Greenset,last_month,0,0,0,0.0,1500.0
Duval V.,Hard,all,12,3,9,0.75,1585.8622450652797
Duval V.,Hard,last_year,0,0,0,0.0,1500.0
Duval V.,Hard,last_month,0,0,0,0.0,1500.0
Duval V.,Carpet,all,0,0,0,0.0,1500.0
Duval V.,Carpet,last_year,0,0,0,0.0,1500.0
Duval V.,Carpet,last_month,0,0,0,0.0,1500.0
Duval V.,Clay,all,1,0,1,1.0,1482.4291183261757
Duval V.,Clay,last_year,0,0,0,0.0,1500.0
Duval V.,Clay,last_month,0,0,0,0.0,1500.0
Duval V.,Grass,all,6,2,4,0.6666666666666666,1446.8950774836962
Duval V.,Grass,last_year,0,0,0,0.0,1500.0
Duval V.,Grass,last_month,0,0,0,0.0,1500.0
Duval V.,Greenset,all,0,0,0,0.0,1500.0
Duval V.,Greenset,last_year,0,0,0,0.0,1500.0
Duval V.,Greenset,last_month,0,0,0,0.0,1500.0
Giorgi C.,Hard,all,219,110,109,0.4977168949771689,1346.447711283117
Giorgi C.,Hard,last_year,0,0,0,0.0,1500.0
Giorgi C.,Hard,last_month,0,0,0,0.0,1500.0
Giorgi C.,Carpet,all,0,0,0,0.0,1500.0
Giorgi C.,Carpet,last_year,0,0,0,0.0,1500.0
Giorgi C.,Carpet,last_month,0,0,0,0.0,1500.0
Giorgi C.,Clay,all,88,50,38,0.5681818181818182,1406.347250249122
Giorgi C.,Clay,last_year,0,0,0,0.0,1500.0
Giorgi C.,Clay,last_month,0,0,0,0.0,1500.0
Giorgi C.,Grass,all,69,40,29,0.42028985507246375,1558.9886732324217
Giorgi C.,Grass,last_year,0,0,0,0.0,1500.0
Giorgi C.,Grass,last_month,0,0,0,0.0,1500.0
Giorgi C.,Greenset,all,0,0,0,0.0,1500.0
Giorgi C.,Greenset,last_year,0,0,0,0.0,1500.0
Giorgi C.,Greenset,last_month,0,0,0,0.0,1500.0
Lapushchenkova A.,Hard,all,10,3,7,0.7,1464.742284493539
Lapushchenkova A.,Hard,last_year,0,0,0,0.0,1500.0
Lapushchenkova A.,Hard,last_month,0,0,0,0.0,1500.0
Lapushchenkova A.,Carpet,all,1,0,1,1.0,1481.963255550109
Lapushchenkova A.,Carpet,last_year,0,0,0,0.0,1500.0
Lapushchenkova A.,Carpet,last_month,0,0,0,0.0,1500.0
Lapushchenkova A.,Clay,all,11,4,7,0.6363636363636364,1510.478374158497
Lapushchenkova A.,Clay,last_year,0,0,0,0.0,1500.0
Lapushchenkova A.,Clay,last_month,0,0,0,0.0,1500.0
Lapushchenkova A.,Grass,all,1,0,1,1.0,1486.7380652322342
Lapushchenkova A.,Grass,last_year,0,0,0,0.0,1500.0
Lapushchenkova A.,Grass,last_month,0,0,0,0.0,1500.0
Lapushchenkova A.,Greenset,all,0,0,0,0.0,1500.0
Lapushchenkova A.,Greenset,last_year,0,0,0,0.0,1500.0
Lapushchenkova A.,Greenset,last_month,0,0,0,0.0,1500.0
Riske-Amritraj A.,Hard,all,8,0,8,1.0,1494.416116451111
Riske-Amritraj A.,Hard,last_year,0,0,0,0.0,1500.0
Riske-Amritraj A.,Hard,last_month,0,0,0,0.0,1500.0
Riske-Amritraj A.,Carpet,all,0,0,0,0.0,1500.0
Riske-Amritraj A.,Carpet,last_year,0,0,0,0.0,1500.0
Riske-Amritraj A.,Carpet,last_month,0,0,0,0.0,1500.0
Riske-Amritraj A.,Clay,all,1,0,1,1.0,1516.0537748549905
Riske-Amritraj A.,Clay,last_year,0,0,0,0.0,1500.0
Riske-Amritraj A.,Clay,last_month,0,0,0,0.0,1500.0
Riske-Amritraj A.,Grass,all,1,0,1,1.0,1514.1015049107837
Riske-Amritraj A.,Grass,last_year,0,0,0,0.0,1500.0
Riske-Amritraj A.,Grass,last_month,0,0,0,0.0,1500.0
Riske-Amritraj A.,Greenset,all,0,0,0,0.0,1500.0
Riske-Amritraj A.,Greenset,last_year,0,0,0,0.0,1500.0
Riske-Amritraj A.,Greenset,last_month,0,0,0,0.0,1500.0
Falkowska W.,Hard,all,0,0,0,0.0,1500.0
Falkowska W.,Hard,last_year,0,0,0,0.0,1500.0
Falkowska W.,Hard,last_month,0,0,0,0.0,1500.0
Falkowska W.,Carpet,all,0,0,0,0.0,1500.0
Falkowska W.,Carpet,last_year,0,0,0,0.0,1500.0
Falkowska W.,Carpet,last_month,0,0,0,0.0,1500.0
Falkowska W.,Clay,all,3,1,2,0.6666666666666666,1545.2009409300645
Falkowska W.,Clay,last_year,0,0,0,0.0,1500.0
Falkowska W.,Clay,last_month,0,0,0,0.0,1500.0
Falkowska W.,Grass,all,0,0,0,0.0,1500.0
Falkowska W.,Grass,last_year,0,0,0,0.0,1500.0
Falkowska W.,Grass,last_month,0,0,0,0.0,1500.0
Falkowska W.,Greenset,all,0,0,0,0.0,1500.0
Falkowska W.,Greenset,last_year,0,0,0,0.0,1500.0
Falkowska W.,Greenset,last_month,0,0,0,0.0,1500.0
Olyanovskaya V.,Hard,all,0,0,0,0.0,1500.0
Olyanovskaya V.,Hard,last_year,0,0,0,0.0,1500.0
Olyanovskaya V.,Hard,last_month,0,0,0,0.0,1500.0
Olyanovskaya V.,Carpet,all,0,0,0,0.0,1500.0
Olyanovskaya V.,Carpet,last_year,0,0,0,0.0,1500.0
Olyanovskaya V.,Carpet,last_month,0,0,0,0.0,1500.0
Olyanovskaya V.,Clay,all,1,0,1,1.0,1484.0
Olyanovskaya V.,Clay,last_year,0,0,0,0.0,1500.0
Olyanovskaya V.,Clay,last_month,0,0,0,0.0,1500.0
Olyanovskaya V.,Grass,all,0,0,0,0.0,1500.0
Olyanovskaya V.,Grass,last_year,0,0,0,0.0,1500.0
Olyanovskaya V.,Grass,last_month,0,0,0,0.0,1500.0
Olyanovskaya V.,Greenset,all,0,0,0,0.0,1500.0
Olyanovskaya V.,Greenset,last_year,0,0,0,0.0,1500.0
Olyanovskaya V.,Greenset,last_month,0,0,0,0.0,1500.0
Benesova I.,Hard,all,124,56,68,0.5483870967741935,1498.7757983702052
Benesova I.,Hard,last_year,0,0,0,0.0,1500.0
Benesova I.,Hard,last_month,0,0,0,0.0,1500.0
Benesova I.,Carpet,all,1,0,1,1.0,1517.4567866795026
Benesova I.,Carpet,last_year,0,0,0,0.0,1500.0
Benesova I.,Carpet,last_month,0,0,0,0.0,1500.0
Benesova I.,Clay,all,74,35,39,0.527027027027027,1495.567483414997
Benesova I.,Clay,last_year,0,0,0,0.0,1500.0
Benesova I.,Clay,last_month,0,0,0,0.0,1500.0
Benesova I.,Grass,all,14,4,10,0.7142857142857143,1463.4060171559486
Benesova I.,Grass,last_year,0,0,0,0.0,1500.0
Benesova I.,Grass,last_month,0,0,0,0.0,1500.0
Benesova I.,Greenset,all,0,0,0,0.0,1500.0
Benesova I.,Greenset,last_year,0,0,0,0.0,1500.0
Benesova I.,Greenset,last_month,0,0,0,0.0,1500.0
Jaksic J.,Hard,all,12,5,7,0.5833333333333334,1447.0757414133718
Jaksic J.,Hard,last_year,0,0,0,0.0,1500.0
Jaksic J.,Hard,last_month,0,0,0,0.0,1500.0
Jaksic J.,Carpet,all,0,0,0,0.0,1500.0
Jaksic J.,Carpet,last_year,0,0,0,0.0,1500.0
Jaksic J.,Carpet,last_month,0,0,0,0.0,1500.0
Jaksic J.,Clay,all,3,0,3,1.0,1526.3678756190131
Jaksic J.,Clay,last_year,0,0,0,0.0,1500.0
Jaksic J.,Clay,last_month,0,0,0,0.0,1500.0
Jaksic J.,Grass,all,2,0,2,1.0,1502.956399711927
Jaksic J.,Grass,last_year,0,0,0,0.0,1500.0
Jaksic J.,Grass,last_month,0,0,0,0.0,1500.0
Jaksic J.,Greenset,all,0,0,0,0.0,1500.0
Jaksic J.,Greenset,last_year,0,0,0,0.0,1500.0
Jaksic J.,Greenset,last_month,0,0,0,0.0,1500.0
Mandlik E.,Hard,all,14,5,9,0.6428571428571429,1446.9142417839967
Mandlik E.,Hard,last_year,1,0,1,1.0,1486.8609163537656
Mandlik E.,Hard,last_month,0,0,0,0.0,1500.0
Mandlik E.,Carpet,all,0,0,0,0.0,1500.0
Mandlik E.,Carpet,last_year,0,0,0,0.0,1500.0
Mandlik E.,Carpet,last_month,0,0,0,0.0,1500.0
Mandlik E.,Clay,all,2,0,2,1.0,1498.0255038932269
Mandlik E.,Clay,last_year,1,0,1,1.0,1484.736306793522
Mandlik E.,Clay,last_month,0,0,0,0.0,1500.0
Mandlik E.,Grass,all,4,2,2,0.5,1534.6115484526733
Mandlik E.,Grass,last_year,0,0,0,0.0,1500.0
Mandlik E.,Grass,last_month,0,0,0,0.0,1500.0
Mandlik E.,Greenset,all,0,0,0,0.0,1500.0
Mandlik E.,Greenset,last_year,0,0,0,0.0,1500.0
Mandlik E.,Greenset,last_month,0,0,0,0.0,1500.0
Nugroho P.,Hard,all,2,0,2,1.0,1505.8187717949181
Nugroho P.,Hard,last_year,2,0,2,1.0,1503.5100447418035
Nugroho P.,Hard,last_month,0,0,0,0.0,1500.0
Nugroho P.,Carpet,all,0,0,0,0.0,1500.0
Nugroho P.,Carpet,last_year,0,0,0,0.0,1500.0
Nugroho P.,Carpet,last_month,0,0,0,0.0,1500.0
Nugroho P.,Clay,all,0,0,0,0.0,1500.0
Nugroho P.,Clay,last_year,0,0,0,0.0,1500.0
Nugroho P.,Clay,last_month,0,0,0,0.0,1500.0
Nugroho P.,Grass,all,0,0,0,0.0,1500.0
Nugroho P.,Grass,last_year,0,0,0,0.0,1500.0
Nugroho P.,Grass,last_month,0,0,0,0.0,1500.0
Nugroho P.,Greenset,all,0,0,0,0.0,1500.0
Nugroho P.,Greenset,last_year,0,0,0,0.0,1500.0
Nugroho P.,Greenset,last_month,0,0,0,0.0,1500.0
Ferrando C.,Hard,all,2,0,2,1.0,1528.8522188453244
Ferrando C.,Hard,last_year,0,0,0,0.0,1500.0
Ferrando C.,Hard,last_month,0,0,0,0.0,1500.0
Ferrando C.,Carpet,all,0,0,0,0.0,1500.0
Ferrando C.,Carpet,last_year,0,0,0,0.0,1500.0
Ferrando C.,Carpet,last_month,0,0,0,0.0,1500.0
Ferrando C.,Clay,all,1,0,1,1.0,1514.8953226592982
Ferrando C.,Clay,last_year,0,0,0,0.0,1500.0
Ferrando C.,Clay,last_month,0,0,0,0.0,1500.0
Ferrando C.,Grass,all,0,0,0,0.0,1500.0
Ferrando C.,Grass,last_year,0,0,0,0.0,1500.0
Ferrando C.,Grass,last_month,0,0,0,0.0,1500.0
Ferrando C.,Greenset,all,0,0,0,0.0,1500.0
Ferrando C.,Greenset,last_year,0,0,0,0.0,1500.0
Ferrando C.,Greenset,last_month,0,0,0,0.0,1500.0
Roma S.,Hard,all,0,0,0,0.0,1500.0
Roma S.,Hard,last_year,0,0,0,0.0,1500.0
Roma S.,Hard,last_month,0,0,0,0.0,1500.0
Roma S.,Carpet,all,0,0,0,0.0,1500.0
Roma S.,Carpet,last_year,0,0,0,0.0,1500.0
Roma S.,Carpet,last_month,0,0,0,0.0,1500.0
Roma S.,Clay,all,2,0,2,1.0,1497.8726380539151
Roma S.,Clay,last_year,0,0,0,0.0,1500.0
Roma S.,Clay,last_month,0,0,0,0.0,1500.0
Roma S.,Grass,all,0,0,0,0.0,1500.0
Roma S.,Grass,last_year,0,0,0,0.0,1500.0
Roma S.,Grass,last_month,0,0,0,0.0,1500.0
Roma S.,Greenset,all,0,0,0,0.0,1500.0
Roma S.,Greenset,last_year,0,0,0,0.0,1500.0
Roma S.,Greenset,last_month,0,0,0,0.0,1500.0
Torro Flor M.T.,Hard,all,28,10,18,0.6428571428571429,1563.7283791948894
Torro Flor M.T.,Hard,last_year,0,0,0,0.0,1500.0
Torro Flor M.T.,Hard,last_month,0,0,0,0.0,1500.0
Torro Flor M.T.,Carpet,all,0,0,0,0.0,1500.0
Torro Flor M.T.,Carpet,last_year,0,0,0,0.0,1500.0
Torro Flor M.T.,Carpet,last_month,0,0,0,0.0,1500.0
Torro Flor M.T.,Clay,all,43,18,25,0.5813953488372093,1538.7781550578277
Torro Flor M.T.,Clay,last_year,0,0,0,0.0,1500.0
Torro Flor M.T.,Clay,last_month,0,0,0,0.0,1500.0
Torro Flor M.T.,Grass,all,4,1,3,0.75,1503.7106401775588
Torro Flor M.T.,Grass,last_year,0,0,0,0.0,1500.0
Torro Flor M.T.,Grass,last_month,0,0,0,0.0,1500.0
Torro Flor M.T.,Greenset,all,0,0,0,0.0,1500.0
Torro Flor M.T.,Greenset,last_year,0,0,0,0.0,1500.0
Torro Flor M.T.,Greenset,last_month,0,0,0,0.0,1500.0
Abanda F.,Hard,all,24,8,16,0.6666666666666666,1522.8482151410858
Abanda F.,Hard,last_year,0,0,0,0.0,1500.0
Abanda F.,Hard,last_month,0,0,0,0.0,1500.0
Abanda F.,Carpet,all,0,0,0,0.0,1500.0
Abanda F.,Carpet,last_year,0,0,0,0.0,1500.0
Abanda F.,Carpet,last_month,0,0,0,0.0,1500.0
Abanda F.,Clay,all,2,1,1,0.5,1467.4607685490057
Abanda F.,Clay,last_year,0,0,0,0.0,1500.0
Abanda F.,Clay,last_month,0,0,0,0.0,1500.0
Abanda F.,Grass,all,2,1,1,0.5,1528.0536492574831
Abanda F.,Grass,last_year,0,0,0,0.0,1500.0
Abanda F.,Grass,last_month,0,0,0,0.0,1500.0
Abanda F.,Greenset,all,0,0,0,0.0,1500.0
Abanda F.,Greenset,last_year,0,0,0,0.0,1500.0
Abanda F.,Greenset,last_month,0,0,0,0.0,1500.0
Zaniewska S.,Hard,all,2,1,1,0.5,1501.5143104125243
Zaniewska S.,Hard,last_year,0,0,0,0.0,1500.0
Zaniewska S.,Hard,last_month,0,0,0,0.0,1500.0
Zaniewska S.,Carpet,all,0,0,0,0.0,1500.0
Zaniewska S.,Carpet,last_year,0,0,0,0.0,1500.0
Zaniewska S.,Carpet,last_month,0,0,0,0.0,1500.0
Zaniewska S.,Clay,all,1,0,1,1.0,1486.0425127463081
Zaniewska S.,Clay,last_year,0,0,0,0.0,1500.0
Zaniewska S.,Clay,last_month,0,0,0,0.0,1500.0
Zaniewska S.,Grass,all,1,0,1,1.0,1484.7680629361446
Zaniewska S.,Grass,last_year,0,0,0,0.0,1500.0
Zaniewska S.,Grass,last_month,0,0,0,0.0,1500.0
Zaniewska S.,Greenset,all,0,0,0,0.0,1500.0
Zaniewska S.,Greenset,last_year,0,0,0,0.0,1500.0
Zaniewska S.,Greenset,last_month,0,0,0,0.0,1500.0
Paar L.I.,Hard,all,0,0,0,0.0,1500.0
Paar L.I.,Hard,last_year,0,0,0,0.0,1500.0
Paar L.I.,Hard,last_month,0,0,0,0.0,1500.0
Paar L.I.,Carpet,all,0,0,0,0.0,1500.0
Paar L.I.,Carpet,last_year,0,0,0,0.0,1500.0
Paar L.I.,Carpet,last_month,0,0,0,0.0,1500.0
Paar L.I.,Clay,all,2,1,1,0.5,1499.104044183381
Paar L.I.,Clay,last_year,0,0,0,0.0,1500.0
Paar L.I.,Clay,last_month,0,0,0,0.0,1500.0
Paar L.I.,Grass,all,0,0,0,0.0,1500.0
Paar L.I.,Grass,last_year,0,0,0,0.0,1500.0
Paar L.I.,Grass,last_month,0,0,0,0.0,1500.0
Paar L.I.,Greenset,all,0,0,0,0.0,1500.0
Paar L.I.,Greenset,last_year,0,0,0,0.0,1500.0
Paar L.I.,Greenset,last_month,0,0,0,0.0,1500.0
Routliffe E.,Hard,all,1,0,1,1.0,1518.9957624816518
Routliffe E.,Hard,last_year,0,0,0,0.0,1500.0
Routliffe E.,Hard,last_month,0,0,0,0.0,1500.0
Routliffe E.,Carpet,all,0,0,0,0.0,1500.0
Routliffe E.,Carpet,last_year,0,0,0,0.0,1500.0
Routliffe E.,Carpet,last_month,0,0,0,0.0,1500.0
Routliffe E.,Clay,all,1,1,0,1.0,1483.844091042221
Routliffe E.,Clay,last_year,0,0,0,0.0,1500.0
Routliffe E.,Clay,last_month,0,0,0,0.0,1500.0
Routliffe E.,Grass,all,0,0,0,0.0,1500.0
Routliffe E.,Grass,last_year,0,0,0,0.0,1500.0
Routliffe E.,Grass,last_month,0,0,0,0.0,1500.0
Routliffe E.,Greenset,all,0,0,0,0.0,1500.0
Routliffe E.,Greenset,last_year,0,0,0,0.0,1500.0
Routliffe E.,Greenset,last_month,0,0,0,0.0,1500.0
Wurth T.,Hard,all,1,0,1,1.0,1519.340803928859
Wurth T.,Hard,last_year,0,0,0,0.0,1500.0
Wurth T.,Hard,last_month,0,0,0,0.0,1500.0
Wurth T.,Carpet,all,0,0,0,0.0,1500.0
Wurth T.,Carpet,last_year,0,0,0,0.0,1500.0
Wurth T.,Carpet,last_month,0,0,0,0.0,1500.0
Wurth T.,Clay,all,1,0,1,1.0,1487.2709612277974
Wurth T.,Clay,last_year,1,0,1,1.0,1484.0
Wurth T.,Clay,last_month,0,0,0,0.0,1500.0
Wurth T.,Grass,all,0,0,0,0.0,1500.0
Wurth T.,Grass,last_year,0,0,0,0.0,1500.0
Wurth T.,Grass,last_month,0,0,0,0.0,1500.0
Wurth T.,Greenset,all,0,0,0,0.0,1500.0
Wurth T.,Greenset,last_year,0,0,0,0.0,1500.0
Wurth T.,Greenset,last_month,0,0,0,0.0,1500.0
Meusburger Y.,Hard,all,55,20,35,0.6363636363636364,1518.5629607778835
Meusburger Y.,Hard,last_year,0,0,0,0.0,1500.0
Meusburger Y.,Hard,last_month,0,0,0,0.0,1500.0
Meusburger Y.,Carpet,all,0,0,0,0.0,1500.0
Meusburger Y.,Carpet,last_year,0,0,0,0.0,1500.0
Meusburger Y.,Carpet,last_month,0,0,0,0.0,1500.0
Meusburger Y.,Clay,all,69,37,32,0.463768115942029,1497.8377319142248
Meusburger Y.,Clay,last_year,0,0,0,0.0,1500.0
Meusburger Y.,Clay,last_month,0,0,0,0.0,1500.0
Meusburger Y.,Grass,all,9,3,6,0.6666666666666666,1452.95223767865
Meusburger Y.,Grass,last_year,0,0,0,0.0,1500.0
Meusburger Y.,Grass,last_month,0,0,0,0.0,1500.0
Meusburger Y.,Greenset,all,0,0,0,0.0,1500.0
Meusburger Y.,Greenset,last_year,0,0,0,0.0,1500.0
Meusburger Y.,Greenset,last_month,0,0,0,0.0,1500.0
Schultz McCarthy B.,Hard,all,4,1,3,0.75,1495.4678019809073
Schultz McCarthy B.,Hard,last_year,0,0,0,0.0,1500.0
Schultz McCarthy B.,Hard,last_month,0,0,0,0.0,1500.0
Schultz McCarthy B.,Carpet,all,0,0,0,0.0,1500.0
Schultz McCarthy B.,Carpet,last_year,0,0,0,0.0,1500.0
Schultz McCarthy B.,Carpet,last_month,0,0,0,0.0,1500.0
Schultz McCarthy B.,Clay,all,0,0,0,0.0,1500.0
Schultz McCarthy B.,Clay,last_year,0,0,0,0.0,1500.0
Schultz McCarthy B.,Clay,last_month,0,0,0,0.0,1500.0
Schultz McCarthy B.,Grass,all,1,0,1,1.0,1516.0
Schultz McCarthy B.,Grass,last_year,0,0,0,0.0,1500.0
Schultz McCarthy B.,Grass,last_month,0,0,0,0.0,1500.0
Schultz McCarthy B.,Greenset,all,0,0,0,0.0,1500.0
Schultz McCarthy B.,Greenset,last_year,0,0,0,0.0,1500.0
Schultz McCarthy B.,Greenset,last_month,0,0,0,0.0,1500.0
Shimizu A.,Hard,all,2,0,2,1.0,1467.2369668808967
Shimizu A.,Hard,last_year,0,0,0,0.0,1500.0
Shimizu A.,Hard,last_month,0,0,0,0.0,1500.0
Shimizu A.,Carpet,all,0,0,0,0.0,1500.0
Shimizu A.,Carpet,last_year,0,0,0,0.0,1500.0
Shimizu A.,Carpet,last_month,0,0,0,0.0,1500.0
Shimizu A.,Clay,all,0,0,0,0.0,1500.0
Shimizu A.,Clay,last_year,0,0,0,0.0,1500.0
Shimizu A.,Clay,last_month,0,0,0,0.0,1500.0
Shimizu A.,Grass,all,0,0,0,0.0,1500.0
Shimizu A.,Grass,last_year,0,0,0,0.0,1500.0
Shimizu A.,Grass,last_month,0,0,0,0.0,1500.0
Shimizu A.,Greenset,all,0,0,0,0.0,1500.0
Shimizu A.,Greenset,last_year,0,0,0,0.0,1500.0
Shimizu A.,Greenset,last_month,0,0,0,0.0,1500.0
Gallovits E.,Hard,all,47,16,31,0.6595744680851063,1445.798089307327
Gallovits E.,Hard,last_year,0,0,0,0.0,1500.0
Gallovits E.,Hard,last_month,0,0,0,0.0,1500.0
Gallovits E.,Carpet,all,0,0,0,0.0,1500.0
Gallovits E.,Carpet,last_year,0,0,0,0.0,1500.0
Gallovits E.,Carpet,last_month,0,0,0,0.0,1500.0
Gallovits E.,Clay,all,59,28,31,0.5254237288135594,1494.6512255730274
Gallovits E.,Clay,last_year,0,0,0,0.0,1500.0
Gallovits E.,Clay,last_month,0,0,0,0.0,1500.0
Gallovits E.,Grass,all,9,2,7,0.7777777777777778,1481.2370956238442
Gallovits E.,Grass,last_year,0,0,0,0.0,1500.0
Gallovits E.,Grass,last_month,0,0,0,0.0,1500.0
Gallovits E.,Greenset,all,0,0,0,0.0,1500.0
Gallovits E.,Greenset,last_year,0,0,0,0.0,1500.0
Gallovits E.,Greenset,last_month,0,0,0,0.0,1500.0
Haynes A.,Hard,all,13,6,7,0.5384615384615384,1581.1698538603107
Haynes A.,Hard,last_year,0,0,0,0.0,1500.0
Haynes A.,Hard,last_month,0,0,0,0.0,1500.0
Haynes A.,Carpet,all,0,0,0,0.0,1500.0
Haynes A.,Carpet,last_year,0,0,0,0.0,1500.0
Haynes A.,Carpet,last_month,0,0,0,0.0,1500.0
Haynes A.,Clay,all,1,0,1,1.0,1484.7916538607785
Haynes A.,Clay,last_year,0,0,0,0.0,1500.0
Haynes A.,Clay,last_month,0,0,0,0.0,1500.0
Haynes A.,Grass,all,0,0,0,0.0,1500.0
Haynes A.,Grass,last_year,0,0,0,0.0,1500.0
Haynes A.,Grass,last_month,0,0,0,0.0,1500.0
Haynes A.,Greenset,all,0,0,0,0.0,1500.0
Haynes A.,Greenset,last_year,0,0,0,0.0,1500.0
Haynes A.,Greenset,last_month,0,0,0,0.0,1500.0
Hives Z.,Hard,all,6,3,3,0.5,1494.5482005530178
Hives Z.,Hard,last_year,0,0,0,0.0,1500.0
Hives Z.,Hard,last_month,0,0,0,0.0,1500.0
Hives Z.,Carpet,all,0,0,0,0.0,1500.0
Hives Z.,Carpet,last_year,0,0,0,0.0,1500.0
Hives Z.,Carpet,last_month,0,0,0,0.0,1500.0
Hives Z.,Clay,all,0,0,0,0.0,1500.0
Hives Z.,Clay,last_year,0,0,0,0.0,1500.0
Hives Z.,Clay,last_month,0,0,0,0.0,1500.0
Hives Z.,Grass,all,1,0,1,1.0,1483.1470215792406
Hives Z.,Grass,last_year,0,0,0,0.0,1500.0
Hives Z.,Grass,last_month,0,0,0,0.0,1500.0
Hives Z.,Greenset,all,0,0,0,0.0,1500.0
Hives Z.,Greenset,last_year,0,0,0,0.0,1500.0
Hives Z.,Greenset,last_month,0,0,0,0.0,1500.0
Cross K.,Hard,all,1,0,1,1.0,1515.7678913841082
Cross K.,Hard,last_year,0,0,0,0.0,1500.0
Cross K.,Hard,last_month,0,0,0,0.0,1500.0
Cross K.,Carpet,all,0,0,0,0.0,1500.0
Cross K.,Carpet,last_year,0,0,0,0.0,1500.0
Cross K.,Carpet,last_month,0,0,0,0.0,1500.0
Cross K.,Clay,all,0,0,0,0.0,1500.0
Cross K.,Clay,last_year,0,0,0,0.0,1500.0
Cross K.,Clay,last_month,0,0,0,0.0,1500.0
Cross K.,Grass,all,0,0,0,0.0,1500.0
Cross K.,Grass,last_year,0,0,0,0.0,1500.0
Cross K.,Grass,last_month,0,0,0,0.0,1500.0
Cross K.,Greenset,all,0,0,0,0.0,1500.0
Cross K.,Greenset,last_year,0,0,0,0.0,1500.0
Cross K.,Greenset,last_month,0,0,0,0.0,1500.0
Raducanu E.,Hard,all,66,36,30,0.45454545454545453,1457.673225864735
Raducanu E.,Hard,last_year,19,10,9,0.47368421052631576,1459.4164223357554
Raducanu E.,Hard,last_month,0,0,0,0.0,1500.0
Raducanu E.,Carpet,all,0,0,0,0.0,1500.0
Raducanu E.,Carpet,last_year,0,0,0,0.0,1500.0
Raducanu E.,Carpet,last_month,0,0,0,0.0,1500.0
Raducanu E.,Clay,all,23,13,10,0.43478260869565216,1464.295852567984
Raducanu E.,Clay,last_year,10,6,4,0.4,1469.299296615045
Raducanu E.,Clay,last_month,0,0,0,0.0,1500.0
Raducanu E.,Grass,all,24,16,8,0.3333333333333333,1460.9876852258126
Raducanu E.,Grass,last_year,12,8,4,0.3333333333333333,1449.6823624817205
Raducanu E.,Grass,last_month,8,5,3,0.375,1446.2645352675027
Raducanu E.,Greenset,all,0,0,0,0.0,1500.0
Raducanu E.,Greenset,last_year,0,0,0,0.0,1500.0
Raducanu E.,Greenset,last_month,0,0,0,0.0,1500.0
Yakimova A.,Hard,all,35,11,24,0.6857142857142857,1482.3285526253228
Yakimova A.,Hard,last_year,0,0,0,0.0,1500.0
Yakimova A.,Hard,last_month,0,0,0,0.0,1500.0
Yakimova A.,Carpet,all,0,0,0,0.0,1500.0
Yakimova A.,Carpet,last_year,0,0,0,0.0,1500.0
Yakimova A.,Carpet,last_month,0,0,0,0.0,1500.0
Yakimova A.,Clay,all,27,6,21,0.7777777777777778,1432.9231911518798
Yakimova A.,Clay,last_year,0,0,0,0.0,1500.0
Yakimova A.,Clay,last_month,0,0,0,0.0,1500.0
Yakimova A.,Grass,all,7,2,5,0.7142857142857143,1501.4766810312246
Yakimova A.,Grass,last_year,0,0,0,0.0,1500.0
Yakimova A.,Grass,last_month,0,0,0,0.0,1500.0
Yakimova A.,Greenset,all,0,0,0,0.0,1500.0
Yakimova A.,Greenset,last_year,0,0,0,0.0,1500.0
Yakimova A.,Greenset,last_month,0,0,0,0.0,1500.0
Kops-Jones R.,Hard,all,1,0,1,1.0,1516.0
Kops-Jones R.,Hard,last_year,0,0,0,0.0,1500.0
Kops-Jones R.,Hard,last_month,0,0,0,0.0,1500.0
Kops-Jones R.,Carpet,all,0,0,0,0.0,1500.0
Kops-Jones R.,Carpet,last_year,0,0,0,0.0,1500.0
Kops-Jones R.,Carpet,last_month,0,0,0,0.0,1500.0
Kops-Jones R.,Clay,all,0,0,0,0.0,1500.0
Kops-Jones R.,Clay,last_year,0,0,0,0.0,1500.0
Kops-Jones R.,Clay,last_month,0,0,0,0.0,1500.0
Kops-Jones R.,Grass,all,1,0,1,1.0,1516.0
Kops-Jones R.,Grass,last_year,0,0,0,0.0,1500.0
Kops-Jones R.,Grass,last_month,0,0,0,0.0,1500.0
Kops-Jones R.,Greenset,all,0,0,0,0.0,1500.0
Kops-Jones R.,Greenset,last_year,0,0,0,0.0,1500.0
Kops-Jones R.,Greenset,last_month,0,0,0,0.0,1500.0
Abramovic M.,Hard,all,2,1,1,0.5,1497.7169848631042
Abramovic M.,Hard,last_year,0,0,0,0.0,1500.0
Abramovic M.,Hard,last_month,0,0,0,0.0,1500.0
Abramovic M.,Carpet,all,0,0,0,0.0,1500.0
Abramovic M.,Carpet,last_year,0,0,0,0.0,1500.0
Abramovic M.,Carpet,last_month,0,0,0,0.0,1500.0
Abramovic M.,Clay,all,0,0,0,0.0,1500.0
Abramovic M.,Clay,last_year,0,0,0,0.0,1500.0
Abramovic M.,Clay,last_month,0,0,0,0.0,1500.0
Abramovic M.,Grass,all,0,0,0,0.0,1500.0
Abramovic M.,Grass,last_year,0,0,0,0.0,1500.0
Abramovic M.,Grass,last_month,0,0,0,0.0,1500.0
Abramovic M.,Greenset,all,0,0,0,0.0,1500.0
Abramovic M.,Greenset,last_year,0,0,0,0.0,1500.0
Abramovic M.,Greenset,last_month,0,0,0,0.0,1500.0
Brengle M.,Hard,all,154,58,96,0.6233766233766234,1447.4906239612985
Brengle M.,Hard,last_year,0,0,0,0.0,1500.0
Brengle M.,Hard,last_month,0,0,0,0.0,1500.0
Brengle M.,Carpet,all,0,0,0,0.0,1500.0
Brengle M.,Carpet,last_year,0,0,0,0.0,1500.0
Brengle M.,Carpet,last_month,0,0,0,0.0,1500.0
Brengle M.,Clay,all,50,17,33,0.66,1428.1483349442922
Brengle M.,Clay,last_year,0,0,0,0.0,1500.0
Brengle M.,Clay,last_month,0,0,0,0.0,1500.0
Brengle M.,Grass,all,30,12,18,0.6,1528.2967206629658
Brengle M.,Grass,last_year,0,0,0,0.0,1500.0
Brengle M.,Grass,last_month,0,0,0,0.0,1500.0
Brengle M.,Greenset,all,0,0,0,0.0,1500.0
Brengle M.,Greenset,last_year,0,0,0,0.0,1500.0
Brengle M.,Greenset,last_month,0,0,0,0.0,1500.0
Dushevina V. ,Hard,all,1,1,0,1.0,1515.2298601853572
Dushevina V. ,Hard,last_year,0,0,0,0.0,1500.0
Dushevina V. ,Hard,last_month,0,0,0,0.0,1500.0
Dushevina V. ,Carpet,all,0,0,0,0.0,1500.0
Dushevina V. ,Carpet,last_year,0,0,0,0.0,1500.0
Dushevina V. ,Carpet,last_month,0,0,0,0.0,1500.0
Dushevina V. ,Clay,all,0,0,0,0.0,1500.0
Dushevina V. ,Clay,last_year,0,0,0,0.0,1500.0
Dushevina V. ,Clay,last_month,0,0,0,0.0,1500.0
Dushevina V. ,Grass,all,0,0,0,0.0,1500.0
Dushevina V. ,Grass,last_year,0,0,0,0.0,1500.0
Dushevina V. ,Grass,last_month,0,0,0,0.0,1500.0
Dushevina V. ,Greenset,all,0,0,0,0.0,1500.0
Dushevina V. ,Greenset,last_year,0,0,0,0.0,1500.0
Dushevina V. ,Greenset,last_month,0,0,0,0.0,1500.0
Alves C.,Hard,all,0,0,0,0.0,1500.0
Alves C.,Hard,last_year,0,0,0,0.0,1500.0
Alves C.,Hard,last_month,0,0,0,0.0,1500.0
Alves C.,Carpet,all,0,0,0,0.0,1500.0
Alves C.,Carpet,last_year,0,0,0,0.0,1500.0
Alves C.,Carpet,last_month,0,0,0,0.0,1500.0
Alves C.,Clay,all,5,1,4,0.8,1489.1530416836804
Alves C.,Clay,last_year,1,0,1,1.0,1515.5759777917237
Alves C.,Clay,last_month,0,0,0,0.0,1500.0
Alves C.,Grass,all,0,0,0,0.0,1500.0
Alves C.,Grass,last_year,0,0,0,0.0,1500.0
Alves C.,Grass,last_month,0,0,0,0.0,1500.0
Alves C.,Greenset,all,0,0,0,0.0,1500.0
Alves C.,Greenset,last_year,0,0,0,0.0,1500.0
Alves C.,Greenset,last_month,0,0,0,0.0,1500.0
Brady J.,Hard,all,97,53,44,0.5463917525773195,1562.400572272373
Brady J.,Hard,last_year,0,0,0,0.0,1500.0
Brady J.,Hard,last_month,0,0,0,0.0,1500.0
Brady J.,Carpet,all,0,0,0,0.0,1500.0
Brady J.,Carpet,last_year,0,0,0,0.0,1500.0
Brady J.,Carpet,last_month,0,0,0,0.0,1500.0
Brady J.,Clay,all,27,11,16,0.4074074074074074,1471.2691720369698
Brady J.,Clay,last_year,0,0,0,0.0,1500.0
Brady J.,Clay,last_month,0,0,0,0.0,1500.0
Brady J.,Grass,all,12,6,6,0.5,1575.9615961467457
Brady J.,Grass,last_year,0,0,0,0.0,1500.0
Brady J.,Grass,last_month,0,0,0,0.0,1500.0
Brady J.,Greenset,all,0,0,0,0.0,1500.0
Brady J.,Greenset,last_year,0,0,0,0.0,1500.0
Brady J.,Greenset,last_month,0,0,0,0.0,1500.0
Serra Zanetti A.,Hard,all,0,0,0,0.0,1500.0
Serra Zanetti A.,Hard,last_year,0,0,0,0.0,1500.0
Serra Zanetti A.,Hard,last_month,0,0,0,0.0,1500.0
Serra Zanetti A.,Carpet,all,0,0,0,0.0,1500.0
Serra Zanetti A.,Carpet,last_year,0,0,0,0.0,1500.0
Serra Zanetti A.,Carpet,last_month,0,0,0,0.0,1500.0
Serra Zanetti A.,Clay,all,1,0,1,1.0,1483.5650564194502
Serra Zanetti A.,Clay,last_year,0,0,0,0.0,1500.0
Serra Zanetti A.,Clay,last_month,0,0,0,0.0,1500.0
Serra Zanetti A.,Grass,all,0,0,0,0.0,1500.0
Serra Zanetti A.,Grass,last_year,0,0,0,0.0,1500.0
Serra Zanetti A.,Grass,last_month,0,0,0,0.0,1500.0
Serra Zanetti A.,Greenset,all,0,0,0,0.0,1500.0
Serra Zanetti A.,Greenset,last_year,0,0,0,0.0,1500.0
Serra Zanetti A.,Greenset,last_month,0,0,0,0.0,1500.0
Ma Y.,Hard,all,4,1,3,0.75,1447.2768363138648
Ma Y.,Hard,last_year,3,1,2,0.6666666666666666,1451.4250661284373
Ma Y.,Hard,last_month,0,0,0,0.0,1500.0
Ma Y.,Carpet,all,0,0,0,0.0,1500.0
Ma Y.,Carpet,last_year,0,0,0,0.0,1500.0
Ma Y.,Carpet,last_month,0,0,0,0.0,1500.0
Ma Y.,Clay,all,0,0,0,0.0,1500.0
Ma Y.,Clay,last_year,0,0,0,0.0,1500.0
Ma Y.,Clay,last_month,0,0,0,0.0,1500.0
Ma Y.,Grass,all,0,0,0,0.0,1500.0
Ma Y.,Grass,last_year,0,0,0,0.0,1500.0
Ma Y.,Grass,last_month,0,0,0,0.0,1500.0
Ma Y.,Greenset,all,0,0,0,0.0,1500.0
Ma Y.,Greenset,last_year,0,0,0,0.0,1500.0
Ma Y.,Greenset,last_month,0,0,0,0.0,1500.0
Karatantcheva S.,Hard,all,43,15,28,0.6511627906976745,1531.348645631507
Karatantcheva S.,Hard,last_year,0,0,0,0.0,1500.0
Karatantcheva S.,Hard,last_month,0,0,0,0.0,1500.0
Karatantcheva S.,Carpet,all,0,0,0,0.0,1500.0
Karatantcheva S.,Carpet,last_year,0,0,0,0.0,1500.0
Karatantcheva S.,Carpet,last_month,0,0,0,0.0,1500.0
Karatantcheva S.,Clay,all,28,7,21,0.75,1466.211858732499
Karatantcheva S.,Clay,last_year,0,0,0,0.0,1500.0
Karatantcheva S.,Clay,last_month,0,0,0,0.0,1500.0
Karatantcheva S.,Grass,all,9,4,5,0.5555555555555556,1474.3104424844778
Karatantcheva S.,Grass,last_year,0,0,0,0.0,1500.0
Karatantcheva S.,Grass,last_month,0,0,0,0.0,1500.0
Karatantcheva S.,Greenset,all,0,0,0,0.0,1500.0
Karatantcheva S.,Greenset,last_year,0,0,0,0.0,1500.0
Karatantcheva S.,Greenset,last_month,0,0,0,0.0,1500.0
Domachowska M.,Hard,all,35,14,21,0.6,1509.9189011267401
Domachowska M.,Hard,last_year,0,0,0,0.0,1500.0
Domachowska M.,Hard,last_month,0,0,0,0.0,1500.0
Domachowska M.,Carpet,all,0,0,0,0.0,1500.0
Domachowska M.,Carpet,last_year,0,0,0,0.0,1500.0
Domachowska M.,Carpet,last_month,0,0,0,0.0,1500.0
Domachowska M.,Clay,all,24,8,16,0.6666666666666666,1563.294679774768
Domachowska M.,Clay,last_year,0,0,0,0.0,1500.0
Domachowska M.,Clay,last_month,0,0,0,0.0,1500.0
Domachowska M.,Grass,all,5,2,3,0.6,1451.2732741694672
Domachowska M.,Grass,last_year,0,0,0,0.0,1500.0
Domachowska M.,Grass,last_month,0,0,0,0.0,1500.0
Domachowska M.,Greenset,all,1,0,1,1.0,1516.0
Domachowska M.,Greenset,last_year,0,0,0,0.0,1500.0
Domachowska M.,Greenset,last_month,0,0,0,0.0,1500.0
Chwalinska M.,Hard,all,3,1,2,0.6666666666666666,1515.3418286893373
Chwalinska M.,Hard,last_year,3,1,2,0.6666666666666666,1512.411792580666
Chwalinska M.,Hard,last_month,0,0,0,0.0,1500.0
Chwalinska M.,Carpet,all,0,0,0,0.0,1500.0
Chwalinska M.,Carpet,last_year,0,0,0,0.0,1500.0
Chwalinska M.,Carpet,last_month,0,0,0,0.0,1500.0
Chwalinska M.,Clay,all,3,1,2,0.6666666666666666,1485.2683137013762
Chwalinska M.,Clay,last_year,0,0,0,0.0,1500.0
Chwalinska M.,Clay,last_month,0,0,0,0.0,1500.0
Chwalinska M.,Grass,all,2,1,1,0.5,1470.9817121027975
Chwalinska M.,Grass,last_year,0,0,0,0.0,1500.0
Chwalinska M.,Grass,last_month,0,0,0,0.0,1500.0
Chwalinska M.,Greenset,all,0,0,0,0.0,1500.0
Chwalinska M.,Greenset,last_year,0,0,0,0.0,1500.0
Chwalinska M.,Greenset,last_month,0,0,0,0.0,1500.0
Rottmann N.,Hard,all,1,0,1,1.0,1484.5896400291758
Rottmann N.,Hard,last_year,0,0,0,0.0,1500.0
Rottmann N.,Hard,last_month,0,0,0,0.0,1500.0
Rottmann N.,Carpet,all,0,0,0,0.0,1500.0
Rottmann N.,Carpet,last_year,0,0,0,0.0,1500.0
Rottmann N.,Carpet,last_month,0,0,0,0.0,1500.0
Rottmann N.,Clay,all,1,0,1,1.0,1482.9959762115336
Rottmann N.,Clay,last_year,0,0,0,0.0,1500.0
Rottmann N.,Clay,last_month,0,0,0,0.0,1500.0
Rottmann N.,Grass,all,0,0,0,0.0,1500.0
Rottmann N.,Grass,last_year,0,0,0,0.0,1500.0
Rottmann N.,Grass,last_month,0,0,0,0.0,1500.0
Rottmann N.,Greenset,all,0,0,0,0.0,1500.0
Rottmann N.,Greenset,last_year,0,0,0,0.0,1500.0
Rottmann N.,Greenset,last_month,0,0,0,0.0,1500.0
Poutchkova O.,Hard,all,32,10,22,0.6875,1480.1192689439652
Poutchkova O.,Hard,last_year,0,0,0,0.0,1500.0
Poutchkova O.,Hard,last_month,0,0,0,0.0,1500.0
Poutchkova O.,Carpet,all,1,0,1,1.0,1484.0
Poutchkova O.,Carpet,last_year,0,0,0,0.0,1500.0
Poutchkova O.,Carpet,last_month,0,0,0,0.0,1500.0
Poutchkova O.,Clay,all,6,3,3,0.5,1523.8129012110328
Poutchkova O.,Clay,last_year,0,0,0,0.0,1500.0
Poutchkova O.,Clay,last_month,0,0,0,0.0,1500.0
Poutchkova O.,Grass,all,3,0,3,1.0,1513.3488256762298
Poutchkova O.,Grass,last_year,0,0,0,0.0,1500.0
Poutchkova O.,Grass,last_month,0,0,0,0.0,1500.0
Poutchkova O.,Greenset,all,0,0,0,0.0,1500.0
Poutchkova O.,Greenset,last_year,0,0,0,0.0,1500.0
Poutchkova O.,Greenset,last_month,0,0,0,0.0,1500.0
Zueger J.,Hard,all,2,0,2,1.0,1499.582604361841
Zueger J.,Hard,last_year,0,0,0,0.0,1500.0
Zueger J.,Hard,last_month,0,0,0,0.0,1500.0
Zueger J.,Carpet,all,0,0,0,0.0,1500.0
Zueger J.,Carpet,last_year,0,0,0,0.0,1500.0
Zueger J.,Carpet,last_month,0,0,0,0.0,1500.0
Zueger J.,Clay,all,0,0,0,0.0,1500.0
Zueger J.,Clay,last_year,0,0,0,0.0,1500.0
Zueger J.,Clay,last_month,0,0,0,0.0,1500.0
Zueger J.,Grass,all,0,0,0,0.0,1500.0
Zueger J.,Grass,last_year,0,0,0,0.0,1500.0
Zueger J.,Grass,last_month,0,0,0,0.0,1500.0
Zueger J.,Greenset,all,0,0,0,0.0,1500.0
Zueger J.,Greenset,last_year,0,0,0,0.0,1500.0
Zueger J.,Greenset,last_month,0,0,0,0.0,1500.0
Knapp K.,Hard,all,98,42,56,0.5714285714285714,1448.632825856664
Knapp K.,Hard,last_year,0,0,0,0.0,1500.0
Knapp K.,Hard,last_month,0,0,0,0.0,1500.0
Knapp K.,Carpet,all,1,0,1,1.0,1516.0
Knapp K.,Carpet,last_year,0,0,0,0.0,1500.0
Knapp K.,Carpet,last_month,0,0,0,0.0,1500.0
Knapp K.,Clay,all,95,50,45,0.47368421052631576,1434.8343368881733
Knapp K.,Clay,last_year,0,0,0,0.0,1500.0
Knapp K.,Clay,last_month,0,0,0,0.0,1500.0
Knapp K.,Grass,all,11,3,8,0.7272727272727273,1515.606991937499
Knapp K.,Grass,last_year,0,0,0,0.0,1500.0
Knapp K.,Grass,last_month,0,0,0,0.0,1500.0
Knapp K.,Greenset,all,0,0,0,0.0,1500.0
Knapp K.,Greenset,last_year,0,0,0,0.0,1500.0
Knapp K.,Greenset,last_month,0,0,0,0.0,1500.0
De Gubernatis C.,Hard,all,0,0,0,0.0,1500.0
De Gubernatis C.,Hard,last_year,0,0,0,0.0,1500.0
De Gubernatis C.,Hard,last_month,0,0,0,0.0,1500.0
De Gubernatis C.,Carpet,all,0,0,0,0.0,1500.0
De Gubernatis C.,Carpet,last_year,0,0,0,0.0,1500.0
De Gubernatis C.,Carpet,last_month,0,0,0,0.0,1500.0
De Gubernatis C.,Clay,all,2,1,1,0.5,1498.834092224185
De Gubernatis C.,Clay,last_year,0,0,0,0.0,1500.0
De Gubernatis C.,Clay,last_month,0,0,0,0.0,1500.0
De Gubernatis C.,Grass,all,0,0,0,0.0,1500.0
De Gubernatis C.,Grass,last_year,0,0,0,0.0,1500.0
De Gubernatis C.,Grass,last_month,0,0,0,0.0,1500.0
De Gubernatis C.,Greenset,all,0,0,0,0.0,1500.0
De Gubernatis C.,Greenset,last_year,0,0,0,0.0,1500.0
De Gubernatis C.,Greenset,last_month,0,0,0,0.0,1500.0
Gagliardi E.,Hard,all,6,0,6,1.0,1496.4606486571201
Gagliardi E.,Hard,last_year,0,0,0,0.0,1500.0
Gagliardi E.,Hard,last_month,0,0,0,0.0,1500.0
Gagliardi E.,Carpet,all,1,0,1,1.0,1515.263693206478
Gagliardi E.,Carpet,last_year,0,0,0,0.0,1500.0
Gagliardi E.,Carpet,last_month,0,0,0,0.0,1500.0
Gagliardi E.,Clay,all,4,1,3,0.75,1500.7953803470677
Gagliardi E.,Clay,last_year,0,0,0,0.0,1500.0
Gagliardi E.,Clay,last_month,0,0,0,0.0,1500.0
Gagliardi E.,Grass,all,1,0,1,1.0,1484.0
Gagliardi E.,Grass,last_year,0,0,0,0.0,1500.0
Gagliardi E.,Grass,last_month,0,0,0,0.0,1500.0
Gagliardi E.,Greenset,all,0,0,0,0.0,1500.0
Gagliardi E.,Greenset,last_year,0,0,0,0.0,1500.0
Gagliardi E.,Greenset,last_month,0,0,0,0.0,1500.0
Andrianjafitrimo T.,Hard,all,1,0,1,1.0,1518.1313541180614
Andrianjafitrimo T.,Hard,last_year,0,0,0,0.0,1500.0
Andrianjafitrimo T.,Hard,last_month,0,0,0,0.0,1500.0
Andrianjafitrimo T.,Carpet,all,0,0,0,0.0,1500.0
Andrianjafitrimo T.,Carpet,last_year,0,0,0,0.0,1500.0
Andrianjafitrimo T.,Carpet,last_month,0,0,0,0.0,1500.0
Andrianjafitrimo T.,Clay,all,5,0,5,1.0,1575.1464712154987
Andrianjafitrimo T.,Clay,last_year,0,0,0,0.0,1500.0
Andrianjafitrimo T.,Clay,last_month,0,0,0,0.0,1500.0
Andrianjafitrimo T.,Grass,all,0,0,0,0.0,1500.0
Andrianjafitrimo T.,Grass,last_year,0,0,0,0.0,1500.0
Andrianjafitrimo T.,Grass,last_month,0,0,0,0.0,1500.0
Andrianjafitrimo T.,Greenset,all,0,0,0,0.0,1500.0
Andrianjafitrimo T.,Greenset,last_year,0,0,0,0.0,1500.0
Andrianjafitrimo T.,Greenset,last_month,0,0,0,0.0,1500.0
Tetreault V.,Hard,all,12,4,8,0.6666666666666666,1451.879574845386
Tetreault V.,Hard,last_year,0,0,0,0.0,1500.0
Tetreault V.,Hard,last_month,0,0,0,0.0,1500.0
Tetreault V.,Carpet,all,0,0,0,0.0,1500.0
Tetreault V.,Carpet,last_year,0,0,0,0.0,1500.0
Tetreault V.,Carpet,last_month,0,0,0,0.0,1500.0
Tetreault V.,Clay,all,0,0,0,0.0,1500.0
Tetreault V.,Clay,last_year,0,0,0,0.0,1500.0
Tetreault V.,Clay,last_month,0,0,0,0.0,1500.0
Tetreault V.,Grass,all,0,0,0,0.0,1500.0
Tetreault V.,Grass,last_year,0,0,0,0.0,1500.0
Tetreault V.,Grass,last_month,0,0,0,0.0,1500.0
Tetreault V.,Greenset,all,0,0,0,0.0,1500.0
Tetreault V.,Greenset,last_year,0,0,0,0.0,1500.0
Tetreault V.,Greenset,last_month,0,0,0,0.0,1500.0
Weinhold A.,Hard,all,3,0,3,1.0,1511.826648530977
Weinhold A.,Hard,last_year,0,0,0,0.0,1500.0
Weinhold A.,Hard,last_month,0,0,0,0.0,1500.0
Weinhold A.,Carpet,all,0,0,0,0.0,1500.0
Weinhold A.,Carpet,last_year,0,0,0,0.0,1500.0
Weinhold A.,Carpet,last_month,0,0,0,0.0,1500.0
Weinhold A.,Clay,all,0,0,0,0.0,1500.0
Weinhold A.,Clay,last_year,0,0,0,0.0,1500.0
Weinhold A.,Clay,last_month,0,0,0,0.0,1500.0
Weinhold A.,Grass,all,0,0,0,0.0,1500.0
Weinhold A.,Grass,last_year,0,0,0,0.0,1500.0
Weinhold A.,Grass,last_month,0,0,0,0.0,1500.0
Weinhold A.,Greenset,all,0,0,0,0.0,1500.0
Weinhold A.,Greenset,last_year,0,0,0,0.0,1500.0
Weinhold A.,Greenset,last_month,0,0,0,0.0,1500.0
Muchova K.,Hard,all,127,88,39,0.30708661417322836,1458.1741726703888
Muchova K.,Hard,last_year,32,24,8,0.25,1452.6790481932185
Muchova K.,Hard,last_month,0,0,0,0.0,1500.0
Muchova K.,Carpet,all,0,0,0,0.0,1500.0
Muchova K.,Carpet,last_year,0,0,0,0.0,1500.0
Muchova K.,Carpet,last_month,0,0,0,0.0,1500.0
Muchova K.,Clay,all,43,28,15,0.3488372093023256,1591.5984404381693
Muchova K.,Clay,last_year,5,3,2,0.4,1544.3657568106887
Muchova K.,Clay,last_month,0,0,0,0.0,1500.0
Muchova K.,Grass,all,20,10,10,0.5,1454.8957074313275
Muchova K.,Grass,last_year,4,1,3,0.75,1470.7479243877244
Muchova K.,Grass,last_month,3,1,2,0.6666666666666666,1482.005182910892
Muchova K.,Greenset,all,0,0,0,0.0,1500.0
Muchova K.,Greenset,last_year,0,0,0,0.0,1500.0
Muchova K.,Greenset,last_month,0,0,0,0.0,1500.0
Sevastova A.,Hard,all,199,102,97,0.5125628140703518,1552.4643170809243
Sevastova A.,Hard,last_year,0,0,0,0.0,1500.0
Sevastova A.,Hard,last_month,0,0,0,0.0,1500.0
Sevastova A.,Carpet,all,1,0,1,1.0,1483.9655328909032
Sevastova A.,Carpet,last_year,0,0,0,0.0,1500.0
Sevastova A.,Carpet,last_month,0,0,0,0.0,1500.0
Sevastova A.,Clay,all,111,65,46,0.4144144144144144,1543.0605263920336
Sevastova A.,Clay,last_year,4,2,2,0.5,1524.934645834945
Sevastova A.,Clay,last_month,0,0,0,0.0,1500.0
Sevastova A.,Grass,all,42,23,19,0.4523809523809524,1457.0426655534184
Sevastova A.,Grass,last_year,2,0,2,1.0,1528.4696543624257
Sevastova A.,Grass,last_month,2,0,2,1.0,1531.1747081984338
Sevastova A.,Greenset,all,0,0,0,0.0,1500.0
Sevastova A.,Greenset,last_year,0,0,0,0.0,1500.0
Sevastova A.,Greenset,last_month,0,0,0,0.0,1500.0
Cabrera L.,Hard,all,26,6,20,0.7692307692307693,1542.23964447168
Cabrera L.,Hard,last_year,0,0,0,0.0,1500.0
Cabrera L.,Hard,last_month,0,0,0,0.0,1500.0
Cabrera L.,Carpet,all,0,0,0,0.0,1500.0
Cabrera L.,Carpet,last_year,0,0,0,0.0,1500.0
Cabrera L.,Carpet,last_month,0,0,0,0.0,1500.0
Cabrera L.,Clay,all,2,0,2,1.0,1470.5598957341338
Cabrera L.,Clay,last_year,0,0,0,0.0,1500.0
Cabrera L.,Clay,last_month,0,0,0,0.0,1500.0
Cabrera L.,Grass,all,2,1,1,0.5,1468.3022744169532
Cabrera L.,Grass,last_year,0,0,0,0.0,1500.0
Cabrera L.,Grass,last_month,0,0,0,0.0,1500.0
Cabrera L.,Greenset,all,0,0,0,0.0,1500.0
Cabrera L.,Greenset,last_year,0,0,0,0.0,1500.0
Cabrera L.,Greenset,last_month,0,0,0,0.0,1500.0
Jones F.,Hard,all,5,1,4,0.8,1488.8600970155653
Jones F.,Hard,last_year,1,0,1,1.0,1512.819434325758
Jones F.,Hard,last_month,0,0,0,0.0,1500.0
Jones F.,Carpet,all,0,0,0,0.0,1500.0
Jones F.,Carpet,last_year,0,0,0,0.0,1500.0
Jones F.,Carpet,last_month,0,0,0,0.0,1500.0
Jones F.,Clay,all,7,4,3,0.42857142857142855,1437.9976217113592
Jones F.,Clay,last_year,1,0,1,1.0,1484.0
Jones F.,Clay,last_month,0,0,0,0.0,1500.0
Jones F.,Grass,all,12,4,8,0.6666666666666666,1543.545066000403
Jones F.,Grass,last_year,7,2,5,0.7142857142857143,1511.3013725514163
Jones F.,Grass,last_month,6,2,4,0.6666666666666666,1529.6769158318118
Jones F.,Greenset,all,0,0,0,0.0,1500.0
Jones F.,Greenset,last_year,0,0,0,0.0,1500.0
Jones F.,Greenset,last_month,0,0,0,0.0,1500.0
Lakhani I.,Hard,all,1,0,1,1.0,1484.0
Lakhani I.,Hard,last_year,0,0,0,0.0,1500.0
Lakhani I.,Hard,last_month,0,0,0,0.0,1500.0
Lakhani I.,Carpet,all,0,0,0,0.0,1500.0
Lakhani I.,Carpet,last_year,0,0,0,0.0,1500.0
Lakhani I.,Carpet,last_month,0,0,0,0.0,1500.0
Lakhani I.,Clay,all,0,0,0,0.0,1500.0
Lakhani I.,Clay,last_year,0,0,0,0.0,1500.0
Lakhani I.,Clay,last_month,0,0,0,0.0,1500.0
Lakhani I.,Grass,all,0,0,0,0.0,1500.0
Lakhani I.,Grass,last_year,0,0,0,0.0,1500.0
Lakhani I.,Grass,last_month,0,0,0,0.0,1500.0
Lakhani I.,Greenset,all,0,0,0,0.0,1500.0
Lakhani I.,Greenset,last_year,0,0,0,0.0,1500.0
Lakhani I.,Greenset,last_month,0,0,0,0.0,1500.0
Bucsa C.,Hard,all,57,22,35,0.6140350877192983,1552.0305173018144
Bucsa C.,Hard,last_year,21,9,12,0.5714285714285714,1524.3306053208714
Bucsa C.,Hard,last_month,0,0,0,0.0,1500.0
Bucsa C.,Carpet,all,0,0,0,0.0,1500.0
Bucsa C.,Carpet,last_year,0,0,0,0.0,1500.0
Bucsa C.,Carpet,last_month,0,0,0,0.0,1500.0
Bucsa C.,Clay,all,31,10,21,0.6774193548387096,1476.7144319857223
Bucsa C.,Clay,last_year,4,1,3,0.75,1465.646918517126
Bucsa C.,Clay,last_month,0,0,0,0.0,1500.0
Bucsa C.,Grass,all,14,5,9,0.6428571428571429,1445.5546022087794
Bucsa C.,Grass,last_year,8,4,4,0.5,1491.209592695336
Bucsa C.,Grass,last_month,6,3,3,0.5,1468.4890834988043
Bucsa C.,Greenset,all,0,0,0,0.0,1500.0
Bucsa C.,Greenset,last_year,0,0,0,0.0,1500.0
Bucsa C.,Greenset,last_month,0,0,0,0.0,1500.0
Maria T.,Hard,all,143,49,94,0.6573426573426573,1430.099095741141
Maria T.,Hard,last_year,14,4,10,0.7142857142857143,1441.6933348131488
Maria T.,Hard,last_month,0,0,0,0.0,1500.0
Maria T.,Carpet,all,0,0,0,0.0,1500.0
Maria T.,Carpet,last_year,0,0,0,0.0,1500.0
Maria T.,Carpet,last_month,0,0,0,0.0,1500.0
Maria T.,Clay,all,91,39,52,0.5714285714285714,1543.876915223445
Maria T.,Clay,last_year,7,2,5,0.7142857142857143,1520.819697633022
Maria T.,Clay,last_month,0,0,0,0.0,1500.0
Maria T.,Grass,all,47,25,22,0.46808510638297873,1523.2438334410483
Maria T.,Grass,last_year,8,5,3,0.375,1491.6019082140604
Maria T.,Grass,last_month,7,5,2,0.2857142857142857,1484.129198988138
Maria T.,Greenset,all,0,0,0,0.0,1500.0
Maria T.,Greenset,last_year,0,0,0,0.0,1500.0
Maria T.,Greenset,last_month,0,0,0,0.0,1500.0
Ungur L.,Hard,all,0,0,0,0.0,1500.0
Ungur L.,Hard,last_year,0,0,0,0.0,1500.0
Ungur L.,Hard,last_month,0,0,0,0.0,1500.0
Ungur L.,Carpet,all,0,0,0,0.0,1500.0
Ungur L.,Carpet,last_year,0,0,0,0.0,1500.0
Ungur L.,Carpet,last_month,0,0,0,0.0,1500.0
Ungur L.,Clay,all,4,1,3,0.75,1497.0408560412793
Ungur L.,Clay,last_year,0,0,0,0.0,1500.0
Ungur L.,Clay,last_month,0,0,0,0.0,1500.0
Ungur L.,Grass,all,0,0,0,0.0,1500.0
Ungur L.,Grass,last_year,0,0,0,0.0,1500.0
Ungur L.,Grass,last_month,0,0,0,0.0,1500.0
Ungur L.,Greenset,all,0,0,0,0.0,1500.0
Ungur L.,Greenset,last_year,0,0,0,0.0,1500.0
Ungur L.,Greenset,last_month,0,0,0,0.0,1500.0
Oprandi R.,Hard,all,60,20,40,0.6666666666666666,1510.055033672151
Oprandi R.,Hard,last_year,0,0,0,0.0,1500.0
Oprandi R.,Hard,last_month,0,0,0,0.0,1500.0
Oprandi R.,Carpet,all,0,0,0,0.0,1500.0
Oprandi R.,Carpet,last_year,0,0,0,0.0,1500.0
Oprandi R.,Carpet,last_month,0,0,0,0.0,1500.0
Oprandi R.,Clay,all,48,20,28,0.5833333333333334,1503.3291917643658
Oprandi R.,Clay,last_year,0,0,0,0.0,1500.0
Oprandi R.,Clay,last_month,0,0,0,0.0,1500.0
Oprandi R.,Grass,all,11,5,6,0.5454545454545454,1480.3574097956784
Oprandi R.,Grass,last_year,0,0,0,0.0,1500.0
Oprandi R.,Grass,last_month,0,0,0,0.0,1500.0
Oprandi R.,Greenset,all,0,0,0,0.0,1500.0
Oprandi R.,Greenset,last_year,0,0,0,0.0,1500.0
Oprandi R.,Greenset,last_month,0,0,0,0.0,1500.0
Loeb J.,Hard,all,10,0,10,1.0,1511.8068244731737
Loeb J.,Hard,last_year,0,0,0,0.0,1500.0
Loeb J.,Hard,last_month,0,0,0,0.0,1500.0
Loeb J.,Carpet,all,0,0,0,0.0,1500.0
Loeb J.,Carpet,last_year,0,0,0,0.0,1500.0
Loeb J.,Carpet,last_month,0,0,0,0.0,1500.0
Loeb J.,Clay,all,3,0,3,1.0,1514.0777264248218
Loeb J.,Clay,last_year,1,0,1,1.0,1516.0
Loeb J.,Clay,last_month,0,0,0,0.0,1500.0
Loeb J.,Grass,all,1,0,1,1.0,1517.8412857368944
Loeb J.,Grass,last_year,0,0,0,0.0,1500.0
Loeb J.,Grass,last_month,0,0,0,0.0,1500.0
Loeb J.,Greenset,all,0,0,0,0.0,1500.0
Loeb J.,Greenset,last_year,0,0,0,0.0,1500.0
Loeb J.,Greenset,last_month,0,0,0,0.0,1500.0
Kalieva E.,Hard,all,4,0,4,1.0,1527.6428567038263
Kalieva E.,Hard,last_year,1,0,1,1.0,1515.2621349933268
Kalieva E.,Hard,last_month,0,0,0,0.0,1500.0
Kalieva E.,Carpet,all,0,0,0,0.0,1500.0
Kalieva E.,Carpet,last_year,0,0,0,0.0,1500.0
Kalieva E.,Carpet,last_month,0,0,0,0.0,1500.0
Kalieva E.,Clay,all,1,0,1,1.0,1488.119422134677
Kalieva E.,Clay,last_year,0,0,0,0.0,1500.0
Kalieva E.,Clay,last_month,0,0,0,0.0,1500.0
Kalieva E.,Grass,all,0,0,0,0.0,1500.0
Kalieva E.,Grass,last_year,0,0,0,0.0,1500.0
Kalieva E.,Grass,last_month,0,0,0,0.0,1500.0
Kalieva E.,Greenset,all,0,0,0,0.0,1500.0
Kalieva E.,Greenset,last_year,0,0,0,0.0,1500.0
Kalieva E.,Greenset,last_month,0,0,0,0.0,1500.0
Grabher J.,Hard,all,21,4,17,0.8095238095238095,1539.5107829976828
Grabher J.,Hard,last_year,10,2,8,0.8,1511.3354856909293
Grabher J.,Hard,last_month,0,0,0,0.0,1500.0
Grabher J.,Carpet,all,0,0,0,0.0,1500.0
Grabher J.,Carpet,last_year,0,0,0,0.0,1500.0
Grabher J.,Carpet,last_month,0,0,0,0.0,1500.0
Grabher J.,Clay,all,25,13,12,0.48,1498.8872446455796
Grabher J.,Clay,last_year,1,0,1,1.0,1515.9122534110259
Grabher J.,Clay,last_month,0,0,0,0.0,1500.0
Grabher J.,Grass,all,2,0,2,1.0,1500.2703949035017
Grabher J.,Grass,last_year,0,0,0,0.0,1500.0
Grabher J.,Grass,last_month,0,0,0,0.0,1500.0
Grabher J.,Greenset,all,0,0,0,0.0,1500.0
Grabher J.,Greenset,last_year,0,0,0,0.0,1500.0
Grabher J.,Greenset,last_month,0,0,0,0.0,1500.0
Chang S.,Hard,all,0,0,0,0.0,1500.0
Chang S.,Hard,last_year,0,0,0,0.0,1500.0
Chang S.,Hard,last_month,0,0,0,0.0,1500.0
Chang S.,Carpet,all,0,0,0,0.0,1500.0
Chang S.,Carpet,last_year,0,0,0,0.0,1500.0
Chang S.,Carpet,last_month,0,0,0,0.0,1500.0
Chang S.,Clay,all,2,0,2,1.0,1499.969079101468
Chang S.,Clay,last_year,0,0,0,0.0,1500.0
Chang S.,Clay,last_month,0,0,0,0.0,1500.0
Chang S.,Grass,all,0,0,0,0.0,1500.0
Chang S.,Grass,last_year,0,0,0,0.0,1500.0
Chang S.,Grass,last_month,0,0,0,0.0,1500.0
Chang S.,Greenset,all,0,0,0,0.0,1500.0
Chang S.,Greenset,last_year,0,0,0,0.0,1500.0
Chang S.,Greenset,last_month,0,0,0,0.0,1500.0
Kustova D.,Hard,all,9,4,5,0.5555555555555556,1485.4969522643753
Kustova D.,Hard,last_year,0,0,0,0.0,1500.0
Kustova D.,Hard,last_month,0,0,0,0.0,1500.0
Kustova D.,Carpet,all,0,0,0,0.0,1500.0
Kustova D.,Carpet,last_year,0,0,0,0.0,1500.0
Kustova D.,Carpet,last_month,0,0,0,0.0,1500.0
Kustova D.,Clay,all,4,1,3,0.75,1499.611647764678
Kustova D.,Clay,last_year,0,0,0,0.0,1500.0
Kustova D.,Clay,last_month,0,0,0,0.0,1500.0
Kustova D.,Grass,all,0,0,0,0.0,1500.0
Kustova D.,Grass,last_year,0,0,0,0.0,1500.0
Kustova D.,Grass,last_month,0,0,0,0.0,1500.0
Kustova D.,Greenset,all,0,0,0,0.0,1500.0
Kustova D.,Greenset,last_year,0,0,0,0.0,1500.0
Kustova D.,Greenset,last_month,0,0,0,0.0,1500.0
Jacquemot E.,Hard,all,6,1,5,0.8333333333333334,1506.2457628516527
Jacquemot E.,Hard,last_year,3,1,2,0.6666666666666666,1513.1235775560701
Jacquemot E.,Hard,last_month,0,0,0,0.0,1500.0
Jacquemot E.,Carpet,all,0,0,0,0.0,1500.0
Jacquemot E.,Carpet,last_year,0,0,0,0.0,1500.0
Jacquemot E.,Carpet,last_month,0,0,0,0.0,1500.0
Jacquemot E.,Clay,all,14,4,10,0.7142857142857143,1549.5727884871042
Jacquemot E.,Clay,last_year,7,3,4,0.5714285714285714,1545.0467759950684
Jacquemot E.,Clay,last_month,0,0,0,0.0,1500.0
Jacquemot E.,Grass,all,3,1,2,0.6666666666666666,1460.0307286625184
Jacquemot E.,Grass,last_year,3,1,2,0.6666666666666666,1456.7108845408495
Jacquemot E.,Grass,last_month,2,1,1,0.5,1470.692584485744
Jacquemot E.,Greenset,all,0,0,0,0.0,1500.0
Jacquemot E.,Greenset,last_year,0,0,0,0.0,1500.0
Jacquemot E.,Greenset,last_month,0,0,0,0.0,1500.0
Scott K.,Hard,all,5,1,4,0.8,1454.821226839959
Scott K.,Hard,last_year,1,0,1,1.0,1483.263693206478
Scott K.,Hard,last_month,0,0,0,0.0,1500.0
Scott K.,Carpet,all,0,0,0,0.0,1500.0
Scott K.,Carpet,last_year,0,0,0,0.0,1500.0
Scott K.,Carpet,last_month,0,0,0,0.0,1500.0
Scott K.,Clay,all,1,0,1,1.0,1486.190898817878
Scott K.,Clay,last_year,0,0,0,0.0,1500.0
Scott K.,Clay,last_month,0,0,0,0.0,1500.0
Scott K.,Grass,all,0,0,0,0.0,1500.0
Scott K.,Grass,last_year,0,0,0,0.0,1500.0
Scott K.,Grass,last_month,0,0,0,0.0,1500.0
Scott K.,Greenset,all,0,0,0,0.0,1500.0
Scott K.,Greenset,last_year,0,0,0,0.0,1500.0
Scott K.,Greenset,last_month,0,0,0,0.0,1500.0
Ciric Bagaric L.,Hard,all,0,0,0,0.0,1500.0
Ciric Bagaric L.,Hard,last_year,0,0,0,0.0,1500.0
Ciric Bagaric L.,Hard,last_month,0,0,0,0.0,1500.0
Ciric Bagaric L.,Carpet,all,0,0,0,0.0,1500.0
Ciric Bagaric L.,Carpet,last_year,0,0,0,0.0,1500.0
Ciric Bagaric L.,Carpet,last_month,0,0,0,0.0,1500.0
Ciric Bagaric L.,Clay,all,1,0,1,1.0,1515.1596611890134
Ciric Bagaric L.,Clay,last_year,0,0,0,0.0,1500.0
Ciric Bagaric L.,Clay,last_month,0,0,0,0.0,1500.0
Ciric Bagaric L.,Grass,all,0,0,0,0.0,1500.0
Ciric Bagaric L.,Grass,last_year,0,0,0,0.0,1500.0
Ciric Bagaric L.,Grass,last_month,0,0,0,0.0,1500.0
Ciric Bagaric L.,Greenset,all,0,0,0,0.0,1500.0
Ciric Bagaric L.,Greenset,last_year,0,0,0,0.0,1500.0
Ciric Bagaric L.,Greenset,last_month,0,0,0,0.0,1500.0
Gavrilova D.,Hard,all,140,69,71,0.5071428571428571,1521.188840873012
Gavrilova D.,Hard,last_year,0,0,0,0.0,1500.0
Gavrilova D.,Hard,last_month,0,0,0,0.0,1500.0
Gavrilova D.,Carpet,all,0,0,0,0.0,1500.0
Gavrilova D.,Carpet,last_year,0,0,0,0.0,1500.0
Gavrilova D.,Carpet,last_month,0,0,0,0.0,1500.0
Gavrilova D.,Clay,all,59,35,24,0.4067796610169492,1468.6043638569809
Gavrilova D.,Clay,last_year,0,0,0,0.0,1500.0
Gavrilova D.,Clay,last_month,0,0,0,0.0,1500.0
Gavrilova D.,Grass,all,25,12,13,0.52,1549.3072781133992
Gavrilova D.,Grass,last_year,0,0,0,0.0,1500.0
Gavrilova D.,Grass,last_month,0,0,0,0.0,1500.0
Gavrilova D.,Greenset,all,0,0,0,0.0,1500.0
Gavrilova D.,Greenset,last_year,0,0,0,0.0,1500.0
Gavrilova D.,Greenset,last_month,0,0,0,0.0,1500.0
Lykina K.,Hard,all,1,0,1,1.0,1516.0892574855518
Lykina K.,Hard,last_year,0,0,0,0.0,1500.0
Lykina K.,Hard,last_month,0,0,0,0.0,1500.0
Lykina K.,Carpet,all,0,0,0,0.0,1500.0
Lykina K.,Carpet,last_year,0,0,0,0.0,1500.0
Lykina K.,Carpet,last_month,0,0,0,0.0,1500.0
Lykina K.,Clay,all,0,0,0,0.0,1500.0
Lykina K.,Clay,last_year,0,0,0,0.0,1500.0
Lykina K.,Clay,last_month,0,0,0,0.0,1500.0
Lykina K.,Grass,all,1,0,1,1.0,1484.0
Lykina K.,Grass,last_year,0,0,0,0.0,1500.0
Lykina K.,Grass,last_month,0,0,0,0.0,1500.0
Lykina K.,Greenset,all,0,0,0,0.0,1500.0
Lykina K.,Greenset,last_year,0,0,0,0.0,1500.0
Lykina K.,Greenset,last_month,0,0,0,0.0,1500.0
Yang Y.,Hard,all,1,0,1,1.0,1518.4679412868193
Yang Y.,Hard,last_year,0,0,0,0.0,1500.0
Yang Y.,Hard,last_month,0,0,0,0.0,1500.0
Yang Y.,Carpet,all,0,0,0,0.0,1500.0
Yang Y.,Carpet,last_year,0,0,0,0.0,1500.0
Yang Y.,Carpet,last_month,0,0,0,0.0,1500.0
Yang Y.,Clay,all,0,0,0,0.0,1500.0
Yang Y.,Clay,last_year,0,0,0,0.0,1500.0
Yang Y.,Clay,last_month,0,0,0,0.0,1500.0
Yang Y.,Grass,all,0,0,0,0.0,1500.0
Yang Y.,Grass,last_year,0,0,0,0.0,1500.0
Yang Y.,Grass,last_month,0,0,0,0.0,1500.0
Yang Y.,Greenset,all,0,0,0,0.0,1500.0
Yang Y.,Greenset,last_year,0,0,0,0.0,1500.0
Yang Y.,Greenset,last_month,0,0,0,0.0,1500.0
Riske A.,Hard,all,228,109,119,0.5219298245614035,1507.3984320911031
Riske A.,Hard,last_year,0,0,0,0.0,1500.0
Riske A.,Hard,last_month,0,0,0,0.0,1500.0
Riske A.,Carpet,all,0,0,0,0.0,1500.0
Riske A.,Carpet,last_year,0,0,0,0.0,1500.0
Riske A.,Carpet,last_month,0,0,0,0.0,1500.0
Riske A.,Clay,all,56,18,38,0.6785714285714286,1662.5241511508507
Riske A.,Clay,last_year,0,0,0,0.0,1500.0
Riske A.,Clay,last_month,0,0,0,0.0,1500.0
Riske A.,Grass,all,82,50,32,0.3902439024390244,1543.6518954195062
Riske A.,Grass,last_year,0,0,0,0.0,1500.0
Riske A.,Grass,last_month,0,0,0,0.0,1500.0
Riske A.,Greenset,all,0,0,0,0.0,1500.0
Riske A.,Greenset,last_year,0,0,0,0.0,1500.0
Riske A.,Greenset,last_month,0,0,0,0.0,1500.0
Li A.,Hard,all,74,38,36,0.4864864864864865,1509.054576646396
Li A.,Hard,last_year,19,10,9,0.47368421052631576,1541.0270563390184
Li A.,Hard,last_month,0,0,0,0.0,1500.0
Li A.,Carpet,all,0,0,0,0.0,1500.0
Li A.,Carpet,last_year,0,0,0,0.0,1500.0
Li A.,Carpet,last_month,0,0,0,0.0,1500.0
Li A.,Clay,all,16,9,7,0.4375,1396.9796000775632
Li A.,Clay,last_year,14,8,6,0.42857142857142855,1399.1106294469341
Li A.,Clay,last_month,0,0,0,0.0,1500.0
Li A.,Grass,all,15,6,9,0.6,1501.6265474536474
Li A.,Grass,last_year,5,2,3,0.6,1511.816507144891
Li A.,Grass,last_month,5,2,3,0.6,1514.0102802959548
Li A.,Greenset,all,0,0,0,0.0,1500.0
Li A.,Greenset,last_year,0,0,0,0.0,1500.0
Li A.,Greenset,last_month,0,0,0,0.0,1500.0
Brancaccio N.,Hard,all,0,0,0,0.0,1500.0
Brancaccio N.,Hard,last_year,0,0,0,0.0,1500.0
Brancaccio N.,Hard,last_month,0,0,0,0.0,1500.0
Brancaccio N.,Carpet,all,0,0,0,0.0,1500.0
Brancaccio N.,Carpet,last_year,0,0,0,0.0,1500.0
Brancaccio N.,Carpet,last_month,0,0,0,0.0,1500.0
Brancaccio N.,Clay,all,13,3,10,0.7692307692307693,1449.308389957924
Brancaccio N.,Clay,last_year,3,0,3,1.0,1516.2237006508963
Brancaccio N.,Clay,last_month,0,0,0,0.0,1500.0
Brancaccio N.,Grass,all,0,0,0,0.0,1500.0
Brancaccio N.,Grass,last_year,0,0,0,0.0,1500.0
Brancaccio N.,Grass,last_month,0,0,0,0.0,1500.0
Brancaccio N.,Greenset,all,0,0,0,0.0,1500.0
Brancaccio N.,Greenset,last_year,0,0,0,0.0,1500.0
Brancaccio N.,Greenset,last_month,0,0,0,0.0,1500.0
Hanatani N.,Hard,all,1,0,1,1.0,1512.955160004343
Hanatani N.,Hard,last_year,0,0,0,0.0,1500.0
Hanatani N.,Hard,last_month,0,0,0,0.0,1500.0
Hanatani N.,Carpet,all,0,0,0,0.0,1500.0
Hanatani N.,Carpet,last_year,0,0,0,0.0,1500.0
Hanatani N.,Carpet,last_month,0,0,0,0.0,1500.0
Hanatani N.,Clay,all,0,0,0,0.0,1500.0
Hanatani N.,Clay,last_year,0,0,0,0.0,1500.0
Hanatani N.,Clay,last_month,0,0,0,0.0,1500.0
Hanatani N.,Grass,all,0,0,0,0.0,1500.0
Hanatani N.,Grass,last_year,0,0,0,0.0,1500.0
Hanatani N.,Grass,last_month,0,0,0,0.0,1500.0
Hanatani N.,Greenset,all,0,0,0,0.0,1500.0
Hanatani N.,Greenset,last_year,0,0,0,0.0,1500.0
Hanatani N.,Greenset,last_month,0,0,0,0.0,1500.0
Zhang Yi.,Hard,all,2,1,1,0.5,1495.7340316992866
Zhang Yi.,Hard,last_year,0,0,0,0.0,1500.0
Zhang Yi.,Hard,last_month,0,0,0,0.0,1500.0
Zhang Yi.,Carpet,all,0,0,0,0.0,1500.0
Zhang Yi.,Carpet,last_year,0,0,0,0.0,1500.0
Zhang Yi.,Carpet,last_month,0,0,0,0.0,1500.0
Zhang Yi.,Clay,all,0,0,0,0.0,1500.0
Zhang Yi.,Clay,last_year,0,0,0,0.0,1500.0
Zhang Yi.,Clay,last_month,0,0,0,0.0,1500.0
Zhang Yi.,Grass,all,0,0,0,0.0,1500.0
Zhang Yi.,Grass,last_year,0,0,0,0.0,1500.0
Zhang Yi.,Grass,last_month,0,0,0,0.0,1500.0
Zhang Yi.,Greenset,all,0,0,0,0.0,1500.0
Zhang Yi.,Greenset,last_year,0,0,0,0.0,1500.0
Zhang Yi.,Greenset,last_month,0,0,0,0.0,1500.0
Da Silva Fick G.,Hard,all,2,1,1,0.5,1470.059308775099
Da Silva Fick G.,Hard,last_year,0,0,0,0.0,1500.0
Da Silva Fick G.,Hard,last_month,0,0,0,0.0,1500.0
Da Silva Fick G.,Carpet,all,0,0,0,0.0,1500.0
Da Silva Fick G.,Carpet,last_year,0,0,0,0.0,1500.0
Da Silva Fick G.,Carpet,last_month,0,0,0,0.0,1500.0
Da Silva Fick G.,Clay,all,0,0,0,0.0,1500.0
Da Silva Fick G.,Clay,last_year,0,0,0,0.0,1500.0
Da Silva Fick G.,Clay,last_month,0,0,0,0.0,1500.0
Da Silva Fick G.,Grass,all,0,0,0,0.0,1500.0
Da Silva Fick G.,Grass,last_year,0,0,0,0.0,1500.0
Da Silva Fick G.,Grass,last_month,0,0,0,0.0,1500.0
Da Silva Fick G.,Greenset,all,0,0,0,0.0,1500.0
Da Silva Fick G.,Greenset,last_year,0,0,0,0.0,1500.0
Da Silva Fick G.,Greenset,last_month,0,0,0,0.0,1500.0
Bencic B.,Hard,all,261,161,100,0.3831417624521073,1464.3293577348707
Bencic B.,Hard,last_year,18,13,5,0.2777777777777778,1462.645257501871
Bencic B.,Hard,last_month,0,0,0,0.0,1500.0
Bencic B.,Carpet,all,0,0,0,0.0,1500.0
Bencic B.,Carpet,last_year,0,0,0,0.0,1500.0
Bencic B.,Carpet,last_month,0,0,0,0.0,1500.0
Bencic B.,Clay,all,82,45,37,0.45121951219512196,1511.241914685349
Bencic B.,Clay,last_year,5,3,2,0.4,1511.1890593157743
Bencic B.,Clay,last_month,0,0,0,0.0,1500.0
Bencic B.,Grass,all,69,48,21,0.30434782608695654,1556.3504300096556
Bencic B.,Grass,last_year,7,5,2,0.2857142857142857,1511.3908615203966
Bencic B.,Grass,last_month,7,5,2,0.2857142857142857,1511.493064052632
Bencic B.,Greenset,all,0,0,0,0.0,1500.0
Bencic B.,Greenset,last_year,0,0,0,0.0,1500.0
Bencic B.,Greenset,last_month,0,0,0,0.0,1500.0
Hartono A.,Hard,all,17,6,11,0.6470588235294118,1486.5500643452253
Hartono A.,Hard,last_year,5,3,2,0.4,1510.4485526197875
Hartono A.,Hard,last_month,0,0,0,0.0,1500.0
Hartono A.,Carpet,all,0,0,0,0.0,1500.0
Hartono A.,Carpet,last_year,0,0,0,0.0,1500.0
Hartono A.,Carpet,last_month,0,0,0,0.0,1500.0
Hartono A.,Clay,all,2,0,2,1.0,1466.7132845306803
Hartono A.,Clay,last_year,0,0,0,0.0,1500.0
Hartono A.,Clay,last_month,0,0,0,0.0,1500.0
Hartono A.,Grass,all,3,1,2,0.6666666666666666,1484.8122067461418
Hartono A.,Grass,last_year,1,0,1,1.0,1516.0
Hartono A.,Grass,last_month,1,0,1,1.0,1516.0
Hartono A.,Greenset,all,0,0,0,0.0,1500.0
Hartono A.,Greenset,last_year,0,0,0,0.0,1500.0
Hartono A.,Greenset,last_month,0,0,0,0.0,1500.0
Swan K.,Hard,all,5,3,2,0.4,1494.581145811001
Swan K.,Hard,last_year,0,0,0,0.0,1500.0
Swan K.,Hard,last_month,0,0,0,0.0,1500.0
Swan K.,Carpet,all,0,0,0,0.0,1500.0
Swan K.,Carpet,last_year,0,0,0,0.0,1500.0
Swan K.,Carpet,last_month,0,0,0,0.0,1500.0
Swan K.,Clay,all,0,0,0,0.0,1500.0
Swan K.,Clay,last_year,0,0,0,0.0,1500.0
Swan K.,Clay,last_month,0,0,0,0.0,1500.0
Swan K.,Grass,all,15,2,13,0.8666666666666667,1384.617575871973
Swan K.,Grass,last_year,0,0,0,0.0,1500.0
Swan K.,Grass,last_month,0,0,0,0.0,1500.0
Swan K.,Greenset,all,0,0,0,0.0,1500.0
Swan K.,Greenset,last_year,0,0,0,0.0,1500.0
Swan K.,Greenset,last_month,0,0,0,0.0,1500.0
Navarro E.,Hard,all,79,48,31,0.3924050632911392,1421.9650909619734
Navarro E.,Hard,last_year,34,21,13,0.38235294117647056,1419.9627794054672
Navarro E.,Hard,last_month,0,0,0,0.0,1500.0
Navarro E.,Carpet,all,0,0,0,0.0,1500.0
Navarro E.,Carpet,last_year,0,0,0,0.0,1500.0
Navarro E.,Carpet,last_month,0,0,0,0.0,1500.0
Navarro E.,Clay,all,39,19,20,0.5128205128205128,1422.1118280752216
Navarro E.,Clay,last_year,12,6,6,0.5,1476.8566690096745
Navarro E.,Clay,last_month,0,0,0,0.0,1500.0
Navarro E.,Grass,all,24,15,9,0.375,1495.9596401509566
Navarro E.,Grass,last_year,16,11,5,0.3125,1517.243063044515
Navarro E.,Grass,last_month,11,7,4,0.36363636363636365,1510.3740240733043
Navarro E.,Greenset,all,0,0,0,0.0,1500.0
Navarro E.,Greenset,last_year,0,0,0,0.0,1500.0
Navarro E.,Greenset,last_month,0,0,0,0.0,1500.0
Stearns P.,Hard,all,59,24,35,0.5932203389830508,1547.112652440055
Stearns P.,Hard,last_year,29,14,15,0.5172413793103449,1522.0826560023022
Stearns P.,Hard,last_month,0,0,0,0.0,1500.0
Stearns P.,Carpet,all,0,0,0,0.0,1500.0
Stearns P.,Carpet,last_year,0,0,0,0.0,1500.0
Stearns P.,Carpet,last_month,0,0,0,0.0,1500.0
Stearns P.,Clay,all,34,23,11,0.3235294117647059,1456.8113860628434
Stearns P.,Clay,last_year,13,8,5,0.38461538461538464,1477.3083777501136
Stearns P.,Clay,last_month,0,0,0,0.0,1500.0
Stearns P.,Grass,all,7,2,5,0.7142857142857143,1486.5034668125627
Stearns P.,Grass,last_year,4,1,3,0.75,1469.214978002154
Stearns P.,Grass,last_month,3,1,2,0.6666666666666666,1481.801668961178
Stearns P.,Greenset,all,0,0,0,0.0,1500.0
Stearns P.,Greenset,last_year,0,0,0,0.0,1500.0
Stearns P.,Greenset,last_month,0,0,0,0.0,1500.0
Fernandez L.,Hard,all,8,4,4,0.5,1452.6991884220497
Fernandez L.,Hard,last_year,0,0,0,0.0,1500.0
Fernandez L.,Hard,last_month,0,0,0,0.0,1500.0
Fernandez L.,Carpet,all,0,0,0,0.0,1500.0
Fernandez L.,Carpet,last_year,0,0,0,0.0,1500.0
Fernandez L.,Carpet,last_month,0,0,0,0.0,1500.0
Fernandez L.,Clay,all,0,0,0,0.0,1500.0
Fernandez L.,Clay,last_year,0,0,0,0.0,1500.0
Fernandez L.,Clay,last_month,0,0,0,0.0,1500.0
Fernandez L.,Grass,all,0,0,0,0.0,1500.0
Fernandez L.,Grass,last_year,0,0,0,0.0,1500.0
Fernandez L.,Grass,last_month,0,0,0,0.0,1500.0
Fernandez L.,Greenset,all,0,0,0,0.0,1500.0
Fernandez L.,Greenset,last_year,0,0,0,0.0,1500.0
Fernandez L.,Greenset,last_month,0,0,0,0.0,1500.0
Black C.,Hard,all,1,0,1,1.0,1515.9677228872847
Black C.,Hard,last_year,0,0,0,0.0,1500.0
Black C.,Hard,last_month,0,0,0,0.0,1500.0
Black C.,Carpet,all,0,0,0,0.0,1500.0
Black C.,Carpet,last_year,0,0,0,0.0,1500.0
Black C.,Carpet,last_month,0,0,0,0.0,1500.0
Black C.,Clay,all,0,0,0,0.0,1500.0
Black C.,Clay,last_year,0,0,0,0.0,1500.0
Black C.,Clay,last_month,0,0,0,0.0,1500.0
Black C.,Grass,all,0,0,0,0.0,1500.0
Black C.,Grass,last_year,0,0,0,0.0,1500.0
Black C.,Grass,last_month,0,0,0,0.0,1500.0
Black C.,Greenset,all,0,0,0,0.0,1500.0
Black C.,Greenset,last_year,0,0,0,0.0,1500.0
Black C.,Greenset,last_month,0,0,0,0.0,1500.0
Fossa Huergo N.,Hard,all,0,0,0,0.0,1500.0
Fossa Huergo N.,Hard,last_year,0,0,0,0.0,1500.0
Fossa Huergo N.,Hard,last_month,0,0,0,0.0,1500.0
Fossa Huergo N.,Carpet,all,0,0,0,0.0,1500.0
Fossa Huergo N.,Carpet,last_year,0,0,0,0.0,1500.0
Fossa Huergo N.,Carpet,last_month,0,0,0,0.0,1500.0
Fossa Huergo N.,Clay,all,1,0,1,1.0,1487.0029521288527
Fossa Huergo N.,Clay,last_year,1,0,1,1.0,1484.546233052142
Fossa Huergo N.,Clay,last_month,0,0,0,0.0,1500.0
Fossa Huergo N.,Grass,all,0,0,0,0.0,1500.0
Fossa Huergo N.,Grass,last_year,0,0,0,0.0,1500.0
Fossa Huergo N.,Grass,last_month,0,0,0,0.0,1500.0
Fossa Huergo N.,Greenset,all,0,0,0,0.0,1500.0
Fossa Huergo N.,Greenset,last_year,0,0,0,0.0,1500.0
Fossa Huergo N.,Greenset,last_month,0,0,0,0.0,1500.0
Lyubtsova O.,Hard,all,0,0,0,0.0,1500.0
Lyubtsova O.,Hard,last_year,0,0,0,0.0,1500.0
Lyubtsova O.,Hard,last_month,0,0,0,0.0,1500.0
Lyubtsova O.,Carpet,all,1,0,1,1.0,1485.972445351585
Lyubtsova O.,Carpet,last_year,0,0,0,0.0,1500.0
Lyubtsova O.,Carpet,last_month,0,0,0,0.0,1500.0
Lyubtsova O.,Clay,all,0,0,0,0.0,1500.0
Lyubtsova O.,Clay,last_year,0,0,0,0.0,1500.0
Lyubtsova O.,Clay,last_month,0,0,0,0.0,1500.0
Lyubtsova O.,Grass,all,0,0,0,0.0,1500.0
Lyubtsova O.,Grass,last_year,0,0,0,0.0,1500.0
Lyubtsova O.,Grass,last_month,0,0,0,0.0,1500.0
Lyubtsova O.,Greenset,all,0,0,0,0.0,1500.0
Lyubtsova O.,Greenset,last_year,0,0,0,0.0,1500.0
Lyubtsova O.,Greenset,last_month,0,0,0,0.0,1500.0
Hsu C.Y.,Hard,all,1,0,1,1.0,1516.0
Hsu C.Y.,Hard,last_year,0,0,0,0.0,1500.0
Hsu C.Y.,Hard,last_month,0,0,0,0.0,1500.0
Hsu C.Y.,Carpet,all,0,0,0,0.0,1500.0
Hsu C.Y.,Carpet,last_year,0,0,0,0.0,1500.0
Hsu C.Y.,Carpet,last_month,0,0,0,0.0,1500.0
Hsu C.Y.,Clay,all,0,0,0,0.0,1500.0
Hsu C.Y.,Clay,last_year,0,0,0,0.0,1500.0
Hsu C.Y.,Clay,last_month,0,0,0,0.0,1500.0
Hsu C.Y.,Grass,all,0,0,0,0.0,1500.0
Hsu C.Y.,Grass,last_year,0,0,0,0.0,1500.0
Hsu C.Y.,Grass,last_month,0,0,0,0.0,1500.0
Hsu C.Y.,Greenset,all,0,0,0,0.0,1500.0
Hsu C.Y.,Greenset,last_year,0,0,0,0.0,1500.0
Hsu C.Y.,Greenset,last_month,0,0,0,0.0,1500.0
Kalashnikova O.,Hard,all,1,0,1,1.0,1484.0
Kalashnikova O.,Hard,last_year,0,0,0,0.0,1500.0
Kalashnikova O.,Hard,last_month,0,0,0,0.0,1500.0
Kalashnikova O.,Carpet,all,0,0,0,0.0,1500.0
Kalashnikova O.,Carpet,last_year,0,0,0,0.0,1500.0
Kalashnikova O.,Carpet,last_month,0,0,0,0.0,1500.0
Kalashnikova O.,Clay,all,0,0,0,0.0,1500.0
Kalashnikova O.,Clay,last_year,0,0,0,0.0,1500.0
Kalashnikova O.,Clay,last_month,0,0,0,0.0,1500.0
Kalashnikova O.,Grass,all,0,0,0,0.0,1500.0
Kalashnikova O.,Grass,last_year,0,0,0,0.0,1500.0
Kalashnikova O.,Grass,last_month,0,0,0,0.0,1500.0
Kalashnikova O.,Greenset,all,0,0,0,0.0,1500.0
Kalashnikova O.,Greenset,last_year,0,0,0,0.0,1500.0
Kalashnikova O.,Greenset,last_month,0,0,0,0.0,1500.0
Sucha M.,Hard,all,7,3,4,0.5714285714285714,1539.0237144752305
Sucha M.,Hard,last_year,0,0,0,0.0,1500.0
Sucha M.,Hard,last_month,0,0,0,0.0,1500.0
Sucha M.,Carpet,all,0,0,0,0.0,1500.0
Sucha M.,Carpet,last_year,0,0,0,0.0,1500.0
Sucha M.,Carpet,last_month,0,0,0,0.0,1500.0
Sucha M.,Clay,all,5,1,4,0.8,1543.3560542210346
Sucha M.,Clay,last_year,0,0,0,0.0,1500.0
Sucha M.,Clay,last_month,0,0,0,0.0,1500.0
Sucha M.,Grass,all,1,0,1,1.0,1515.9322593377242
Sucha M.,Grass,last_year,0,0,0,0.0,1500.0
Sucha M.,Grass,last_month,0,0,0,0.0,1500.0
Sucha M.,Greenset,all,0,0,0,0.0,1500.0
Sucha M.,Greenset,last_year,0,0,0,0.0,1500.0
Sucha M.,Greenset,last_month,0,0,0,0.0,1500.0
Kostanic T. J.,Hard,all,1,0,1,1.0,1516.9304258074883
Kostanic T. J.,Hard,last_year,0,0,0,0.0,1500.0
Kostanic T. J.,Hard,last_month,0,0,0,0.0,1500.0
Kostanic T. J.,Carpet,all,0,0,0,0.0,1500.0
Kostanic T. J.,Carpet,last_year,0,0,0,0.0,1500.0
Kostanic T. J.,Carpet,last_month,0,0,0,0.0,1500.0
Kostanic T. J.,Clay,all,0,0,0,0.0,1500.0
Kostanic T. J.,Clay,last_year,0,0,0,0.0,1500.0
Kostanic T. J.,Clay,last_month,0,0,0,0.0,1500.0
Kostanic T. J.,Grass,all,0,0,0,0.0,1500.0
Kostanic T. J.,Grass,last_year,0,0,0,0.0,1500.0
Kostanic T. J.,Grass,last_month,0,0,0,0.0,1500.0
Kostanic T. J.,Greenset,all,0,0,0,0.0,1500.0
Kostanic T. J.,Greenset,last_year,0,0,0,0.0,1500.0
Kostanic T. J.,Greenset,last_month,0,0,0,0.0,1500.0
Mediorreal A.V.,Hard,all,0,0,0,0.0,1500.0
Mediorreal A.V.,Hard,last_year,0,0,0,0.0,1500.0
Mediorreal A.V.,Hard,last_month,0,0,0,0.0,1500.0
Mediorreal A.V.,Carpet,all,0,0,0,0.0,1500.0
Mediorreal A.V.,Carpet,last_year,0,0,0,0.0,1500.0
Mediorreal A.V.,Carpet,last_month,0,0,0,0.0,1500.0
Mediorreal A.V.,Clay,all,1,0,1,1.0,1515.508846699232
Mediorreal A.V.,Clay,last_year,1,0,1,1.0,1516.0
Mediorreal A.V.,Clay,last_month,0,0,0,0.0,1500.0
Mediorreal A.V.,Grass,all,0,0,0,0.0,1500.0
Mediorreal A.V.,Grass,last_year,0,0,0,0.0,1500.0
Mediorreal A.V.,Grass,last_month,0,0,0,0.0,1500.0
Mediorreal A.V.,Greenset,all,0,0,0,0.0,1500.0
Mediorreal A.V.,Greenset,last_year,0,0,0,0.0,1500.0
Mediorreal A.V.,Greenset,last_month,0,0,0,0.0,1500.0
Noskova L.,Hard,all,74,45,29,0.3918918918918919,1494.2941792627096
Noskova L.,Hard,last_year,24,14,10,0.4166666666666667,1503.8583294603384
Noskova L.,Hard,last_month,0,0,0,0.0,1500.0
Noskova L.,Carpet,all,0,0,0,0.0,1500.0
Noskova L.,Carpet,last_year,0,0,0,0.0,1500.0
Noskova L.,Carpet,last_month,0,0,0,0.0,1500.0
Noskova L.,Clay,all,25,11,14,0.56,1459.3619810561336
Noskova L.,Clay,last_year,11,5,6,0.5454545454545454,1488.2677732209952
Noskova L.,Clay,last_month,0,0,0,0.0,1500.0
Noskova L.,Grass,all,21,12,9,0.42857142857142855,1462.9674068953161
Noskova L.,Grass,last_year,13,9,4,0.3076923076923077,1415.8674730040998
Noskova L.,Grass,last_month,11,8,3,0.2727272727272727,1434.5902508210181
Noskova L.,Greenset,all,0,0,0,0.0,1500.0
Noskova L.,Greenset,last_year,0,0,0,0.0,1500.0
Noskova L.,Greenset,last_month,0,0,0,0.0,1500.0
Davis L.,Hard,all,199,92,107,0.5376884422110553,1538.1812811300472
Davis L.,Hard,last_year,5,1,4,0.8,1514.9637464780708
Davis L.,Hard,last_month,0,0,0,0.0,1500.0
Davis L.,Carpet,all,0,0,0,0.0,1500.0
Davis L.,Carpet,last_year,0,0,0,0.0,1500.0
Davis L.,Carpet,last_month,0,0,0,0.0,1500.0
Davis L.,Clay,all,67,24,43,0.6417910447761194,1440.7319783966864
Davis L.,Clay,last_year,2,1,1,0.5,1468.736306793522
Davis L.,Clay,last_month,0,0,0,0.0,1500.0
Davis L.,Grass,all,48,20,28,0.5833333333333334,1509.8333117105988
Davis L.,Grass,last_year,1,0,1,1.0,1516.0
Davis L.,Grass,last_month,0,0,0,0.0,1500.0
Davis L.,Greenset,all,0,0,0,0.0,1500.0
Davis L.,Greenset,last_year,0,0,0,0.0,1500.0
Davis L.,Greenset,last_month,0,0,0,0.0,1500.0
Havlickova L.,Hard,all,4,1,3,0.75,1531.90491050618
Havlickova L.,Hard,last_year,0,0,0,0.0,1500.0
Havlickova L.,Hard,last_month,0,0,0,0.0,1500.0
Havlickova L.,Carpet,all,0,0,0,0.0,1500.0
Havlickova L.,Carpet,last_year,0,0,0,0.0,1500.0
Havlickova L.,Carpet,last_month,0,0,0,0.0,1500.0
Havlickova L.,Clay,all,0,0,0,0.0,1500.0
Havlickova L.,Clay,last_year,0,0,0,0.0,1500.0
Havlickova L.,Clay,last_month,0,0,0,0.0,1500.0
Havlickova L.,Grass,all,0,0,0,0.0,1500.0
Havlickova L.,Grass,last_year,0,0,0,0.0,1500.0
Havlickova L.,Grass,last_month,0,0,0,0.0,1500.0
Havlickova L.,Greenset,all,0,0,0,0.0,1500.0
Havlickova L.,Greenset,last_year,0,0,0,0.0,1500.0
Havlickova L.,Greenset,last_month,0,0,0,0.0,1500.0
Llagostera Vives N.,Hard,all,23,6,17,0.7391304347826086,1534.959848635583
Llagostera Vives N.,Hard,last_year,0,0,0,0.0,1500.0
Llagostera Vives N.,Hard,last_month,0,0,0,0.0,1500.0
Llagostera Vives N.,Carpet,all,0,0,0,0.0,1500.0
Llagostera Vives N.,Carpet,last_year,0,0,0,0.0,1500.0
Llagostera Vives N.,Carpet,last_month,0,0,0,0.0,1500.0
Llagostera Vives N.,Clay,all,54,25,29,0.5370370370370371,1495.6634934960925
Llagostera Vives N.,Clay,last_year,0,0,0,0.0,1500.0
Llagostera Vives N.,Clay,last_month,0,0,0,0.0,1500.0
Llagostera Vives N.,Grass,all,3,0,3,1.0,1507.4499026236358
Llagostera Vives N.,Grass,last_year,0,0,0,0.0,1500.0
Llagostera Vives N.,Grass,last_month,0,0,0,0.0,1500.0
Llagostera Vives N.,Greenset,all,0,0,0,0.0,1500.0
Llagostera Vives N.,Greenset,last_year,0,0,0,0.0,1500.0
Llagostera Vives N.,Greenset,last_month,0,0,0,0.0,1500.0
Klaffner M.,Hard,all,3,0,3,1.0,1545.744397478378
Klaffner M.,Hard,last_year,0,0,0,0.0,1500.0
Klaffner M.,Hard,last_month,0,0,0,0.0,1500.0
Klaffner M.,Carpet,all,0,0,0,0.0,1500.0
Klaffner M.,Carpet,last_year,0,0,0,0.0,1500.0
Klaffner M.,Carpet,last_month,0,0,0,0.0,1500.0
Klaffner M.,Clay,all,6,1,5,0.8333333333333334,1507.271907358094
Klaffner M.,Clay,last_year,0,0,0,0.0,1500.0
Klaffner M.,Clay,last_month,0,0,0,0.0,1500.0
Klaffner M.,Grass,all,0,0,0,0.0,1500.0
Klaffner M.,Grass,last_year,0,0,0,0.0,1500.0
Klaffner M.,Grass,last_month,0,0,0,0.0,1500.0
Klaffner M.,Greenset,all,0,0,0,0.0,1500.0
Klaffner M.,Greenset,last_year,0,0,0,0.0,1500.0
Klaffner M.,Greenset,last_month,0,0,0,0.0,1500.0
Jang S.,Hard,all,9,2,7,0.7777777777777778,1452.792073853656
Jang S.,Hard,last_year,2,0,2,1.0,1469.2699000026412
Jang S.,Hard,last_month,0,0,0,0.0,1500.0
Jang S.,Carpet,all,0,0,0,0.0,1500.0
Jang S.,Carpet,last_year,0,0,0,0.0,1500.0
Jang S.,Carpet,last_month,0,0,0,0.0,1500.0
Jang S.,Clay,all,0,0,0,0.0,1500.0
Jang S.,Clay,last_year,0,0,0,0.0,1500.0
Jang S.,Clay,last_month,0,0,0,0.0,1500.0
Jang S.,Grass,all,0,0,0,0.0,1500.0
Jang S.,Grass,last_year,0,0,0,0.0,1500.0
Jang S.,Grass,last_month,0,0,0,0.0,1500.0
Jang S.,Greenset,all,0,0,0,0.0,1500.0
Jang S.,Greenset,last_year,0,0,0,0.0,1500.0
Jang S.,Greenset,last_month,0,0,0,0.0,1500.0
Rosca A.,Hard,all,0,0,0,0.0,1500.0
Rosca A.,Hard,last_year,0,0,0,0.0,1500.0
Rosca A.,Hard,last_month,0,0,0,0.0,1500.0
Rosca A.,Carpet,all,0,0,0,0.0,1500.0
Rosca A.,Carpet,last_year,0,0,0,0.0,1500.0
Rosca A.,Carpet,last_month,0,0,0,0.0,1500.0
Rosca A.,Clay,all,1,0,1,1.0,1514.5368369705711
Rosca A.,Clay,last_year,0,0,0,0.0,1500.0
Rosca A.,Clay,last_month,0,0,0,0.0,1500.0
Rosca A.,Grass,all,0,0,0,0.0,1500.0
Rosca A.,Grass,last_year,0,0,0,0.0,1500.0
Rosca A.,Grass,last_month,0,0,0,0.0,1500.0
Rosca A.,Greenset,all,0,0,0,0.0,1500.0
Rosca A.,Greenset,last_year,0,0,0,0.0,1500.0
Rosca A.,Greenset,last_month,0,0,0,0.0,1500.0
Cako J.,Hard,all,3,1,2,0.6666666666666666,1482.3142659685145
Cako J.,Hard,last_year,0,0,0,0.0,1500.0
Cako J.,Hard,last_month,0,0,0,0.0,1500.0
Cako J.,Carpet,all,0,0,0,0.0,1500.0
Cako J.,Carpet,last_year,0,0,0,0.0,1500.0
Cako J.,Carpet,last_month,0,0,0,0.0,1500.0
Cako J.,Clay,all,0,0,0,0.0,1500.0
Cako J.,Clay,last_year,0,0,0,0.0,1500.0
Cako J.,Clay,last_month,0,0,0,0.0,1500.0
Cako J.,Grass,all,0,0,0,0.0,1500.0
Cako J.,Grass,last_year,0,0,0,0.0,1500.0
Cako J.,Grass,last_month,0,0,0,0.0,1500.0
Cako J.,Greenset,all,0,0,0,0.0,1500.0
Cako J.,Greenset,last_year,0,0,0,0.0,1500.0
Cako J.,Greenset,last_month,0,0,0,0.0,1500.0
Osorio Serrano M.C.,Hard,all,0,0,0,0.0,1500.0
Osorio Serrano M.C.,Hard,last_year,0,0,0,0.0,1500.0
Osorio Serrano M.C.,Hard,last_month,0,0,0,0.0,1500.0
Osorio Serrano M.C.,Carpet,all,0,0,0,0.0,1500.0
Osorio Serrano M.C.,Carpet,last_year,0,0,0,0.0,1500.0
Osorio Serrano M.C.,Carpet,last_month,0,0,0,0.0,1500.0
Osorio Serrano M.C.,Clay,all,4,2,2,0.5,1557.5699237694255
Osorio Serrano M.C.,Clay,last_year,0,0,0,0.0,1500.0
Osorio Serrano M.C.,Clay,last_month,0,0,0,0.0,1500.0
Osorio Serrano M.C.,Grass,all,0,0,0,0.0,1500.0
Osorio Serrano M.C.,Grass,last_year,0,0,0,0.0,1500.0
Osorio Serrano M.C.,Grass,last_month,0,0,0,0.0,1500.0
Osorio Serrano M.C.,Greenset,all,0,0,0,0.0,1500.0
Osorio Serrano M.C.,Greenset,last_year,0,0,0,0.0,1500.0
Osorio Serrano M.C.,Greenset,last_month,0,0,0,0.0,1500.0
Chen Y.,Hard,all,2,0,2,1.0,1472.3682264936606
Chen Y.,Hard,last_year,0,0,0,0.0,1500.0
Chen Y.,Hard,last_month,0,0,0,0.0,1500.0
Chen Y.,Carpet,all,0,0,0,0.0,1500.0
Chen Y.,Carpet,last_year,0,0,0,0.0,1500.0
Chen Y.,Carpet,last_month,0,0,0,0.0,1500.0
Chen Y.,Clay,all,0,0,0,0.0,1500.0
Chen Y.,Clay,last_year,0,0,0,0.0,1500.0
Chen Y.,Clay,last_month,0,0,0,0.0,1500.0
Chen Y.,Grass,all,0,0,0,0.0,1500.0
Chen Y.,Grass,last_year,0,0,0,0.0,1500.0
Chen Y.,Grass,last_month,0,0,0,0.0,1500.0
Chen Y.,Greenset,all,0,0,0,0.0,1500.0
Chen Y.,Greenset,last_year,0,0,0,0.0,1500.0
Chen Y.,Greenset,last_month,0,0,0,0.0,1500.0
Joao Koehler M.,Hard,all,0,0,0,0.0,1500.0
Joao Koehler M.,Hard,last_year,0,0,0,0.0,1500.0
Joao Koehler M.,Hard,last_month,0,0,0,0.0,1500.0
Joao Koehler M.,Carpet,all,0,0,0,0.0,1500.0
Joao Koehler M.,Carpet,last_year,0,0,0,0.0,1500.0
Joao Koehler M.,Carpet,last_month,0,0,0,0.0,1500.0
Joao Koehler M.,Clay,all,1,0,1,1.0,1514.0235714061891
Joao Koehler M.,Clay,last_year,0,0,0,0.0,1500.0
Joao Koehler M.,Clay,last_month,0,0,0,0.0,1500.0
Joao Koehler M.,Grass,all,0,0,0,0.0,1500.0
Joao Koehler M.,Grass,last_year,0,0,0,0.0,1500.0
Joao Koehler M.,Grass,last_month,0,0,0,0.0,1500.0
Joao Koehler M.,Greenset,all,0,0,0,0.0,1500.0
Joao Koehler M.,Greenset,last_year,0,0,0,0.0,1500.0
Joao Koehler M.,Greenset,last_month,0,0,0,0.0,1500.0
Piter K.,Hard,all,13,4,9,0.6923076923076923,1392.4273972441888
Piter K.,Hard,last_year,0,0,0,0.0,1500.0
Piter K.,Hard,last_month,0,0,0,0.0,1500.0
Piter K.,Carpet,all,0,0,0,0.0,1500.0
Piter K.,Carpet,last_year,0,0,0,0.0,1500.0
Piter K.,Carpet,last_month,0,0,0,0.0,1500.0
Piter K.,Clay,all,12,4,8,0.6666666666666666,1513.415625302343
Piter K.,Clay,last_year,0,0,0,0.0,1500.0
Piter K.,Clay,last_month,0,0,0,0.0,1500.0
Piter K.,Grass,all,2,0,2,1.0,1499.233789033093
Piter K.,Grass,last_year,0,0,0,0.0,1500.0
Piter K.,Grass,last_month,0,0,0,0.0,1500.0
Piter K.,Greenset,all,0,0,0,0.0,1500.0
Piter K.,Greenset,last_year,0,0,0,0.0,1500.0
Piter K.,Greenset,last_month,0,0,0,0.0,1500.0
Bouchard E.,Hard,all,185,92,93,0.5027027027027027,1501.23154153731
Bouchard E.,Hard,last_year,0,0,0,0.0,1500.0
Bouchard E.,Hard,last_month,0,0,0,0.0,1500.0
Bouchard E.,Carpet,all,0,0,0,0.0,1500.0
Bouchard E.,Carpet,last_year,0,0,0,0.0,1500.0
Bouchard E.,Carpet,last_month,0,0,0,0.0,1500.0
Bouchard E.,Clay,all,73,45,28,0.3835616438356164,1468.5712516511405
Bouchard E.,Clay,last_year,0,0,0,0.0,1500.0
Bouchard E.,Clay,last_month,0,0,0,0.0,1500.0
Bouchard E.,Grass,all,31,15,16,0.5161290322580645,1462.820316832926
Bouchard E.,Grass,last_year,0,0,0,0.0,1500.0
Bouchard E.,Grass,last_month,0,0,0,0.0,1500.0
Bouchard E.,Greenset,all,0,0,0,0.0,1500.0
Bouchard E.,Greenset,last_year,0,0,0,0.0,1500.0
Bouchard E.,Greenset,last_month,0,0,0,0.0,1500.0
Xu Y.F.,Hard,all,12,2,10,0.8333333333333334,1488.7612030202583
Xu Y.F.,Hard,last_year,0,0,0,0.0,1500.0
Xu Y.F.,Hard,last_month,0,0,0,0.0,1500.0
Xu Y.F.,Carpet,all,0,0,0,0.0,1500.0
Xu Y.F.,Carpet,last_year,0,0,0,0.0,1500.0
Xu Y.F.,Carpet,last_month,0,0,0,0.0,1500.0
Xu Y.F.,Clay,all,1,0,1,1.0,1482.957501142404
Xu Y.F.,Clay,last_year,0,0,0,0.0,1500.0
Xu Y.F.,Clay,last_month,0,0,0,0.0,1500.0
Xu Y.F.,Grass,all,1,0,1,1.0,1516.414802735305
Xu Y.F.,Grass,last_year,0,0,0,0.0,1500.0
Xu Y.F.,Grass,last_month,0,0,0,0.0,1500.0
Xu Y.F.,Greenset,all,0,0,0,0.0,1500.0
Xu Y.F.,Greenset,last_year,0,0,0,0.0,1500.0
Xu Y.F.,Greenset,last_month,0,0,0,0.0,1500.0
Ghioroaie I.G,Hard,all,1,0,1,1.0,1480.9914525100191
Ghioroaie I.G,Hard,last_year,0,0,0,0.0,1500.0
Ghioroaie I.G,Hard,last_month,0,0,0,0.0,1500.0
Ghioroaie I.G,Carpet,all,0,0,0,0.0,1500.0
Ghioroaie I.G,Carpet,last_year,0,0,0,0.0,1500.0
Ghioroaie I.G,Carpet,last_month,0,0,0,0.0,1500.0
Ghioroaie I.G,Clay,all,0,0,0,0.0,1500.0
Ghioroaie I.G,Clay,last_year,0,0,0,0.0,1500.0
Ghioroaie I.G,Clay,last_month,0,0,0,0.0,1500.0
Ghioroaie I.G,Grass,all,0,0,0,0.0,1500.0
Ghioroaie I.G,Grass,last_year,0,0,0,0.0,1500.0
Ghioroaie I.G,Grass,last_month,0,0,0,0.0,1500.0
Ghioroaie I.G,Greenset,all,0,0,0,0.0,1500.0
Ghioroaie I.G,Greenset,last_year,0,0,0,0.0,1500.0
Ghioroaie I.G,Greenset,last_month,0,0,0,0.0,1500.0
Kraus S.,Hard,all,5,0,5,1.0,1505.3084780856886
Kraus S.,Hard,last_year,1,0,1,1.0,1510.7065868652294
Kraus S.,Hard,last_month,0,0,0,0.0,1500.0
Kraus S.,Carpet,all,0,0,0,0.0,1500.0
Kraus S.,Carpet,last_year,0,0,0,0.0,1500.0
Kraus S.,Carpet,last_month,0,0,0,0.0,1500.0
Kraus S.,Clay,all,2,1,1,0.5,1528.2987829136664
Kraus S.,Clay,last_year,0,0,0,0.0,1500.0
Kraus S.,Clay,last_month,0,0,0,0.0,1500.0
Kraus S.,Grass,all,0,0,0,0.0,1500.0
Kraus S.,Grass,last_year,0,0,0,0.0,1500.0
Kraus S.,Grass,last_month,0,0,0,0.0,1500.0
Kraus S.,Greenset,all,0,0,0,0.0,1500.0
Kraus S.,Greenset,last_year,0,0,0,0.0,1500.0
Kraus S.,Greenset,last_month,0,0,0,0.0,1500.0
Pervak K.,Hard,all,76,40,36,0.47368421052631576,1485.155167669267
Pervak K.,Hard,last_year,0,0,0,0.0,1500.0
Pervak K.,Hard,last_month,0,0,0,0.0,1500.0
Pervak K.,Carpet,all,0,0,0,0.0,1500.0
Pervak K.,Carpet,last_year,0,0,0,0.0,1500.0
Pervak K.,Carpet,last_month,0,0,0,0.0,1500.0
Pervak K.,Clay,all,25,9,16,0.64,1388.5245522889766
Pervak K.,Clay,last_year,0,0,0,0.0,1500.0
Pervak K.,Clay,last_month,0,0,0,0.0,1500.0
Pervak K.,Grass,all,8,4,4,0.5,1551.540517870907
Pervak K.,Grass,last_year,0,0,0,0.0,1500.0
Pervak K.,Grass,last_month,0,0,0,0.0,1500.0
Pervak K.,Greenset,all,0,0,0,0.0,1500.0
Pervak K.,Greenset,last_year,0,0,0,0.0,1500.0
Pervak K.,Greenset,last_month,0,0,0,0.0,1500.0
Irigoyen M.,Hard,all,3,0,3,1.0,1455.021912582866
Irigoyen M.,Hard,last_year,0,0,0,0.0,1500.0
Irigoyen M.,Hard,last_month,0,0,0,0.0,1500.0
Irigoyen M.,Carpet,all,0,0,0,0.0,1500.0
Irigoyen M.,Carpet,last_year,0,0,0,0.0,1500.0
Irigoyen M.,Carpet,last_month,0,0,0,0.0,1500.0
Irigoyen M.,Clay,all,7,2,5,0.7142857142857143,1526.2725556357743
Irigoyen M.,Clay,last_year,0,0,0,0.0,1500.0
Irigoyen M.,Clay,last_month,0,0,0,0.0,1500.0
Irigoyen M.,Grass,all,0,0,0,0.0,1500.0
Irigoyen M.,Grass,last_year,0,0,0,0.0,1500.0
Irigoyen M.,Grass,last_month,0,0,0,0.0,1500.0
Irigoyen M.,Greenset,all,0,0,0,0.0,1500.0
Irigoyen M.,Greenset,last_year,0,0,0,0.0,1500.0
Irigoyen M.,Greenset,last_month,0,0,0,0.0,1500.0
Bhatia R.,Hard,all,0,0,0,0.0,1500.0
Bhatia R.,Hard,last_year,0,0,0,0.0,1500.0
Bhatia R.,Hard,last_month,0,0,0,0.0,1500.0
Bhatia R.,Carpet,all,0,0,0,0.0,1500.0
Bhatia R.,Carpet,last_year,0,0,0,0.0,1500.0
Bhatia R.,Carpet,last_month,0,0,0,0.0,1500.0
Bhatia R.,Clay,all,0,0,0,0.0,1500.0
Bhatia R.,Clay,last_year,0,0,0,0.0,1500.0
Bhatia R.,Clay,last_month,0,0,0,0.0,1500.0
Bhatia R.,Grass,all,1,0,1,1.0,1518.2683358469794
Bhatia R.,Grass,last_year,0,0,0,0.0,1500.0
Bhatia R.,Grass,last_month,0,0,0,0.0,1500.0
Bhatia R.,Greenset,all,0,0,0,0.0,1500.0
Bhatia R.,Greenset,last_year,0,0,0,0.0,1500.0
Bhatia R.,Greenset,last_month,0,0,0,0.0,1500.0
Todoni A.,Hard,all,4,1,3,0.75,1472.1050771505952
Todoni A.,Hard,last_year,3,1,2,0.6666666666666666,1486.3420948611858
Todoni A.,Hard,last_month,0,0,0,0.0,1500.0
Todoni A.,Carpet,all,0,0,0,0.0,1500.0
Todoni A.,Carpet,last_year,0,0,0,0.0,1500.0
Todoni A.,Carpet,last_month,0,0,0,0.0,1500.0
Todoni A.,Clay,all,5,1,4,0.8,1470.4595454046437
Todoni A.,Clay,last_year,3,0,3,1.0,1490.2493709904386
Todoni A.,Clay,last_month,0,0,0,0.0,1500.0
Todoni A.,Grass,all,4,1,3,0.75,1502.7270584570308
Todoni A.,Grass,last_year,4,1,3,0.75,1498.2611243244648
Todoni A.,Grass,last_month,2,0,2,1.0,1498.4984306686222
Todoni A.,Greenset,all,0,0,0,0.0,1500.0
Todoni A.,Greenset,last_year,0,0,0,0.0,1500.0
Todoni A.,Greenset,last_month,0,0,0,0.0,1500.0
Lee P.C.,Hard,all,1,0,1,1.0,1513.1674734159715
Lee P.C.,Hard,last_year,0,0,0,0.0,1500.0
Lee P.C.,Hard,last_month,0,0,0,0.0,1500.0
Lee P.C.,Carpet,all,0,0,0,0.0,1500.0
Lee P.C.,Carpet,last_year,0,0,0,0.0,1500.0
Lee P.C.,Carpet,last_month,0,0,0,0.0,1500.0
Lee P.C.,Clay,all,0,0,0,0.0,1500.0
Lee P.C.,Clay,last_year,0,0,0,0.0,1500.0
Lee P.C.,Clay,last_month,0,0,0,0.0,1500.0
Lee P.C.,Grass,all,0,0,0,0.0,1500.0
Lee P.C.,Grass,last_year,0,0,0,0.0,1500.0
Lee P.C.,Grass,last_month,0,0,0,0.0,1500.0
Lee P.C.,Greenset,all,0,0,0,0.0,1500.0
Lee P.C.,Greenset,last_year,0,0,0,0.0,1500.0
Lee P.C.,Greenset,last_month,0,0,0,0.0,1500.0
Koryttseva M.,Hard,all,33,13,20,0.6060606060606061,1464.7187575664095
Koryttseva M.,Hard,last_year,0,0,0,0.0,1500.0
Koryttseva M.,Hard,last_month,0,0,0,0.0,1500.0
Koryttseva M.,Carpet,all,0,0,0,0.0,1500.0
Koryttseva M.,Carpet,last_year,0,0,0,0.0,1500.0
Koryttseva M.,Carpet,last_month,0,0,0,0.0,1500.0
Koryttseva M.,Clay,all,44,19,25,0.5681818181818182,1457.6826393835975
Koryttseva M.,Clay,last_year,0,0,0,0.0,1500.0
Koryttseva M.,Clay,last_month,0,0,0,0.0,1500.0
Koryttseva M.,Grass,all,7,2,5,0.7142857142857143,1514.960880853617
Koryttseva M.,Grass,last_year,0,0,0,0.0,1500.0
Koryttseva M.,Grass,last_month,0,0,0,0.0,1500.0
Koryttseva M.,Greenset,all,5,4,1,0.2,1515.9413896128767
Koryttseva M.,Greenset,last_year,0,0,0,0.0,1500.0
Koryttseva M.,Greenset,last_month,0,0,0,0.0,1500.0
Molik A.,Hard,all,49,23,26,0.5306122448979592,1432.559002625153
Molik A.,Hard,last_year,0,0,0,0.0,1500.0
Molik A.,Hard,last_month,0,0,0,0.0,1500.0
Molik A.,Carpet,all,1,0,1,1.0,1486.0022574216418
Molik A.,Carpet,last_year,0,0,0,0.0,1500.0
Molik A.,Carpet,last_month,0,0,0,0.0,1500.0
Molik A.,Clay,all,9,1,8,0.8888888888888888,1427.3296864996987
Molik A.,Clay,last_year,0,0,0,0.0,1500.0
Molik A.,Clay,last_month,0,0,0,0.0,1500.0
Molik A.,Grass,all,8,3,5,0.625,1497.975448623347
Molik A.,Grass,last_year,0,0,0,0.0,1500.0
Molik A.,Grass,last_month,0,0,0,0.0,1500.0
Molik A.,Greenset,all,0,0,0,0.0,1500.0
Molik A.,Greenset,last_year,0,0,0,0.0,1500.0
Molik A.,Greenset,last_month,0,0,0,0.0,1500.0
Perez E.,Hard,all,9,0,9,1.0,1519.937602111711
Perez E.,Hard,last_year,0,0,0,0.0,1500.0
Perez E.,Hard,last_month,0,0,0,0.0,1500.0
Perez E.,Carpet,all,0,0,0,0.0,1500.0
Perez E.,Carpet,last_year,0,0,0,0.0,1500.0
Perez E.,Carpet,last_month,0,0,0,0.0,1500.0
Perez E.,Clay,all,2,0,2,1.0,1494.8553276401044
Perez E.,Clay,last_year,0,0,0,0.0,1500.0
Perez E.,Clay,last_month,0,0,0,0.0,1500.0
Perez E.,Grass,all,2,0,2,1.0,1500.736306793522
Perez E.,Grass,last_year,0,0,0,0.0,1500.0
Perez E.,Grass,last_month,0,0,0,0.0,1500.0
Perez E.,Greenset,all,0,0,0,0.0,1500.0
Perez E.,Greenset,last_year,0,0,0,0.0,1500.0
Perez E.,Greenset,last_month,0,0,0,0.0,1500.0
Hofmanova N.,Hard,all,0,0,0,0.0,1500.0
Hofmanova N.,Hard,last_year,0,0,0,0.0,1500.0
Hofmanova N.,Hard,last_month,0,0,0,0.0,1500.0
Hofmanova N.,Carpet,all,0,0,0,0.0,1500.0
Hofmanova N.,Carpet,last_year,0,0,0,0.0,1500.0
Hofmanova N.,Carpet,last_month,0,0,0,0.0,1500.0
Hofmanova N.,Clay,all,2,0,2,1.0,1506.7309306415498
Hofmanova N.,Clay,last_year,0,0,0,0.0,1500.0
Hofmanova N.,Clay,last_month,0,0,0,0.0,1500.0
Hofmanova N.,Grass,all,0,0,0,0.0,1500.0
Hofmanova N.,Grass,last_year,0,0,0,0.0,1500.0
Hofmanova N.,Grass,last_month,0,0,0,0.0,1500.0
Hofmanova N.,Greenset,all,0,0,0,0.0,1500.0
Hofmanova N.,Greenset,last_year,0,0,0,0.0,1500.0
Hofmanova N.,Greenset,last_month,0,0,0,0.0,1500.0
Atik R.,Hard,all,0,0,0,0.0,1500.0
Atik R.,Hard,last_year,0,0,0,0.0,1500.0
Atik R.,Hard,last_month,0,0,0,0.0,1500.0
Atik R.,Carpet,all,0,0,0,0.0,1500.0
Atik R.,Carpet,last_year,0,0,0,0.0,1500.0
Atik R.,Carpet,last_month,0,0,0,0.0,1500.0
Atik R.,Clay,all,2,0,2,1.0,1500.4218724056668
Atik R.,Clay,last_year,0,0,0,0.0,1500.0
Atik R.,Clay,last_month,0,0,0,0.0,1500.0
Atik R.,Grass,all,0,0,0,0.0,1500.0
Atik R.,Grass,last_year,0,0,0,0.0,1500.0
Atik R.,Grass,last_month,0,0,0,0.0,1500.0
Atik R.,Greenset,all,0,0,0,0.0,1500.0
Atik R.,Greenset,last_year,0,0,0,0.0,1500.0
Atik R.,Greenset,last_month,0,0,0,0.0,1500.0
Crawley F.,Hard,all,1,0,1,1.0,1485.4182449888092
Crawley F.,Hard,last_year,0,0,0,0.0,1500.0
Crawley F.,Hard,last_month,0,0,0,0.0,1500.0
Crawley F.,Carpet,all,0,0,0,0.0,1500.0
Crawley F.,Carpet,last_year,0,0,0,0.0,1500.0
Crawley F.,Carpet,last_month,0,0,0,0.0,1500.0
Crawley F.,Clay,all,0,0,0,0.0,1500.0
Crawley F.,Clay,last_year,0,0,0,0.0,1500.0
Crawley F.,Clay,last_month,0,0,0,0.0,1500.0
Crawley F.,Grass,all,0,0,0,0.0,1500.0
Crawley F.,Grass,last_year,0,0,0,0.0,1500.0
Crawley F.,Grass,last_month,0,0,0,0.0,1500.0
Crawley F.,Greenset,all,0,0,0,0.0,1500.0
Crawley F.,Greenset,last_year,0,0,0,0.0,1500.0
Crawley F.,Greenset,last_month,0,0,0,0.0,1500.0
Muguruza G.,Hard,all,308,201,107,0.3474025974025974,1529.3499574373748
Muguruza G.,Hard,last_year,0,0,0,0.0,1500.0
Muguruza G.,Hard,last_month,0,0,0,0.0,1500.0
Muguruza G.,Carpet,all,0,0,0,0.0,1500.0
Muguruza G.,Carpet,last_year,0,0,0,0.0,1500.0
Muguruza G.,Carpet,last_month,0,0,0,0.0,1500.0
Muguruza G.,Clay,all,89,58,31,0.34831460674157305,1479.4576998871535
Muguruza G.,Clay,last_year,0,0,0,0.0,1500.0
Muguruza G.,Clay,last_month,0,0,0,0.0,1500.0
Muguruza G.,Grass,all,49,30,19,0.3877551020408163,1497.7037185830848
Muguruza G.,Grass,last_year,0,0,0,0.0,1500.0
Muguruza G.,Grass,last_month,0,0,0,0.0,1500.0
Muguruza G.,Greenset,all,0,0,0,0.0,1500.0
Muguruza G.,Greenset,last_year,0,0,0,0.0,1500.0
Muguruza G.,Greenset,last_month,0,0,0,0.0,1500.0
Wang Q.,Hard,all,184,98,86,0.4673913043478261,1540.9457131223542
Wang Q.,Hard,last_year,2,0,2,1.0,1501.2393277760884
Wang Q.,Hard,last_month,0,0,0,0.0,1500.0
Wang Q.,Carpet,all,0,0,0,0.0,1500.0
Wang Q.,Carpet,last_year,0,0,0,0.0,1500.0
Wang Q.,Carpet,last_month,0,0,0,0.0,1500.0
Wang Q.,Clay,all,48,21,27,0.5625,1475.2278902874325
Wang Q.,Clay,last_year,0,0,0,0.0,1500.0
Wang Q.,Clay,last_month,0,0,0,0.0,1500.0
Wang Q.,Grass,all,16,5,11,0.6875,1504.4298340678133
Wang Q.,Grass,last_year,1,0,1,1.0,1516.0
Wang Q.,Grass,last_month,0,0,0,0.0,1500.0
Wang Q.,Greenset,all,0,0,0,0.0,1500.0
Wang Q.,Greenset,last_year,0,0,0,0.0,1500.0
Wang Q.,Greenset,last_month,0,0,0,0.0,1500.0
Vesnina E.,Hard,all,266,132,134,0.5037593984962406,1537.90485811237
Vesnina E.,Hard,last_year,0,0,0,0.0,1500.0
Vesnina E.,Hard,last_month,0,0,0,0.0,1500.0
Vesnina E.,Carpet,all,4,1,3,0.75,1439.5702526448738
Vesnina E.,Carpet,last_year,0,0,0,0.0,1500.0
Vesnina E.,Carpet,last_month,0,0,0,0.0,1500.0
Vesnina E.,Clay,all,130,67,63,0.4846153846153846,1541.504381666469
Vesnina E.,Clay,last_year,0,0,0,0.0,1500.0
Vesnina E.,Clay,last_month,0,0,0,0.0,1500.0
Vesnina E.,Grass,all,51,30,21,0.4117647058823529,1444.3425399153743
Vesnina E.,Grass,last_year,0,0,0,0.0,1500.0
Vesnina E.,Grass,last_month,0,0,0,0.0,1500.0
Vesnina E.,Greenset,all,0,0,0,0.0,1500.0
Vesnina E.,Greenset,last_year,0,0,0,0.0,1500.0
Vesnina E.,Greenset,last_month,0,0,0,0.0,1500.0
Choi J.H.,Hard,all,1,0,1,1.0,1478.580998702895
Choi J.H.,Hard,last_year,0,0,0,0.0,1500.0
Choi J.H.,Hard,last_month,0,0,0,0.0,1500.0
Choi J.H.,Carpet,all,0,0,0,0.0,1500.0
Choi J.H.,Carpet,last_year,0,0,0,0.0,1500.0
Choi J.H.,Carpet,last_month,0,0,0,0.0,1500.0
Choi J.H.,Clay,all,0,0,0,0.0,1500.0
Choi J.H.,Clay,last_year,0,0,0,0.0,1500.0
Choi J.H.,Clay,last_month,0,0,0,0.0,1500.0
Choi J.H.,Grass,all,0,0,0,0.0,1500.0
Choi J.H.,Grass,last_year,0,0,0,0.0,1500.0
Choi J.H.,Grass,last_month,0,0,0,0.0,1500.0
Choi J.H.,Greenset,all,0,0,0,0.0,1500.0
Choi J.H.,Greenset,last_year,0,0,0,0.0,1500.0
Choi J.H.,Greenset,last_month,0,0,0,0.0,1500.0
Scheepers C.,Hard,all,113,47,66,0.584070796460177,1431.6603560978656
Scheepers C.,Hard,last_year,0,0,0,0.0,1500.0
Scheepers C.,Hard,last_month,0,0,0,0.0,1500.0
Scheepers C.,Carpet,all,0,0,0,0.0,1500.0
Scheepers C.,Carpet,last_year,0,0,0,0.0,1500.0
Scheepers C.,Carpet,last_month,0,0,0,0.0,1500.0
Scheepers C.,Clay,all,66,34,32,0.5151515151515151,1497.7530911605666
Scheepers C.,Clay,last_year,0,0,0,0.0,1500.0
Scheepers C.,Clay,last_month,0,0,0,0.0,1500.0
Scheepers C.,Grass,all,11,3,8,0.7272727272727273,1550.5337815023488
Scheepers C.,Grass,last_year,0,0,0,0.0,1500.0
Scheepers C.,Grass,last_month,0,0,0,0.0,1500.0
Scheepers C.,Greenset,all,0,0,0,0.0,1500.0
Scheepers C.,Greenset,last_year,0,0,0,0.0,1500.0
Scheepers C.,Greenset,last_month,0,0,0,0.0,1500.0
Manasieva V.,Hard,all,19,7,12,0.631578947368421,1486.2251370172746
Manasieva V.,Hard,last_year,0,0,0,0.0,1500.0
Manasieva V.,Hard,last_month,0,0,0,0.0,1500.0
Manasieva V.,Carpet,all,0,0,0,0.0,1500.0
Manasieva V.,Carpet,last_year,0,0,0,0.0,1500.0
Manasieva V.,Carpet,last_month,0,0,0,0.0,1500.0
Manasieva V.,Clay,all,2,0,2,1.0,1532.764262946898
Manasieva V.,Clay,last_year,0,0,0,0.0,1500.0
Manasieva V.,Clay,last_month,0,0,0,0.0,1500.0
Manasieva V.,Grass,all,1,0,1,1.0,1513.9468594350526
Manasieva V.,Grass,last_year,0,0,0,0.0,1500.0
Manasieva V.,Grass,last_month,0,0,0,0.0,1500.0
Manasieva V.,Greenset,all,0,0,0,0.0,1500.0
Manasieva V.,Greenset,last_year,0,0,0,0.0,1500.0
Manasieva V.,Greenset,last_month,0,0,0,0.0,1500.0
De Lattre M.,Hard,all,0,0,0,0.0,1500.0
De Lattre M.,Hard,last_year,0,0,0,0.0,1500.0
De Lattre M.,Hard,last_month,0,0,0,0.0,1500.0
De Lattre M.,Carpet,all,0,0,0,0.0,1500.0
De Lattre M.,Carpet,last_year,0,0,0,0.0,1500.0
De Lattre M.,Carpet,last_month,0,0,0,0.0,1500.0
De Lattre M.,Clay,all,2,0,2,1.0,1501.593059388111
De Lattre M.,Clay,last_year,0,0,0,0.0,1500.0
De Lattre M.,Clay,last_month,0,0,0,0.0,1500.0
De Lattre M.,Grass,all,0,0,0,0.0,1500.0
De Lattre M.,Grass,last_year,0,0,0,0.0,1500.0
De Lattre M.,Grass,last_month,0,0,0,0.0,1500.0
De Lattre M.,Greenset,all,0,0,0,0.0,1500.0
De Lattre M.,Greenset,last_year,0,0,0,0.0,1500.0
De Lattre M.,Greenset,last_month,0,0,0,0.0,1500.0
Avdeeva J.,Hard,all,0,0,0,0.0,1500.0
Avdeeva J.,Hard,last_year,0,0,0,0.0,1500.0
Avdeeva J.,Hard,last_month,0,0,0,0.0,1500.0
Avdeeva J.,Carpet,all,0,0,0,0.0,1500.0
Avdeeva J.,Carpet,last_year,0,0,0,0.0,1500.0
Avdeeva J.,Carpet,last_month,0,0,0,0.0,1500.0
Avdeeva J.,Clay,all,1,0,1,1.0,1484.77513469738
Avdeeva J.,Clay,last_year,0,0,0,0.0,1500.0
Avdeeva J.,Clay,last_month,0,0,0,0.0,1500.0
Avdeeva J.,Grass,all,0,0,0,0.0,1500.0
Avdeeva J.,Grass,last_year,0,0,0,0.0,1500.0
Avdeeva J.,Grass,last_month,0,0,0,0.0,1500.0
Avdeeva J.,Greenset,all,0,0,0,0.0,1500.0
Avdeeva J.,Greenset,last_year,0,0,0,0.0,1500.0
Avdeeva J.,Greenset,last_month,0,0,0,0.0,1500.0
Rybarikova M.,Hard,all,226,112,114,0.504424778761062,1498.1262502252546
Rybarikova M.,Hard,last_year,0,0,0,0.0,1500.0
Rybarikova M.,Hard,last_month,0,0,0,0.0,1500.0
Rybarikova M.,Carpet,all,0,0,0,0.0,1500.0
Rybarikova M.,Carpet,last_year,0,0,0,0.0,1500.0
Rybarikova M.,Carpet,last_month,0,0,0,0.0,1500.0
Rybarikova M.,Clay,all,74,27,47,0.6351351351351351,1509.4239381095117
Rybarikova M.,Clay,last_year,0,0,0,0.0,1500.0
Rybarikova M.,Clay,last_month,0,0,0,0.0,1500.0
Rybarikova M.,Grass,all,60,37,23,0.38333333333333336,1516.0609065377594
Rybarikova M.,Grass,last_year,0,0,0,0.0,1500.0
Rybarikova M.,Grass,last_month,0,0,0,0.0,1500.0
Rybarikova M.,Greenset,all,0,0,0,0.0,1500.0
Rybarikova M.,Greenset,last_year,0,0,0,0.0,1500.0
Rybarikova M.,Greenset,last_month,0,0,0,0.0,1500.0
Pin C.,Hard,all,50,22,28,0.56,1501.1150197031518
Pin C.,Hard,last_year,0,0,0,0.0,1500.0
Pin C.,Hard,last_month,0,0,0,0.0,1500.0
Pin C.,Carpet,all,3,1,2,0.6666666666666666,1484.0
Pin C.,Carpet,last_year,0,0,0,0.0,1500.0
Pin C.,Carpet,last_month,0,0,0,0.0,1500.0
Pin C.,Clay,all,22,7,15,0.6818181818181818,1486.8937812354034
Pin C.,Clay,last_year,0,0,0,0.0,1500.0
Pin C.,Clay,last_month,0,0,0,0.0,1500.0
Pin C.,Grass,all,8,3,5,0.625,1580.5015040538467
Pin C.,Grass,last_year,0,0,0,0.0,1500.0
Pin C.,Grass,last_month,0,0,0,0.0,1500.0
Pin C.,Greenset,all,0,0,0,0.0,1500.0
Pin C.,Greenset,last_year,0,0,0,0.0,1500.0
Pin C.,Greenset,last_month,0,0,0,0.0,1500.0
Babos T.,Hard,all,191,86,105,0.5497382198952879,1534.6892970042172
Babos T.,Hard,last_year,0,0,0,0.0,1500.0
Babos T.,Hard,last_month,0,0,0,0.0,1500.0
Babos T.,Carpet,all,0,0,0,0.0,1500.0
Babos T.,Carpet,last_year,0,0,0,0.0,1500.0
Babos T.,Carpet,last_month,0,0,0,0.0,1500.0
Babos T.,Clay,all,73,27,46,0.6301369863013698,1503.869929318543
Babos T.,Clay,last_year,1,0,1,1.0,1516.0
Babos T.,Clay,last_month,0,0,0,0.0,1500.0
Babos T.,Grass,all,28,8,20,0.7142857142857143,1480.8984762042933
Babos T.,Grass,last_year,0,0,0,0.0,1500.0
Babos T.,Grass,last_month,0,0,0,0.0,1500.0
Babos T.,Greenset,all,0,0,0,0.0,1500.0
Babos T.,Greenset,last_year,0,0,0,0.0,1500.0
Babos T.,Greenset,last_month,0,0,0,0.0,1500.0
Cibulkova D.,Hard,all,404,233,171,0.42326732673267325,1459.7044828565683
Cibulkova D.,Hard,last_year,0,0,0,0.0,1500.0
Cibulkova D.,Hard,last_month,0,0,0,0.0,1500.0
Cibulkova D.,Carpet,all,4,2,2,0.5,1556.5443529986896
Cibulkova D.,Carpet,last_year,0,0,0,0.0,1500.0
Cibulkova D.,Carpet,last_month,0,0,0,0.0,1500.0
Cibulkova D.,Clay,all,131,81,50,0.3816793893129771,1597.5071905530783
Cibulkova D.,Clay,last_year,0,0,0,0.0,1500.0
Cibulkova D.,Clay,last_month,0,0,0,0.0,1500.0
Cibulkova D.,Grass,all,62,39,23,0.3709677419354839,1471.3254633890806
Cibulkova D.,Grass,last_year,0,0,0,0.0,1500.0
Cibulkova D.,Grass,last_month,0,0,0,0.0,1500.0
Cibulkova D.,Greenset,all,0,0,0,0.0,1500.0
Cibulkova D.,Greenset,last_year,0,0,0,0.0,1500.0
Cibulkova D.,Greenset,last_month,0,0,0,0.0,1500.0
Alexandrova E.,Hard,all,213,119,94,0.4413145539906103,1506.568902207862
Alexandrova E.,Hard,last_year,30,17,13,0.43333333333333335,1489.5960828585821
Alexandrova E.,Hard,last_month,0,0,0,0.0,1500.0
Alexandrova E.,Carpet,all,0,0,0,0.0,1500.0
Alexandrova E.,Carpet,last_year,0,0,0,0.0,1500.0
Alexandrova E.,Carpet,last_month,0,0,0,0.0,1500.0
Alexandrova E.,Clay,all,91,45,46,0.5054945054945055,1562.4107464104138
Alexandrova E.,Clay,last_year,15,11,4,0.26666666666666666,1549.5888150678115
Alexandrova E.,Clay,last_month,1,0,1,1.0,1484.0
Alexandrova E.,Grass,all,56,37,19,0.3392857142857143,1564.2615364054986
Alexandrova E.,Grass,last_year,11,8,3,0.2727272727272727,1514.034184549458
Alexandrova E.,Grass,last_month,11,8,3,0.2727272727272727,1512.9531083381773
Alexandrova E.,Greenset,all,0,0,0,0.0,1500.0
Alexandrova E.,Greenset,last_year,0,0,0,0.0,1500.0
Alexandrova E.,Greenset,last_month,0,0,0,0.0,1500.0
Tian F.,Hard,all,1,0,1,1.0,1516.7816125542804
Tian F.,Hard,last_year,0,0,0,0.0,1500.0
Tian F.,Hard,last_month,0,0,0,0.0,1500.0
Tian F.,Carpet,all,0,0,0,0.0,1500.0
Tian F.,Carpet,last_year,0,0,0,0.0,1500.0
Tian F.,Carpet,last_month,0,0,0,0.0,1500.0
Tian F.,Clay,all,0,0,0,0.0,1500.0
Tian F.,Clay,last_year,0,0,0,0.0,1500.0
Tian F.,Clay,last_month,0,0,0,0.0,1500.0
Tian F.,Grass,all,0,0,0,0.0,1500.0
Tian F.,Grass,last_year,0,0,0,0.0,1500.0
Tian F.,Grass,last_month,0,0,0,0.0,1500.0
Tian F.,Greenset,all,0,0,0,0.0,1500.0
Tian F.,Greenset,last_year,0,0,0,0.0,1500.0
Tian F.,Greenset,last_month,0,0,0,0.0,1500.0
Nooni H.,Hard,all,1,0,1,1.0,1484.8781598453681
Nooni H.,Hard,last_year,0,0,0,0.0,1500.0
Nooni H.,Hard,last_month,0,0,0,0.0,1500.0
Nooni H.,Carpet,all,0,0,0,0.0,1500.0
Nooni H.,Carpet,last_year,0,0,0,0.0,1500.0
Nooni H.,Carpet,last_month,0,0,0,0.0,1500.0
Nooni H.,Clay,all,0,0,0,0.0,1500.0
Nooni H.,Clay,last_year,0,0,0,0.0,1500.0
Nooni H.,Clay,last_month,0,0,0,0.0,1500.0
Nooni H.,Grass,all,0,0,0,0.0,1500.0
Nooni H.,Grass,last_year,0,0,0,0.0,1500.0
Nooni H.,Grass,last_month,0,0,0,0.0,1500.0
Nooni H.,Greenset,all,0,0,0,0.0,1500.0
Nooni H.,Greenset,last_year,0,0,0,0.0,1500.0
Nooni H.,Greenset,last_month,0,0,0,0.0,1500.0
Knutson G.,Hard,all,1,0,1,1.0,1483.0077123350677
Knutson G.,Hard,last_year,0,0,0,0.0,1500.0
Knutson G.,Hard,last_month,0,0,0,0.0,1500.0
Knutson G.,Carpet,all,0,0,0,0.0,1500.0
Knutson G.,Carpet,last_year,0,0,0,0.0,1500.0
Knutson G.,Carpet,last_month,0,0,0,0.0,1500.0
Knutson G.,Clay,all,0,0,0,0.0,1500.0
Knutson G.,Clay,last_year,0,0,0,0.0,1500.0
Knutson G.,Clay,last_month,0,0,0,0.0,1500.0
Knutson G.,Grass,all,0,0,0,0.0,1500.0
Knutson G.,Grass,last_year,0,0,0,0.0,1500.0
Knutson G.,Grass,last_month,0,0,0,0.0,1500.0
Knutson G.,Greenset,all,0,0,0,0.0,1500.0
Knutson G.,Greenset,last_year,0,0,0,0.0,1500.0
Knutson G.,Greenset,last_month,0,0,0,0.0,1500.0
Stefkova B.,Hard,all,4,1,3,0.75,1502.8444627224392
Stefkova B.,Hard,last_year,0,0,0,0.0,1500.0
Stefkova B.,Hard,last_month,0,0,0,0.0,1500.0
Stefkova B.,Carpet,all,0,0,0,0.0,1500.0
Stefkova B.,Carpet,last_year,0,0,0,0.0,1500.0
Stefkova B.,Carpet,last_month,0,0,0,0.0,1500.0
Stefkova B.,Clay,all,0,0,0,0.0,1500.0
Stefkova B.,Clay,last_year,0,0,0,0.0,1500.0
Stefkova B.,Clay,last_month,0,0,0,0.0,1500.0
Stefkova B.,Grass,all,1,0,1,1.0,1518.8826721023986
Stefkova B.,Grass,last_year,0,0,0,0.0,1500.0
Stefkova B.,Grass,last_month,0,0,0,0.0,1500.0
Stefkova B.,Greenset,all,0,0,0,0.0,1500.0
Stefkova B.,Greenset,last_year,0,0,0,0.0,1500.0
Stefkova B.,Greenset,last_month,0,0,0,0.0,1500.0
Kenin S.,Hard,all,198,111,87,0.4393939393939394,1539.3972154399366
Kenin S.,Hard,last_year,36,19,17,0.4722222222222222,1556.81428276955
Kenin S.,Hard,last_month,0,0,0,0.0,1500.0
Kenin S.,Carpet,all,0,0,0,0.0,1500.0
Kenin S.,Carpet,last_year,0,0,0,0.0,1500.0
Kenin S.,Carpet,last_month,0,0,0,0.0,1500.0
Kenin S.,Clay,all,59,31,28,0.4745762711864407,1495.227769087334
Kenin S.,Clay,last_year,13,8,5,0.38461538461538464,1466.4147665633277
Kenin S.,Clay,last_month,0,0,0,0.0,1500.0
Kenin S.,Grass,all,24,13,11,0.4583333333333333,1554.546687948657
Kenin S.,Grass,last_year,5,1,4,0.8,1487.3898974596675
Kenin S.,Grass,last_month,4,1,3,0.75,1499.2049399104692
Kenin S.,Greenset,all,0,0,0,0.0,1500.0
Kenin S.,Greenset,last_year,0,0,0,0.0,1500.0
Kenin S.,Greenset,last_month,0,0,0,0.0,1500.0
Lepchenko V.,Hard,all,206,87,119,0.5776699029126213,1517.7852168838817
Lepchenko V.,Hard,last_year,6,1,5,0.8333333333333334,1531.6089386612382
Lepchenko V.,Hard,last_month,0,0,0,0.0,1500.0
Lepchenko V.,Carpet,all,0,0,0,0.0,1500.0
Lepchenko V.,Carpet,last_year,0,0,0,0.0,1500.0
Lepchenko V.,Carpet,last_month,0,0,0,0.0,1500.0
Lepchenko V.,Clay,all,104,45,59,0.5673076923076923,1600.67236980847
Lepchenko V.,Clay,last_year,3,1,2,0.6666666666666666,1544.3964527056817
Lepchenko V.,Clay,last_month,0,0,0,0.0,1500.0
Lepchenko V.,Grass,all,33,9,24,0.7272727272727273,1527.9832417983264
Lepchenko V.,Grass,last_year,0,0,0,0.0,1500.0
Lepchenko V.,Grass,last_month,0,0,0,0.0,1500.0
Lepchenko V.,Greenset,all,0,0,0,0.0,1500.0
Lepchenko V.,Greenset,last_year,0,0,0,0.0,1500.0
Lepchenko V.,Greenset,last_month,0,0,0,0.0,1500.0
Aksu A.,Hard,all,0,0,0,0.0,1500.0
Aksu A.,Hard,last_year,0,0,0,0.0,1500.0
Aksu A.,Hard,last_month,0,0,0,0.0,1500.0
Aksu A.,Carpet,all,0,0,0,0.0,1500.0
Aksu A.,Carpet,last_year,0,0,0,0.0,1500.0
Aksu A.,Carpet,last_month,0,0,0,0.0,1500.0
Aksu A.,Clay,all,4,1,3,0.75,1465.162104156849
Aksu A.,Clay,last_year,0,0,0,0.0,1500.0
Aksu A.,Clay,last_month,0,0,0,0.0,1500.0
Aksu A.,Grass,all,0,0,0,0.0,1500.0
Aksu A.,Grass,last_year,0,0,0,0.0,1500.0
Aksu A.,Grass,last_month,0,0,0,0.0,1500.0
Aksu A.,Greenset,all,0,0,0,0.0,1500.0
Aksu A.,Greenset,last_year,0,0,0,0.0,1500.0
Aksu A.,Greenset,last_month,0,0,0,0.0,1500.0
Golovin T.,Hard,all,47,32,15,0.3191489361702128,1462.0147391860583
Golovin T.,Hard,last_year,0,0,0,0.0,1500.0
Golovin T.,Hard,last_month,0,0,0,0.0,1500.0
Golovin T.,Carpet,all,3,2,1,0.3333333333333333,1545.8955860414674
Golovin T.,Carpet,last_year,0,0,0,0.0,1500.0
Golovin T.,Carpet,last_month,0,0,0,0.0,1500.0
Golovin T.,Clay,all,9,8,1,0.1111111111111111,1516.182873814572
Golovin T.,Clay,last_year,0,0,0,0.0,1500.0
Golovin T.,Clay,last_month,0,0,0,0.0,1500.0
Golovin T.,Grass,all,2,1,1,0.5,1499.2698273384426
Golovin T.,Grass,last_year,0,0,0,0.0,1500.0
Golovin T.,Grass,last_month,0,0,0,0.0,1500.0
Golovin T.,Greenset,all,0,0,0,0.0,1500.0
Golovin T.,Greenset,last_year,0,0,0,0.0,1500.0
Golovin T.,Greenset,last_month,0,0,0,0.0,1500.0
O'brien K.,Hard,all,1,0,1,1.0,1487.4840627737356
O'brien K.,Hard,last_year,0,0,0,0.0,1500.0
O'brien K.,Hard,last_month,0,0,0,0.0,1500.0
O'brien K.,Carpet,all,0,0,0,0.0,1500.0
O'brien K.,Carpet,last_year,0,0,0,0.0,1500.0
O'brien K.,Carpet,last_month,0,0,0,0.0,1500.0
O'brien K.,Clay,all,0,0,0,0.0,1500.0
O'brien K.,Clay,last_year,0,0,0,0.0,1500.0
O'brien K.,Clay,last_month,0,0,0,0.0,1500.0
O'brien K.,Grass,all,4,2,2,0.5,1532.6701568115652
O'brien K.,Grass,last_year,0,0,0,0.0,1500.0
O'brien K.,Grass,last_month,0,0,0,0.0,1500.0
O'brien K.,Greenset,all,0,0,0,0.0,1500.0
O'brien K.,Greenset,last_year,0,0,0,0.0,1500.0
O'brien K.,Greenset,last_month,0,0,0,0.0,1500.0
Starodubtseva Y.,Hard,all,14,6,8,0.5714285714285714,1433.4261197344517
Starodubtseva Y.,Hard,last_year,13,6,7,0.5384615384615384,1444.5466113392222
Starodubtseva Y.,Hard,last_month,0,0,0,0.0,1500.0
Starodubtseva Y.,Carpet,all,0,0,0,0.0,1500.0
Starodubtseva Y.,Carpet,last_year,0,0,0,0.0,1500.0
Starodubtseva Y.,Carpet,last_month,0,0,0,0.0,1500.0
Starodubtseva Y.,Clay,all,9,5,4,0.4444444444444444,1535.413540553526
Starodubtseva Y.,Clay,last_year,7,5,2,0.2857142857142857,1513.9016261634304
Starodubtseva Y.,Clay,last_month,0,0,0,0.0,1500.0
Starodubtseva Y.,Grass,all,5,2,3,0.6,1487.4535946621454
Starodubtseva Y.,Grass,last_year,5,2,3,0.6,1488.6903568378004
Starodubtseva Y.,Grass,last_month,3,1,2,0.6666666666666666,1515.2090954088435
Starodubtseva Y.,Greenset,all,0,0,0,0.0,1500.0
Starodubtseva Y.,Greenset,last_year,0,0,0,0.0,1500.0
Starodubtseva Y.,Greenset,last_month,0,0,0,0.0,1500.0
Zacarias M.,Hard,all,5,1,4,0.8,1544.6098771973031
Zacarias M.,Hard,last_year,0,0,0,0.0,1500.0
Zacarias M.,Hard,last_month,0,0,0,0.0,1500.0
Zacarias M.,Carpet,all,0,0,0,0.0,1500.0
Zacarias M.,Carpet,last_year,0,0,0,0.0,1500.0
Zacarias M.,Carpet,last_month,0,0,0,0.0,1500.0
Zacarias M.,Clay,all,3,0,3,1.0,1452.9053041944544
Zacarias M.,Clay,last_year,0,0,0,0.0,1500.0
Zacarias M.,Clay,last_month,0,0,0,0.0,1500.0
Zacarias M.,Grass,all,0,0,0,0.0,1500.0
Zacarias M.,Grass,last_year,0,0,0,0.0,1500.0
Zacarias M.,Grass,last_month,0,0,0,0.0,1500.0
Zacarias M.,Greenset,all,0,0,0,0.0,1500.0
Zacarias M.,Greenset,last_year,0,0,0,0.0,1500.0
Zacarias M.,Greenset,last_month,0,0,0,0.0,1500.0
Krejsova P.,Hard,all,0,0,0,0.0,1500.0
Krejsova P.,Hard,last_year,0,0,0,0.0,1500.0
Krejsova P.,Hard,last_month,0,0,0,0.0,1500.0
Krejsova P.,Carpet,all,0,0,0,0.0,1500.0
Krejsova P.,Carpet,last_year,0,0,0,0.0,1500.0
Krejsova P.,Carpet,last_month,0,0,0,0.0,1500.0
Krejsova P.,Clay,all,0,0,0,0.0,1500.0
Krejsova P.,Clay,last_year,0,0,0,0.0,1500.0
Krejsova P.,Clay,last_month,0,0,0,0.0,1500.0
Krejsova P.,Grass,all,2,1,1,0.5,1500.1378655050373
Krejsova P.,Grass,last_year,0,0,0,0.0,1500.0
Krejsova P.,Grass,last_month,0,0,0,0.0,1500.0
Krejsova P.,Greenset,all,0,0,0,0.0,1500.0
Krejsova P.,Greenset,last_year,0,0,0,0.0,1500.0
Krejsova P.,Greenset,last_month,0,0,0,0.0,1500.0
Gabueva A.,Hard,all,0,0,0,0.0,1500.0
Gabueva A.,Hard,last_year,0,0,0,0.0,1500.0
Gabueva A.,Hard,last_month,0,0,0,0.0,1500.0
Gabueva A.,Carpet,all,0,0,0,0.0,1500.0
Gabueva A.,Carpet,last_year,0,0,0,0.0,1500.0
Gabueva A.,Carpet,last_month,0,0,0,0.0,1500.0
Gabueva A.,Clay,all,2,0,2,1.0,1530.7977408359063
Gabueva A.,Clay,last_year,0,0,0,0.0,1500.0
Gabueva A.,Clay,last_month,0,0,0,0.0,1500.0
Gabueva A.,Grass,all,0,0,0,0.0,1500.0
Gabueva A.,Grass,last_year,0,0,0,0.0,1500.0
Gabueva A.,Grass,last_month,0,0,0,0.0,1500.0
Gabueva A.,Greenset,all,0,0,0,0.0,1500.0
Gabueva A.,Greenset,last_year,0,0,0,0.0,1500.0
Gabueva A.,Greenset,last_month,0,0,0,0.0,1500.0
Erjavec V.,Hard,all,1,0,1,1.0,1486.140591578301
Erjavec V.,Hard,last_year,1,0,1,1.0,1485.918791056375
Erjavec V.,Hard,last_month,0,0,0,0.0,1500.0
Erjavec V.,Carpet,all,0,0,0,0.0,1500.0
Erjavec V.,Carpet,last_year,0,0,0,0.0,1500.0
Erjavec V.,Carpet,last_month,0,0,0,0.0,1500.0
Erjavec V.,Clay,all,0,0,0,0.0,1500.0
Erjavec V.,Clay,last_year,0,0,0,0.0,1500.0
Erjavec V.,Clay,last_month,0,0,0,0.0,1500.0
Erjavec V.,Grass,all,2,1,1,0.5,1470.99776824076
Erjavec V.,Grass,last_year,2,1,1,0.5,1469.8922691379191
Erjavec V.,Grass,last_month,2,1,1,0.5,1468.951685263477
Erjavec V.,Greenset,all,0,0,0,0.0,1500.0
Erjavec V.,Greenset,last_year,0,0,0,0.0,1500.0
Erjavec V.,Greenset,last_month,0,0,0,0.0,1500.0
Kato M.,Hard,all,21,7,14,0.6666666666666666,1590.5663335639788
Kato M.,Hard,last_year,0,0,0,0.0,1500.0
Kato M.,Hard,last_month,0,0,0,0.0,1500.0
Kato M.,Carpet,all,0,0,0,0.0,1500.0
Kato M.,Carpet,last_year,0,0,0,0.0,1500.0
Kato M.,Carpet,last_month,0,0,0,0.0,1500.0
Kato M.,Clay,all,2,0,2,1.0,1469.294002911605
Kato M.,Clay,last_year,0,0,0,0.0,1500.0
Kato M.,Clay,last_month,0,0,0,0.0,1500.0
Kato M.,Grass,all,1,0,1,1.0,1515.9290075153876
Kato M.,Grass,last_year,0,0,0,0.0,1500.0
Kato M.,Grass,last_month,0,0,0,0.0,1500.0
Kato M.,Greenset,all,0,0,0,0.0,1500.0
Kato M.,Greenset,last_year,0,0,0,0.0,1500.0
Kato M.,Greenset,last_month,0,0,0,0.0,1500.0
Fourlis J.,Hard,all,11,2,9,0.8181818181818182,1535.675609322048
Fourlis J.,Hard,last_year,0,0,0,0.0,1500.0
Fourlis J.,Hard,last_month,0,0,0,0.0,1500.0
Fourlis J.,Carpet,all,0,0,0,0.0,1500.0
Fourlis J.,Carpet,last_year,0,0,0,0.0,1500.0
Fourlis J.,Carpet,last_month,0,0,0,0.0,1500.0
Fourlis J.,Clay,all,6,1,5,0.8333333333333334,1415.1082479128172
Fourlis J.,Clay,last_year,0,0,0,0.0,1500.0
Fourlis J.,Clay,last_month,0,0,0,0.0,1500.0
Fourlis J.,Grass,all,2,0,2,1.0,1497.5555618102885
Fourlis J.,Grass,last_year,0,0,0,0.0,1500.0
Fourlis J.,Grass,last_month,0,0,0,0.0,1500.0
Fourlis J.,Greenset,all,0,0,0,0.0,1500.0
Fourlis J.,Greenset,last_year,0,0,0,0.0,1500.0
Fourlis J.,Greenset,last_month,0,0,0,0.0,1500.0
Taylor G.,Hard,all,0,0,0,0.0,1500.0
Taylor G.,Hard,last_year,0,0,0,0.0,1500.0
Taylor G.,Hard,last_month,0,0,0,0.0,1500.0
Taylor G.,Carpet,all,0,0,0,0.0,1500.0
Taylor G.,Carpet,last_year,0,0,0,0.0,1500.0
Taylor G.,Carpet,last_month,0,0,0,0.0,1500.0
Taylor G.,Clay,all,0,0,0,0.0,1500.0
Taylor G.,Clay,last_year,0,0,0,0.0,1500.0
Taylor G.,Clay,last_month,0,0,0,0.0,1500.0
Taylor G.,Grass,all,2,0,2,1.0,1532.0819561314029
Taylor G.,Grass,last_year,0,0,0,0.0,1500.0
Taylor G.,Grass,last_month,0,0,0,0.0,1500.0
Taylor G.,Greenset,all,0,0,0,0.0,1500.0
Taylor G.,Greenset,last_year,0,0,0,0.0,1500.0
Taylor G.,Greenset,last_month,0,0,0,0.0,1500.0
Rouvroy M.,Hard,all,0,0,0,0.0,1500.0
Rouvroy M.,Hard,last_year,0,0,0,0.0,1500.0
Rouvroy M.,Hard,last_month,0,0,0,0.0,1500.0
Rouvroy M.,Carpet,all,0,0,0,0.0,1500.0
Rouvroy M.,Carpet,last_year,0,0,0,0.0,1500.0
Rouvroy M.,Carpet,last_month,0,0,0,0.0,1500.0
Rouvroy M.,Clay,all,1,0,1,1.0,1517.9302140616298
Rouvroy M.,Clay,last_year,1,0,1,1.0,1516.0
Rouvroy M.,Clay,last_month,0,0,0,0.0,1500.0
Rouvroy M.,Grass,all,0,0,0,0.0,1500.0
Rouvroy M.,Grass,last_year,0,0,0,0.0,1500.0
Rouvroy M.,Grass,last_month,0,0,0,0.0,1500.0
Rouvroy M.,Greenset,all,0,0,0,0.0,1500.0
Rouvroy M.,Greenset,last_year,0,0,0,0.0,1500.0
Rouvroy M.,Greenset,last_month,0,0,0,0.0,1500.0
Sprem K.,Hard,all,18,7,11,0.6111111111111112,1535.610076965926
Sprem K.,Hard,last_year,0,0,0,0.0,1500.0
Sprem K.,Hard,last_month,0,0,0,0.0,1500.0
Sprem K.,Carpet,all,2,1,1,0.5,1501.402579898428
Sprem K.,Carpet,last_year,0,0,0,0.0,1500.0
Sprem K.,Carpet,last_month,0,0,0,0.0,1500.0
Sprem K.,Clay,all,28,12,16,0.5714285714285714,1455.500774505469
Sprem K.,Clay,last_year,0,0,0,0.0,1500.0
Sprem K.,Clay,last_month,0,0,0,0.0,1500.0
Sprem K.,Grass,all,6,2,4,0.6666666666666666,1499.4854853653883
Sprem K.,Grass,last_year,0,0,0,0.0,1500.0
Sprem K.,Grass,last_month,0,0,0,0.0,1500.0
Sprem K.,Greenset,all,0,0,0,0.0,1500.0
Sprem K.,Greenset,last_year,0,0,0,0.0,1500.0
Sprem K.,Greenset,last_month,0,0,0,0.0,1500.0
Kim S-J.,Hard,all,1,0,1,1.0,1485.3039259837774
Kim S-J.,Hard,last_year,0,0,0,0.0,1500.0
Kim S-J.,Hard,last_month,0,0,0,0.0,1500.0
Kim S-J.,Carpet,all,0,0,0,0.0,1500.0
Kim S-J.,Carpet,last_year,0,0,0,0.0,1500.0
Kim S-J.,Carpet,last_month,0,0,0,0.0,1500.0
Kim S-J.,Clay,all,0,0,0,0.0,1500.0
Kim S-J.,Clay,last_year,0,0,0,0.0,1500.0
Kim S-J.,Clay,last_month,0,0,0,0.0,1500.0
Kim S-J.,Grass,all,0,0,0,0.0,1500.0
Kim S-J.,Grass,last_year,0,0,0,0.0,1500.0
Kim S-J.,Grass,last_month,0,0,0,0.0,1500.0
Kim S-J.,Greenset,all,0,0,0,0.0,1500.0
Kim S-J.,Greenset,last_year,0,0,0,0.0,1500.0
Kim S-J.,Greenset,last_month,0,0,0,0.0,1500.0
Suarez P.,Hard,all,3,2,1,0.3333333333333333,1517.4018288862171
Suarez P.,Hard,last_year,0,0,0,0.0,1500.0
Suarez P.,Hard,last_month,0,0,0,0.0,1500.0
Suarez P.,Carpet,all,0,0,0,0.0,1500.0
Suarez P.,Carpet,last_year,0,0,0,0.0,1500.0
Suarez P.,Carpet,last_month,0,0,0,0.0,1500.0
Suarez P.,Clay,all,2,1,1,0.5,1498.5304984710244
Suarez P.,Clay,last_year,0,0,0,0.0,1500.0
Suarez P.,Clay,last_month,0,0,0,0.0,1500.0
Suarez P.,Grass,all,0,0,0,0.0,1500.0
Suarez P.,Grass,last_year,0,0,0,0.0,1500.0
Suarez P.,Grass,last_month,0,0,0,0.0,1500.0
Suarez P.,Greenset,all,0,0,0,0.0,1500.0
Suarez P.,Greenset,last_year,0,0,0,0.0,1500.0
Suarez P.,Greenset,last_month,0,0,0,0.0,1500.0
Burnett N.,Hard,all,7,3,4,0.5714285714285714,1546.54978540865
Burnett N.,Hard,last_year,0,0,0,0.0,1500.0
Burnett N.,Hard,last_month,0,0,0,0.0,1500.0
Burnett N.,Carpet,all,0,0,0,0.0,1500.0
Burnett N.,Carpet,last_year,0,0,0,0.0,1500.0
Burnett N.,Carpet,last_month,0,0,0,0.0,1500.0
Burnett N.,Clay,all,13,5,8,0.6153846153846154,1422.7655373445784
Burnett N.,Clay,last_year,0,0,0,0.0,1500.0
Burnett N.,Clay,last_month,0,0,0,0.0,1500.0
Burnett N.,Grass,all,0,0,0,0.0,1500.0
Burnett N.,Grass,last_year,0,0,0,0.0,1500.0
Burnett N.,Grass,last_month,0,0,0,0.0,1500.0
Burnett N.,Greenset,all,0,0,0,0.0,1500.0
Burnett N.,Greenset,last_year,0,0,0,0.0,1500.0
Burnett N.,Greenset,last_month,0,0,0,0.0,1500.0
Sun T.,Hard,all,3,1,2,0.6666666666666666,1517.1392318808346
Sun T.,Hard,last_year,0,0,0,0.0,1500.0
Sun T.,Hard,last_month,0,0,0,0.0,1500.0
Sun T.,Carpet,all,0,0,0,0.0,1500.0
Sun T.,Carpet,last_year,0,0,0,0.0,1500.0
Sun T.,Carpet,last_month,0,0,0,0.0,1500.0
Sun T.,Clay,all,0,0,0,0.0,1500.0
Sun T.,Clay,last_year,0,0,0,0.0,1500.0
Sun T.,Clay,last_month,0,0,0,0.0,1500.0
Sun T.,Grass,all,0,0,0,0.0,1500.0
Sun T.,Grass,last_year,0,0,0,0.0,1500.0
Sun T.,Grass,last_month,0,0,0,0.0,1500.0
Sun T.,Greenset,all,0,0,0,0.0,1500.0
Sun T.,Greenset,last_year,0,0,0,0.0,1500.0
Sun T.,Greenset,last_month,0,0,0,0.0,1500.0
Paszek T.,Hard,all,131,59,72,0.549618320610687,1463.7667737323593
Paszek T.,Hard,last_year,0,0,0,0.0,1500.0
Paszek T.,Hard,last_month,0,0,0,0.0,1500.0
Paszek T.,Carpet,all,0,0,0,0.0,1500.0
Paszek T.,Carpet,last_year,0,0,0,0.0,1500.0
Paszek T.,Carpet,last_month,0,0,0,0.0,1500.0
Paszek T.,Clay,all,34,8,26,0.7647058823529411,1444.4683141590158
Paszek T.,Clay,last_year,0,0,0,0.0,1500.0
Paszek T.,Clay,last_month,0,0,0,0.0,1500.0
Paszek T.,Grass,all,39,22,17,0.4358974358974359,1441.1133095532552
Paszek T.,Grass,last_year,0,0,0,0.0,1500.0
Paszek T.,Grass,last_month,0,0,0,0.0,1500.0
Paszek T.,Greenset,all,0,0,0,0.0,1500.0
Paszek T.,Greenset,last_year,0,0,0,0.0,1500.0
Paszek T.,Greenset,last_month,0,0,0,0.0,1500.0
Zheng J.,Hard,all,178,94,84,0.47191011235955055,1557.9510097611571
Zheng J.,Hard,last_year,0,0,0,0.0,1500.0
Zheng J.,Hard,last_month,0,0,0,0.0,1500.0
Zheng J.,Carpet,all,2,1,1,0.5,1468.736306793522
Zheng J.,Carpet,last_year,0,0,0,0.0,1500.0
Zheng J.,Carpet,last_month,0,0,0,0.0,1500.0
Zheng J.,Clay,all,57,25,32,0.5614035087719298,1477.6424135310162
Zheng J.,Clay,last_year,0,0,0,0.0,1500.0
Zheng J.,Clay,last_month,0,0,0,0.0,1500.0
Zheng J.,Grass,all,37,21,16,0.43243243243243246,1414.2637637284315
Zheng J.,Grass,last_year,0,0,0,0.0,1500.0
Zheng J.,Grass,last_month,0,0,0,0.0,1500.0
Zheng J.,Greenset,all,0,0,0,0.0,1500.0
Zheng J.,Greenset,last_year,0,0,0,0.0,1500.0
Zheng J.,Greenset,last_month,0,0,0,0.0,1500.0
Krajicek M.,Hard,all,64,27,37,0.578125,1555.673343786696
Krajicek M.,Hard,last_year,0,0,0,0.0,1500.0
Krajicek M.,Hard,last_month,0,0,0,0.0,1500.0
Krajicek M.,Carpet,all,2,0,2,1.0,1499.263693206478
Krajicek M.,Carpet,last_year,0,0,0,0.0,1500.0
Krajicek M.,Carpet,last_month,0,0,0,0.0,1500.0
Krajicek M.,Clay,all,28,10,18,0.6428571428571429,1472.1526643960556
Krajicek M.,Clay,last_year,0,0,0,0.0,1500.0
Krajicek M.,Clay,last_month,0,0,0,0.0,1500.0
Krajicek M.,Grass,all,25,12,13,0.52,1449.9653514282024
Krajicek M.,Grass,last_year,0,0,0,0.0,1500.0
Krajicek M.,Grass,last_month,0,0,0,0.0,1500.0
Krajicek M.,Greenset,all,0,0,0,0.0,1500.0
Krajicek M.,Greenset,last_year,0,0,0,0.0,1500.0
Krajicek M.,Greenset,last_month,0,0,0,0.0,1500.0
Hong H.H.,Hard,all,1,0,1,1.0,1485.564475743839
Hong H.H.,Hard,last_year,0,0,0,0.0,1500.0
Hong H.H.,Hard,last_month,0,0,0,0.0,1500.0
Hong H.H.,Carpet,all,0,0,0,0.0,1500.0
Hong H.H.,Carpet,last_year,0,0,0,0.0,1500.0
Hong H.H.,Carpet,last_month,0,0,0,0.0,1500.0
Hong H.H.,Clay,all,0,0,0,0.0,1500.0
Hong H.H.,Clay,last_year,0,0,0,0.0,1500.0
Hong H.H.,Clay,last_month,0,0,0,0.0,1500.0
Hong H.H.,Grass,all,0,0,0,0.0,1500.0
Hong H.H.,Grass,last_year,0,0,0,0.0,1500.0
Hong H.H.,Grass,last_month,0,0,0,0.0,1500.0
Hong H.H.,Greenset,all,0,0,0,0.0,1500.0
Hong H.H.,Greenset,last_year,0,0,0,0.0,1500.0
Hong H.H.,Greenset,last_month,0,0,0,0.0,1500.0
Ogorodova A.,Hard,all,1,0,1,1.0,1515.2906144177741
Ogorodova A.,Hard,last_year,0,0,0,0.0,1500.0
Ogorodova A.,Hard,last_month,0,0,0,0.0,1500.0
Ogorodova A.,Carpet,all,0,0,0,0.0,1500.0
Ogorodova A.,Carpet,last_year,0,0,0,0.0,1500.0
Ogorodova A.,Carpet,last_month,0,0,0,0.0,1500.0
Ogorodova A.,Clay,all,0,0,0,0.0,1500.0
Ogorodova A.,Clay,last_year,0,0,0,0.0,1500.0
Ogorodova A.,Clay,last_month,0,0,0,0.0,1500.0
Ogorodova A.,Grass,all,0,0,0,0.0,1500.0
Ogorodova A.,Grass,last_year,0,0,0,0.0,1500.0
Ogorodova A.,Grass,last_month,0,0,0,0.0,1500.0
Ogorodova A.,Greenset,all,0,0,0,0.0,1500.0
Ogorodova A.,Greenset,last_year,0,0,0,0.0,1500.0
Ogorodova A.,Greenset,last_month,0,0,0,0.0,1500.0
Nuudi M.,Hard,all,1,0,1,1.0,1516.957471415003
Nuudi M.,Hard,last_year,0,0,0,0.0,1500.0
Nuudi M.,Hard,last_month,0,0,0,0.0,1500.0
Nuudi M.,Carpet,all,0,0,0,0.0,1500.0
Nuudi M.,Carpet,last_year,0,0,0,0.0,1500.0
Nuudi M.,Carpet,last_month,0,0,0,0.0,1500.0
Nuudi M.,Clay,all,0,0,0,0.0,1500.0
Nuudi M.,Clay,last_year,0,0,0,0.0,1500.0
Nuudi M.,Clay,last_month,0,0,0,0.0,1500.0
Nuudi M.,Grass,all,0,0,0,0.0,1500.0
Nuudi M.,Grass,last_year,0,0,0,0.0,1500.0
Nuudi M.,Grass,last_month,0,0,0,0.0,1500.0
Nuudi M.,Greenset,all,0,0,0,0.0,1500.0
Nuudi M.,Greenset,last_year,0,0,0,0.0,1500.0
Nuudi M.,Greenset,last_month,0,0,0,0.0,1500.0
Robson L.,Hard,all,51,20,31,0.6078431372549019,1510.3398142886508
Robson L.,Hard,last_year,0,0,0,0.0,1500.0
Robson L.,Hard,last_month,0,0,0,0.0,1500.0
Robson L.,Carpet,all,0,0,0,0.0,1500.0
Robson L.,Carpet,last_year,0,0,0,0.0,1500.0
Robson L.,Carpet,last_month,0,0,0,0.0,1500.0
Robson L.,Clay,all,19,7,12,0.631578947368421,1525.0825021479163
Robson L.,Clay,last_year,0,0,0,0.0,1500.0
Robson L.,Clay,last_month,0,0,0,0.0,1500.0
Robson L.,Grass,all,23,7,16,0.6956521739130435,1559.3280883718787
Robson L.,Grass,last_year,0,0,0,0.0,1500.0
Robson L.,Grass,last_month,0,0,0,0.0,1500.0
Robson L.,Greenset,all,0,0,0,0.0,1500.0
Robson L.,Greenset,last_year,0,0,0,0.0,1500.0
Robson L.,Greenset,last_month,0,0,0,0.0,1500.0
Schiechtl T.,Hard,all,0,0,0,0.0,1500.0
Schiechtl T.,Hard,last_year,0,0,0,0.0,1500.0
Schiechtl T.,Hard,last_month,0,0,0,0.0,1500.0
Schiechtl T.,Carpet,all,0,0,0,0.0,1500.0
Schiechtl T.,Carpet,last_year,0,0,0,0.0,1500.0
Schiechtl T.,Carpet,last_month,0,0,0,0.0,1500.0
Schiechtl T.,Clay,all,2,0,2,1.0,1467.519994205234
Schiechtl T.,Clay,last_year,0,0,0,0.0,1500.0
Schiechtl T.,Clay,last_month,0,0,0,0.0,1500.0
Schiechtl T.,Grass,all,0,0,0,0.0,1500.0
Schiechtl T.,Grass,last_year,0,0,0,0.0,1500.0
Schiechtl T.,Grass,last_month,0,0,0,0.0,1500.0
Schiechtl T.,Greenset,all,0,0,0,0.0,1500.0
Schiechtl T.,Greenset,last_year,0,0,0,0.0,1500.0
Schiechtl T.,Greenset,last_month,0,0,0,0.0,1500.0
Grant T.C.,Hard,all,1,0,1,1.0,1519.6712889692049
Grant T.C.,Hard,last_year,1,0,1,1.0,1518.284866605643
Grant T.C.,Hard,last_month,0,0,0,0.0,1500.0
Grant T.C.,Carpet,all,0,0,0,0.0,1500.0
Grant T.C.,Carpet,last_year,0,0,0,0.0,1500.0
Grant T.C.,Carpet,last_month,0,0,0,0.0,1500.0
Grant T.C.,Clay,all,1,0,1,1.0,1516.0
Grant T.C.,Clay,last_year,1,0,1,1.0,1516.0
Grant T.C.,Clay,last_month,0,0,0,0.0,1500.0
Grant T.C.,Grass,all,0,0,0,0.0,1500.0
Grant T.C.,Grass,last_year,0,0,0,0.0,1500.0
Grant T.C.,Grass,last_month,0,0,0,0.0,1500.0
Grant T.C.,Greenset,all,0,0,0,0.0,1500.0
Grant T.C.,Greenset,last_year,0,0,0,0.0,1500.0
Grant T.C.,Greenset,last_month,0,0,0,0.0,1500.0
Ancic S.,Hard,all,1,0,1,1.0,1483.4634238803894
Ancic S.,Hard,last_year,0,0,0,0.0,1500.0
Ancic S.,Hard,last_month,0,0,0,0.0,1500.0
Ancic S.,Carpet,all,0,0,0,0.0,1500.0
Ancic S.,Carpet,last_year,0,0,0,0.0,1500.0
Ancic S.,Carpet,last_month,0,0,0,0.0,1500.0
Ancic S.,Clay,all,0,0,0,0.0,1500.0
Ancic S.,Clay,last_year,0,0,0,0.0,1500.0
Ancic S.,Clay,last_month,0,0,0,0.0,1500.0
Ancic S.,Grass,all,0,0,0,0.0,1500.0
Ancic S.,Grass,last_year,0,0,0,0.0,1500.0
Ancic S.,Grass,last_month,0,0,0,0.0,1500.0
Ancic S.,Greenset,all,0,0,0,0.0,1500.0
Ancic S.,Greenset,last_year,0,0,0,0.0,1500.0
Ancic S.,Greenset,last_month,0,0,0,0.0,1500.0
Feuerstein C.,Hard,all,4,1,3,0.75,1524.311270777428
Feuerstein C.,Hard,last_year,0,0,0,0.0,1500.0
Feuerstein C.,Hard,last_month,0,0,0,0.0,1500.0
Feuerstein C.,Carpet,all,0,0,0,0.0,1500.0
Feuerstein C.,Carpet,last_year,0,0,0,0.0,1500.0
Feuerstein C.,Carpet,last_month,0,0,0,0.0,1500.0
Feuerstein C.,Clay,all,14,4,10,0.7142857142857143,1584.1036107210894
Feuerstein C.,Clay,last_year,0,0,0,0.0,1500.0
Feuerstein C.,Clay,last_month,0,0,0,0.0,1500.0
Feuerstein C.,Grass,all,0,0,0,0.0,1500.0
Feuerstein C.,Grass,last_year,0,0,0,0.0,1500.0
Feuerstein C.,Grass,last_month,0,0,0,0.0,1500.0
Feuerstein C.,Greenset,all,0,0,0,0.0,1500.0
Feuerstein C.,Greenset,last_year,0,0,0,0.0,1500.0
Feuerstein C.,Greenset,last_month,0,0,0,0.0,1500.0
Friedsam A.L.,Hard,all,75,34,41,0.5466666666666666,1425.8253823054172
Friedsam A.L.,Hard,last_year,1,0,1,1.0,1482.0595326826249
Friedsam A.L.,Hard,last_month,0,0,0,0.0,1500.0
Friedsam A.L.,Carpet,all,0,0,0,0.0,1500.0
Friedsam A.L.,Carpet,last_year,0,0,0,0.0,1500.0
Friedsam A.L.,Carpet,last_month,0,0,0,0.0,1500.0
Friedsam A.L.,Clay,all,44,18,26,0.5909090909090909,1528.1354214388343
Friedsam A.L.,Clay,last_year,0,0,0,0.0,1500.0
Friedsam A.L.,Clay,last_month,0,0,0,0.0,1500.0
Friedsam A.L.,Grass,all,19,8,11,0.5789473684210527,1433.5833363600252
Friedsam A.L.,Grass,last_year,0,0,0,0.0,1500.0
Friedsam A.L.,Grass,last_month,0,0,0,0.0,1500.0
Friedsam A.L.,Greenset,all,0,0,0,0.0,1500.0
Friedsam A.L.,Greenset,last_year,0,0,0,0.0,1500.0
Friedsam A.L.,Greenset,last_month,0,0,0,0.0,1500.0
Krejcikova B.,Hard,all,127,78,49,0.3858267716535433,1464.5082046533066
Krejcikova B.,Hard,last_year,9,4,5,0.5555555555555556,1436.2972377301369
Krejcikova B.,Hard,last_month,0,0,0,0.0,1500.0
Krejcikova B.,Carpet,all,0,0,0,0.0,1500.0
Krejcikova B.,Carpet,last_year,0,0,0,0.0,1500.0
Krejcikova B.,Carpet,last_month,0,0,0,0.0,1500.0
Krejcikova B.,Clay,all,57,30,27,0.47368421052631576,1451.9429589220083
Krejcikova B.,Clay,last_year,3,1,2,0.6666666666666666,1483.3812340298748
Krejcikova B.,Clay,last_month,0,0,0,0.0,1500.0
Krejcikova B.,Grass,all,30,22,8,0.26666666666666666,1510.6154496402996
Krejcikova B.,Grass,last_year,12,10,2,0.16666666666666666,1497.4378514243938
Krejcikova B.,Grass,last_month,6,4,2,0.3333333333333333,1499.4520487018067
Krejcikova B.,Greenset,all,0,0,0,0.0,1500.0
Krejcikova B.,Greenset,last_year,0,0,0,0.0,1500.0
Krejcikova B.,Greenset,last_month,0,0,0,0.0,1500.0
Zarazua R.,Hard,all,32,10,22,0.6875,1423.3718305958173
Zarazua R.,Hard,last_year,19,8,11,0.5789473684210527,1412.7092839056977
Zarazua R.,Hard,last_month,0,0,0,0.0,1500.0
Zarazua R.,Carpet,all,0,0,0,0.0,1500.0
Zarazua R.,Carpet,last_year,0,0,0,0.0,1500.0
Zarazua R.,Carpet,last_month,0,0,0,0.0,1500.0
Zarazua R.,Clay,all,22,6,16,0.7272727272727273,1598.2861058247888
Zarazua R.,Clay,last_year,3,0,3,1.0,1514.5913711354608
Zarazua R.,Clay,last_month,0,0,0,0.0,1500.0
Zarazua R.,Grass,all,3,1,2,0.6666666666666666,1490.200660993362
Zarazua R.,Grass,last_year,3,1,2,0.6666666666666666,1484.4114008435217
Zarazua R.,Grass,last_month,2,1,1,0.5,1469.922688009625
Zarazua R.,Greenset,all,0,0,0,0.0,1500.0
Zarazua R.,Greenset,last_year,0,0,0,0.0,1500.0
Zarazua R.,Greenset,last_month,0,0,0,0.0,1500.0
Liu A.,Hard,all,4,1,3,0.75,1520.5255609814767
Liu A.,Hard,last_year,0,0,0,0.0,1500.0
Liu A.,Hard,last_month,0,0,0,0.0,1500.0
Liu A.,Carpet,all,0,0,0,0.0,1500.0
Liu A.,Carpet,last_year,0,0,0,0.0,1500.0
Liu A.,Carpet,last_month,0,0,0,0.0,1500.0
Liu A.,Clay,all,0,0,0,0.0,1500.0
Liu A.,Clay,last_year,0,0,0,0.0,1500.0
Liu A.,Clay,last_month,0,0,0,0.0,1500.0
Liu A.,Grass,all,0,0,0,0.0,1500.0
Liu A.,Grass,last_year,0,0,0,0.0,1500.0
Liu A.,Grass,last_month,0,0,0,0.0,1500.0
Liu A.,Greenset,all,0,0,0,0.0,1500.0
Liu A.,Greenset,last_year,0,0,0,0.0,1500.0
Liu A.,Greenset,last_month,0,0,0,0.0,1500.0
Gordon A.,Hard,all,0,0,0,0.0,1500.0
Gordon A.,Hard,last_year,0,0,0,0.0,1500.0
Gordon A.,Hard,last_month,0,0,0,0.0,1500.0
Gordon A.,Carpet,all,0,0,0,0.0,1500.0
Gordon A.,Carpet,last_year,0,0,0,0.0,1500.0
Gordon A.,Carpet,last_month,0,0,0,0.0,1500.0
Gordon A.,Clay,all,0,0,0,0.0,1500.0
Gordon A.,Clay,last_year,0,0,0,0.0,1500.0
Gordon A.,Clay,last_month,0,0,0,0.0,1500.0
Gordon A.,Grass,all,1,0,1,1.0,1483.3608128788892
Gordon A.,Grass,last_year,0,0,0,0.0,1500.0
Gordon A.,Grass,last_month,0,0,0,0.0,1500.0
Gordon A.,Greenset,all,0,0,0,0.0,1500.0
Gordon A.,Greenset,last_year,0,0,0,0.0,1500.0
Gordon A.,Greenset,last_month,0,0,0,0.0,1500.0
Mateas M.,Hard,all,3,0,3,1.0,1484.2785110187162
Mateas M.,Hard,last_year,0,0,0,0.0,1500.0
Mateas M.,Hard,last_month,0,0,0,0.0,1500.0
Mateas M.,Carpet,all,0,0,0,0.0,1500.0
Mateas M.,Carpet,last_year,0,0,0,0.0,1500.0
Mateas M.,Carpet,last_month,0,0,0,0.0,1500.0
Mateas M.,Clay,all,4,2,2,0.5,1563.3838819325247
Mateas M.,Clay,last_year,4,2,2,0.5,1561.3077452563268
Mateas M.,Clay,last_month,0,0,0,0.0,1500.0
Mateas M.,Grass,all,0,0,0,0.0,1500.0
Mateas M.,Grass,last_year,0,0,0,0.0,1500.0
Mateas M.,Grass,last_month,0,0,0,0.0,1500.0
Mateas M.,Greenset,all,0,0,0,0.0,1500.0
Mateas M.,Greenset,last_year,0,0,0,0.0,1500.0
Mateas M.,Greenset,last_month,0,0,0,0.0,1500.0
Wannasuk N.,Hard,all,3,1,2,0.6666666666666666,1479.4883093939222
Wannasuk N.,Hard,last_year,0,0,0,0.0,1500.0
Wannasuk N.,Hard,last_month,0,0,0,0.0,1500.0
Wannasuk N.,Carpet,all,0,0,0,0.0,1500.0
Wannasuk N.,Carpet,last_year,0,0,0,0.0,1500.0
Wannasuk N.,Carpet,last_month,0,0,0,0.0,1500.0
Wannasuk N.,Clay,all,0,0,0,0.0,1500.0
Wannasuk N.,Clay,last_year,0,0,0,0.0,1500.0
Wannasuk N.,Clay,last_month,0,0,0,0.0,1500.0
Wannasuk N.,Grass,all,0,0,0,0.0,1500.0
Wannasuk N.,Grass,last_year,0,0,0,0.0,1500.0
Wannasuk N.,Grass,last_month,0,0,0,0.0,1500.0
Wannasuk N.,Greenset,all,0,0,0,0.0,1500.0
Wannasuk N.,Greenset,last_year,0,0,0,0.0,1500.0
Wannasuk N.,Greenset,last_month,0,0,0,0.0,1500.0
Barry M.,Hard,all,1,0,1,1.0,1517.2584787089695
Barry M.,Hard,last_year,0,0,0,0.0,1500.0
Barry M.,Hard,last_month,0,0,0,0.0,1500.0
Barry M.,Carpet,all,0,0,0,0.0,1500.0
Barry M.,Carpet,last_year,0,0,0,0.0,1500.0
Barry M.,Carpet,last_month,0,0,0,0.0,1500.0
Barry M.,Clay,all,0,0,0,0.0,1500.0
Barry M.,Clay,last_year,0,0,0,0.0,1500.0
Barry M.,Clay,last_month,0,0,0,0.0,1500.0
Barry M.,Grass,all,0,0,0,0.0,1500.0
Barry M.,Grass,last_year,0,0,0,0.0,1500.0
Barry M.,Grass,last_month,0,0,0,0.0,1500.0
Barry M.,Greenset,all,0,0,0,0.0,1500.0
Barry M.,Greenset,last_year,0,0,0,0.0,1500.0
Barry M.,Greenset,last_month,0,0,0,0.0,1500.0
Kremer A.,Hard,all,28,8,20,0.7142857142857143,1480.8509479595714
Kremer A.,Hard,last_year,0,0,0,0.0,1500.0
Kremer A.,Hard,last_month,0,0,0,0.0,1500.0
Kremer A.,Carpet,all,0,0,0,0.0,1500.0
Kremer A.,Carpet,last_year,0,0,0,0.0,1500.0
Kremer A.,Carpet,last_month,0,0,0,0.0,1500.0
Kremer A.,Clay,all,7,2,5,0.7142857142857143,1521.9841984380807
Kremer A.,Clay,last_year,0,0,0,0.0,1500.0
Kremer A.,Clay,last_month,0,0,0,0.0,1500.0
Kremer A.,Grass,all,2,0,2,1.0,1500.8053094340828
Kremer A.,Grass,last_year,0,0,0,0.0,1500.0
Kremer A.,Grass,last_month,0,0,0,0.0,1500.0
Kremer A.,Greenset,all,0,0,0,0.0,1500.0
Kremer A.,Greenset,last_year,0,0,0,0.0,1500.0
Kremer A.,Greenset,last_month,0,0,0,0.0,1500.0
Zidansek T.,Hard,all,75,29,46,0.6133333333333333,1481.1490654103504
Zidansek T.,Hard,last_year,6,3,3,0.5,1521.3477370076218
Zidansek T.,Hard,last_month,0,0,0,0.0,1500.0
Zidansek T.,Carpet,all,0,0,0,0.0,1500.0
Zidansek T.,Carpet,last_year,0,0,0,0.0,1500.0
Zidansek T.,Carpet,last_month,0,0,0,0.0,1500.0
Zidansek T.,Clay,all,70,40,30,0.42857142857142855,1486.824271017219
Zidansek T.,Clay,last_year,0,0,0,0.0,1500.0
Zidansek T.,Clay,last_month,0,0,0,0.0,1500.0
Zidansek T.,Grass,all,11,4,7,0.6363636363636364,1514.7125922734765
Zidansek T.,Grass,last_year,0,0,0,0.0,1500.0
Zidansek T.,Grass,last_month,0,0,0,0.0,1500.0
Zidansek T.,Greenset,all,0,0,0,0.0,1500.0
Zidansek T.,Greenset,last_year,0,0,0,0.0,1500.0
Zidansek T.,Greenset,last_month,0,0,0,0.0,1500.0
Hunter S.,Hard,all,8,3,5,0.625,1417.289494269256
Hunter S.,Hard,last_year,0,0,0,0.0,1500.0
Hunter S.,Hard,last_month,0,0,0,0.0,1500.0
Hunter S.,Carpet,all,0,0,0,0.0,1500.0
Hunter S.,Carpet,last_year,0,0,0,0.0,1500.0
Hunter S.,Carpet,last_month,0,0,0,0.0,1500.0
Hunter S.,Clay,all,5,2,3,0.6,1483.726779414403
Hunter S.,Clay,last_year,0,0,0,0.0,1500.0
Hunter S.,Clay,last_month,0,0,0,0.0,1500.0
Hunter S.,Grass,all,1,0,1,1.0,1480.7836287373989
Hunter S.,Grass,last_year,0,0,0,0.0,1500.0
Hunter S.,Grass,last_month,0,0,0,0.0,1500.0
Hunter S.,Greenset,all,0,0,0,0.0,1500.0
Hunter S.,Greenset,last_year,0,0,0,0.0,1500.0
Hunter S.,Greenset,last_month,0,0,0,0.0,1500.0
Broady N.,Hard,all,40,19,21,0.525,1448.878108199104
Broady N.,Hard,last_year,0,0,0,0.0,1500.0
Broady N.,Hard,last_month,0,0,0,0.0,1500.0
Broady N.,Carpet,all,0,0,0,0.0,1500.0
Broady N.,Carpet,last_year,0,0,0,0.0,1500.0
Broady N.,Carpet,last_month,0,0,0,0.0,1500.0
Broady N.,Clay,all,4,1,3,0.75,1552.927487089996
Broady N.,Clay,last_year,0,0,0,0.0,1500.0
Broady N.,Clay,last_month,0,0,0,0.0,1500.0
Broady N.,Grass,all,22,4,18,0.8181818181818182,1490.500577482473
Broady N.,Grass,last_year,0,0,0,0.0,1500.0
Broady N.,Grass,last_month,0,0,0,0.0,1500.0
Broady N.,Greenset,all,0,0,0,0.0,1500.0
Broady N.,Greenset,last_year,0,0,0,0.0,1500.0
Broady N.,Greenset,last_month,0,0,0,0.0,1500.0
Srebotnik K.,Hard,all,83,42,41,0.4939759036144578,1505.369260673455
Srebotnik K.,Hard,last_year,0,0,0,0.0,1500.0
Srebotnik K.,Hard,last_month,0,0,0,0.0,1500.0
Srebotnik K.,Carpet,all,6,3,3,0.5,1524.9046414397803
Srebotnik K.,Carpet,last_year,0,0,0,0.0,1500.0
Srebotnik K.,Carpet,last_month,0,0,0,0.0,1500.0
Srebotnik K.,Clay,all,38,23,15,0.39473684210526316,1528.9078155472425
Srebotnik K.,Clay,last_year,0,0,0,0.0,1500.0
Srebotnik K.,Clay,last_month,0,0,0,0.0,1500.0
Srebotnik K.,Grass,all,7,4,3,0.42857142857142855,1483.8301363152407
Srebotnik K.,Grass,last_year,0,0,0,0.0,1500.0
Srebotnik K.,Grass,last_month,0,0,0,0.0,1500.0
Srebotnik K.,Greenset,all,0,0,0,0.0,1500.0
Srebotnik K.,Greenset,last_year,0,0,0,0.0,1500.0
Srebotnik K.,Greenset,last_month,0,0,0,0.0,1500.0
Garcia Vidagany B.,Hard,all,2,1,1,0.5,1499.8385219596914
Garcia Vidagany B.,Hard,last_year,0,0,0,0.0,1500.0
Garcia Vidagany B.,Hard,last_month,0,0,0,0.0,1500.0
Garcia Vidagany B.,Carpet,all,0,0,0,0.0,1500.0
Garcia Vidagany B.,Carpet,last_year,0,0,0,0.0,1500.0
Garcia Vidagany B.,Carpet,last_month,0,0,0,0.0,1500.0
Garcia Vidagany B.,Clay,all,14,6,8,0.5714285714285714,1479.4888846886681
Garcia Vidagany B.,Clay,last_year,0,0,0,0.0,1500.0
Garcia Vidagany B.,Clay,last_month,0,0,0,0.0,1500.0
Garcia Vidagany B.,Grass,all,0,0,0,0.0,1500.0
Garcia Vidagany B.,Grass,last_year,0,0,0,0.0,1500.0
Garcia Vidagany B.,Grass,last_month,0,0,0,0.0,1500.0
Garcia Vidagany B.,Greenset,all,0,0,0,0.0,1500.0
Garcia Vidagany B.,Greenset,last_year,0,0,0,0.0,1500.0
Garcia Vidagany B.,Greenset,last_month,0,0,0,0.0,1500.0
Ito A.,Hard,all,8,3,5,0.625,1483.075648340181
Ito A.,Hard,last_year,8,3,5,0.625,1485.3935155133277
Ito A.,Hard,last_month,0,0,0,0.0,1500.0
Ito A.,Carpet,all,0,0,0,0.0,1500.0
Ito A.,Carpet,last_year,0,0,0,0.0,1500.0
Ito A.,Carpet,last_month,0,0,0,0.0,1500.0
Ito A.,Clay,all,0,0,0,0.0,1500.0
Ito A.,Clay,last_year,0,0,0,0.0,1500.0
Ito A.,Clay,last_month,0,0,0,0.0,1500.0
Ito A.,Grass,all,1,0,1,1.0,1485.9129765841615
Ito A.,Grass,last_year,1,0,1,1.0,1483.8629371253762
Ito A.,Grass,last_month,1,0,1,1.0,1483.9171758873215
Ito A.,Greenset,all,0,0,0,0.0,1500.0
Ito A.,Greenset,last_year,0,0,0,0.0,1500.0
Ito A.,Greenset,last_month,0,0,0,0.0,1500.0
Klaschka C.,Hard,all,0,0,0,0.0,1500.0
Klaschka C.,Hard,last_year,0,0,0,0.0,1500.0
Klaschka C.,Hard,last_month,0,0,0,0.0,1500.0
Klaschka C.,Carpet,all,0,0,0,0.0,1500.0
Klaschka C.,Carpet,last_year,0,0,0,0.0,1500.0
Klaschka C.,Carpet,last_month,0,0,0,0.0,1500.0
Klaschka C.,Clay,all,1,0,1,1.0,1517.3725087573916
Klaschka C.,Clay,last_year,0,0,0,0.0,1500.0
Klaschka C.,Clay,last_month,0,0,0,0.0,1500.0
Klaschka C.,Grass,all,0,0,0,0.0,1500.0
Klaschka C.,Grass,last_year,0,0,0,0.0,1500.0
Klaschka C.,Grass,last_month,0,0,0,0.0,1500.0
Klaschka C.,Greenset,all,0,0,0,0.0,1500.0
Klaschka C.,Greenset,last_year,0,0,0,0.0,1500.0
Klaschka C.,Greenset,last_month,0,0,0,0.0,1500.0
Gajdosova J.,Hard,all,92,34,58,0.6304347826086957,1624.4105766493278
Gajdosova J.,Hard,last_year,0,0,0,0.0,1500.0
Gajdosova J.,Hard,last_month,0,0,0,0.0,1500.0
Gajdosova J.,Carpet,all,0,0,0,0.0,1500.0
Gajdosova J.,Carpet,last_year,0,0,0,0.0,1500.0
Gajdosova J.,Carpet,last_month,0,0,0,0.0,1500.0
Gajdosova J.,Clay,all,30,13,17,0.5666666666666667,1418.860298960842
Gajdosova J.,Clay,last_year,0,0,0,0.0,1500.0
Gajdosova J.,Clay,last_month,0,0,0,0.0,1500.0
Gajdosova J.,Grass,all,15,5,10,0.6666666666666666,1511.5411009523332
Gajdosova J.,Grass,last_year,0,0,0,0.0,1500.0
Gajdosova J.,Grass,last_month,0,0,0,0.0,1500.0
Gajdosova J.,Greenset,all,2,1,1,0.5,1500.736306793522
Gajdosova J.,Greenset,last_year,0,0,0,0.0,1500.0
Gajdosova J.,Greenset,last_month,0,0,0,0.0,1500.0
Salerni M.E.,Hard,all,6,1,5,0.8333333333333334,1548.2017382681393
Salerni M.E.,Hard,last_year,0,0,0,0.0,1500.0
Salerni M.E.,Hard,last_month,0,0,0,0.0,1500.0
Salerni M.E.,Carpet,all,0,0,0,0.0,1500.0
Salerni M.E.,Carpet,last_year,0,0,0,0.0,1500.0
Salerni M.E.,Carpet,last_month,0,0,0,0.0,1500.0
Salerni M.E.,Clay,all,20,10,10,0.5,1435.1097291255194
Salerni M.E.,Clay,last_year,0,0,0,0.0,1500.0
Salerni M.E.,Clay,last_month,0,0,0,0.0,1500.0
Salerni M.E.,Grass,all,0,0,0,0.0,1500.0
Salerni M.E.,Grass,last_year,0,0,0,0.0,1500.0
Salerni M.E.,Grass,last_month,0,0,0,0.0,1500.0
Salerni M.E.,Greenset,all,0,0,0,0.0,1500.0
Salerni M.E.,Greenset,last_year,0,0,0,0.0,1500.0
Salerni M.E.,Greenset,last_month,0,0,0,0.0,1500.0
Pedone G.,Hard,all,0,0,0,0.0,1500.0
Pedone G.,Hard,last_year,0,0,0,0.0,1500.0
Pedone G.,Hard,last_month,0,0,0,0.0,1500.0
Pedone G.,Carpet,all,0,0,0,0.0,1500.0
Pedone G.,Carpet,last_year,0,0,0,0.0,1500.0
Pedone G.,Carpet,last_month,0,0,0,0.0,1500.0
Pedone G.,Clay,all,2,0,2,1.0,1526.4013001610922
Pedone G.,Clay,last_year,1,0,1,1.0,1516.0150711751664
Pedone G.,Clay,last_month,0,0,0,0.0,1500.0
Pedone G.,Grass,all,0,0,0,0.0,1500.0
Pedone G.,Grass,last_year,0,0,0,0.0,1500.0
Pedone G.,Grass,last_month,0,0,0,0.0,1500.0
Pedone G.,Greenset,all,0,0,0,0.0,1500.0
Pedone G.,Greenset,last_year,0,0,0,0.0,1500.0
Pedone G.,Greenset,last_month,0,0,0,0.0,1500.0
Arefyeva T.,Hard,all,4,1,3,0.75,1526.554466060314
Arefyeva T.,Hard,last_year,0,0,0,0.0,1500.0
Arefyeva T.,Hard,last_month,0,0,0,0.0,1500.0
Arefyeva T.,Carpet,all,0,0,0,0.0,1500.0
Arefyeva T.,Carpet,last_year,0,0,0,0.0,1500.0
Arefyeva T.,Carpet,last_month,0,0,0,0.0,1500.0
Arefyeva T.,Clay,all,1,0,1,1.0,1513.5867965982534
Arefyeva T.,Clay,last_year,0,0,0,0.0,1500.0
Arefyeva T.,Clay,last_month,0,0,0,0.0,1500.0
Arefyeva T.,Grass,all,0,0,0,0.0,1500.0
Arefyeva T.,Grass,last_year,0,0,0,0.0,1500.0
Arefyeva T.,Grass,last_month,0,0,0,0.0,1500.0
Arefyeva T.,Greenset,all,0,0,0,0.0,1500.0
Arefyeva T.,Greenset,last_year,0,0,0,0.0,1500.0
Arefyeva T.,Greenset,last_month,0,0,0,0.0,1500.0
Fuda R.,Hard,all,5,1,4,0.8,1495.6005377773995
Fuda R.,Hard,last_year,0,0,0,0.0,1500.0
Fuda R.,Hard,last_month,0,0,0,0.0,1500.0
Fuda R.,Carpet,all,0,0,0,0.0,1500.0
Fuda R.,Carpet,last_year,0,0,0,0.0,1500.0
Fuda R.,Carpet,last_month,0,0,0,0.0,1500.0
Fuda R.,Clay,all,0,0,0,0.0,1500.0
Fuda R.,Clay,last_year,0,0,0,0.0,1500.0
Fuda R.,Clay,last_month,0,0,0,0.0,1500.0
Fuda R.,Grass,all,0,0,0,0.0,1500.0
Fuda R.,Grass,last_year,0,0,0,0.0,1500.0
Fuda R.,Grass,last_month,0,0,0,0.0,1500.0
Fuda R.,Greenset,all,0,0,0,0.0,1500.0
Fuda R.,Greenset,last_year,0,0,0,0.0,1500.0
Fuda R.,Greenset,last_month,0,0,0,0.0,1500.0
Mikadze T.,Hard,all,1,0,1,1.0,1516.5205630044059
Mikadze T.,Hard,last_year,0,0,0,0.0,1500.0
Mikadze T.,Hard,last_month,0,0,0,0.0,1500.0
Mikadze T.,Carpet,all,0,0,0,0.0,1500.0
Mikadze T.,Carpet,last_year,0,0,0,0.0,1500.0
Mikadze T.,Carpet,last_month,0,0,0,0.0,1500.0
Mikadze T.,Clay,all,0,0,0,0.0,1500.0
Mikadze T.,Clay,last_year,0,0,0,0.0,1500.0
Mikadze T.,Clay,last_month,0,0,0,0.0,1500.0
Mikadze T.,Grass,all,0,0,0,0.0,1500.0
Mikadze T.,Grass,last_year,0,0,0,0.0,1500.0
Mikadze T.,Grass,last_month,0,0,0,0.0,1500.0
Mikadze T.,Greenset,all,0,0,0,0.0,1500.0
Mikadze T.,Greenset,last_year,0,0,0,0.0,1500.0
Mikadze T.,Greenset,last_month,0,0,0,0.0,1500.0
Uberoi S.,Hard,all,2,0,2,1.0,1498.2724843182878
Uberoi S.,Hard,last_year,0,0,0,0.0,1500.0
Uberoi S.,Hard,last_month,0,0,0,0.0,1500.0
Uberoi S.,Carpet,all,0,0,0,0.0,1500.0
Uberoi S.,Carpet,last_year,0,0,0,0.0,1500.0
Uberoi S.,Carpet,last_month,0,0,0,0.0,1500.0
Uberoi S.,Clay,all,0,0,0,0.0,1500.0
Uberoi S.,Clay,last_year,0,0,0,0.0,1500.0
Uberoi S.,Clay,last_month,0,0,0,0.0,1500.0
Uberoi S.,Grass,all,0,0,0,0.0,1500.0
Uberoi S.,Grass,last_year,0,0,0,0.0,1500.0
Uberoi S.,Grass,last_month,0,0,0,0.0,1500.0
Uberoi S.,Greenset,all,0,0,0,0.0,1500.0
Uberoi S.,Greenset,last_year,0,0,0,0.0,1500.0
Uberoi S.,Greenset,last_month,0,0,0,0.0,1500.0
Martinovic S.,Hard,all,1,0,1,1.0,1484.214646027756
Martinovic S.,Hard,last_year,0,0,0,0.0,1500.0
Martinovic S.,Hard,last_month,0,0,0,0.0,1500.0
Martinovic S.,Carpet,all,0,0,0,0.0,1500.0
Martinovic S.,Carpet,last_year,0,0,0,0.0,1500.0
Martinovic S.,Carpet,last_month,0,0,0,0.0,1500.0
Martinovic S.,Clay,all,0,0,0,0.0,1500.0
Martinovic S.,Clay,last_year,0,0,0,0.0,1500.0
Martinovic S.,Clay,last_month,0,0,0,0.0,1500.0
Martinovic S.,Grass,all,0,0,0,0.0,1500.0
Martinovic S.,Grass,last_year,0,0,0,0.0,1500.0
Martinovic S.,Grass,last_month,0,0,0,0.0,1500.0
Martinovic S.,Greenset,all,0,0,0,0.0,1500.0
Martinovic S.,Greenset,last_year,0,0,0,0.0,1500.0
Martinovic S.,Greenset,last_month,0,0,0,0.0,1500.0
Moore J.,Hard,all,12,3,9,0.75,1567.7783743114187
Moore J.,Hard,last_year,0,0,0,0.0,1500.0
Moore J.,Hard,last_month,0,0,0,0.0,1500.0
Moore J.,Carpet,all,0,0,0,0.0,1500.0
Moore J.,Carpet,last_year,0,0,0,0.0,1500.0
Moore J.,Carpet,last_month,0,0,0,0.0,1500.0
Moore J.,Clay,all,0,0,0,0.0,1500.0
Moore J.,Clay,last_year,0,0,0,0.0,1500.0
Moore J.,Clay,last_month,0,0,0,0.0,1500.0
Moore J.,Grass,all,0,0,0,0.0,1500.0
Moore J.,Grass,last_year,0,0,0,0.0,1500.0
Moore J.,Grass,last_month,0,0,0,0.0,1500.0
Moore J.,Greenset,all,0,0,0,0.0,1500.0
Moore J.,Greenset,last_year,0,0,0,0.0,1500.0
Moore J.,Greenset,last_month,0,0,0,0.0,1500.0
Namigata J.,Hard,all,16,1,15,0.9375,1571.624466407819
Namigata J.,Hard,last_year,0,0,0,0.0,1500.0
Namigata J.,Hard,last_month,0,0,0,0.0,1500.0
Namigata J.,Carpet,all,0,0,0,0.0,1500.0
Namigata J.,Carpet,last_year,0,0,0,0.0,1500.0
Namigata J.,Carpet,last_month,0,0,0,0.0,1500.0
Namigata J.,Clay,all,1,0,1,1.0,1482.5686705808214
Namigata J.,Clay,last_year,0,0,0,0.0,1500.0
Namigata J.,Clay,last_month,0,0,0,0.0,1500.0
Namigata J.,Grass,all,0,0,0,0.0,1500.0
Namigata J.,Grass,last_year,0,0,0,0.0,1500.0
Namigata J.,Grass,last_month,0,0,0,0.0,1500.0
Namigata J.,Greenset,all,0,0,0,0.0,1500.0
Namigata J.,Greenset,last_year,0,0,0,0.0,1500.0
Namigata J.,Greenset,last_month,0,0,0,0.0,1500.0
Silva C.,Hard,all,0,0,0,0.0,1500.0
Silva C.,Hard,last_year,0,0,0,0.0,1500.0
Silva C.,Hard,last_month,0,0,0,0.0,1500.0
Silva C.,Carpet,all,0,0,0,0.0,1500.0
Silva C.,Carpet,last_year,0,0,0,0.0,1500.0
Silva C.,Carpet,last_month,0,0,0,0.0,1500.0
Silva C.,Clay,all,1,0,1,1.0,1513.0875309512087
Silva C.,Clay,last_year,0,0,0,0.0,1500.0
Silva C.,Clay,last_month,0,0,0,0.0,1500.0
Silva C.,Grass,all,0,0,0,0.0,1500.0
Silva C.,Grass,last_year,0,0,0,0.0,1500.0
Silva C.,Grass,last_month,0,0,0,0.0,1500.0
Silva C.,Greenset,all,0,0,0,0.0,1500.0
Silva C.,Greenset,last_year,0,0,0,0.0,1500.0
Silva C.,Greenset,last_month,0,0,0,0.0,1500.0
Samudio A.,Hard,all,0,0,0,0.0,1500.0
Samudio A.,Hard,last_year,0,0,0,0.0,1500.0
Samudio A.,Hard,last_month,0,0,0,0.0,1500.0
Samudio A.,Carpet,all,0,0,0,0.0,1500.0
Samudio A.,Carpet,last_year,0,0,0,0.0,1500.0
Samudio A.,Carpet,last_month,0,0,0,0.0,1500.0
Samudio A.,Clay,all,1,0,1,1.0,1483.4616800320605
Samudio A.,Clay,last_year,0,0,0,0.0,1500.0
Samudio A.,Clay,last_month,0,0,0,0.0,1500.0
Samudio A.,Grass,all,0,0,0,0.0,1500.0
Samudio A.,Grass,last_year,0,0,0,0.0,1500.0
Samudio A.,Grass,last_month,0,0,0,0.0,1500.0
Samudio A.,Greenset,all,0,0,0,0.0,1500.0
Samudio A.,Greenset,last_year,0,0,0,0.0,1500.0
Samudio A.,Greenset,last_month,0,0,0,0.0,1500.0
Barrois K.,Hard,all,35,8,27,0.7714285714285715,1473.127523945701
Barrois K.,Hard,last_year,0,0,0,0.0,1500.0
Barrois K.,Hard,last_month,0,0,0,0.0,1500.0
Barrois K.,Carpet,all,0,0,0,0.0,1500.0
Barrois K.,Carpet,last_year,0,0,0,0.0,1500.0
Barrois K.,Carpet,last_month,0,0,0,0.0,1500.0
Barrois K.,Clay,all,39,19,20,0.5128205128205128,1465.6791497571742
Barrois K.,Clay,last_year,0,0,0,0.0,1500.0
Barrois K.,Clay,last_month,0,0,0,0.0,1500.0
Barrois K.,Grass,all,13,6,7,0.5384615384615384,1484.9026950337914
Barrois K.,Grass,last_year,0,0,0,0.0,1500.0
Barrois K.,Grass,last_month,0,0,0,0.0,1500.0
Barrois K.,Greenset,all,0,0,0,0.0,1500.0
Barrois K.,Greenset,last_year,0,0,0,0.0,1500.0
Barrois K.,Greenset,last_month,0,0,0,0.0,1500.0
Cheapchandej P.,Hard,all,1,0,1,1.0,1484.0
Cheapchandej P.,Hard,last_year,0,0,0,0.0,1500.0
Cheapchandej P.,Hard,last_month,0,0,0,0.0,1500.0
Cheapchandej P.,Carpet,all,0,0,0,0.0,1500.0
Cheapchandej P.,Carpet,last_year,0,0,0,0.0,1500.0
Cheapchandej P.,Carpet,last_month,0,0,0,0.0,1500.0
Cheapchandej P.,Clay,all,0,0,0,0.0,1500.0
Cheapchandej P.,Clay,last_year,0,0,0,0.0,1500.0
Cheapchandej P.,Clay,last_month,0,0,0,0.0,1500.0
Cheapchandej P.,Grass,all,0,0,0,0.0,1500.0
Cheapchandej P.,Grass,last_year,0,0,0,0.0,1500.0
Cheapchandej P.,Grass,last_month,0,0,0,0.0,1500.0
Cheapchandej P.,Greenset,all,0,0,0,0.0,1500.0
Cheapchandej P.,Greenset,last_year,0,0,0,0.0,1500.0
Cheapchandej P.,Greenset,last_month,0,0,0,0.0,1500.0
Hercog P.,Hard,all,166,56,110,0.6626506024096386,1479.567833168902
Hercog P.,Hard,last_year,0,0,0,0.0,1500.0
Hercog P.,Hard,last_month,0,0,0,0.0,1500.0
Hercog P.,Carpet,all,0,0,0,0.0,1500.0
Hercog P.,Carpet,last_year,0,0,0,0.0,1500.0
Hercog P.,Carpet,last_month,0,0,0,0.0,1500.0
Hercog P.,Clay,all,163,90,73,0.44785276073619634,1423.0717348655687
Hercog P.,Clay,last_year,0,0,0,0.0,1500.0
Hercog P.,Clay,last_month,0,0,0,0.0,1500.0
Hercog P.,Grass,all,29,10,19,0.6551724137931034,1578.9601687862976
Hercog P.,Grass,last_year,0,0,0,0.0,1500.0
Hercog P.,Grass,last_month,0,0,0,0.0,1500.0
Hercog P.,Greenset,all,0,0,0,0.0,1500.0
Hercog P.,Greenset,last_year,0,0,0,0.0,1500.0
Hercog P.,Greenset,last_month,0,0,0,0.0,1500.0
Thorpe L.,Hard,all,0,0,0,0.0,1500.0
Thorpe L.,Hard,last_year,0,0,0,0.0,1500.0
Thorpe L.,Hard,last_month,0,0,0,0.0,1500.0
Thorpe L.,Carpet,all,0,0,0,0.0,1500.0
Thorpe L.,Carpet,last_year,0,0,0,0.0,1500.0
Thorpe L.,Carpet,last_month,0,0,0,0.0,1500.0
Thorpe L.,Clay,all,1,0,1,1.0,1518.9033826143202
Thorpe L.,Clay,last_year,0,0,0,0.0,1500.0
Thorpe L.,Clay,last_month,0,0,0,0.0,1500.0
Thorpe L.,Grass,all,0,0,0,0.0,1500.0
Thorpe L.,Grass,last_year,0,0,0,0.0,1500.0
Thorpe L.,Grass,last_month,0,0,0,0.0,1500.0
Thorpe L.,Greenset,all,0,0,0,0.0,1500.0
Thorpe L.,Greenset,last_year,0,0,0,0.0,1500.0
Thorpe L.,Greenset,last_month,0,0,0,0.0,1500.0
Mircic T.,Hard,all,0,0,0,0.0,1500.0
Mircic T.,Hard,last_year,0,0,0,0.0,1500.0
Mircic T.,Hard,last_month,0,0,0,0.0,1500.0
Mircic T.,Carpet,all,0,0,0,0.0,1500.0
Mircic T.,Carpet,last_year,0,0,0,0.0,1500.0
Mircic T.,Carpet,last_month,0,0,0,0.0,1500.0
Mircic T.,Clay,all,1,0,1,1.0,1512.6356840466517
Mircic T.,Clay,last_year,0,0,0,0.0,1500.0
Mircic T.,Clay,last_month,0,0,0,0.0,1500.0
Mircic T.,Grass,all,0,0,0,0.0,1500.0
Mircic T.,Grass,last_year,0,0,0,0.0,1500.0
Mircic T.,Grass,last_month,0,0,0,0.0,1500.0
Mircic T.,Greenset,all,0,0,0,0.0,1500.0
Mircic T.,Greenset,last_year,0,0,0,0.0,1500.0
Mircic T.,Greenset,last_month,0,0,0,0.0,1500.0
Karatancheva S.,Hard,all,1,0,1,1.0,1484.0
Karatancheva S.,Hard,last_year,0,0,0,0.0,1500.0
Karatancheva S.,Hard,last_month,0,0,0,0.0,1500.0
Karatancheva S.,Carpet,all,0,0,0,0.0,1500.0
Karatancheva S.,Carpet,last_year,0,0,0,0.0,1500.0
Karatancheva S.,Carpet,last_month,0,0,0,0.0,1500.0
Karatancheva S.,Clay,all,0,0,0,0.0,1500.0
Karatancheva S.,Clay,last_year,0,0,0,0.0,1500.0
Karatancheva S.,Clay,last_month,0,0,0,0.0,1500.0
Karatancheva S.,Grass,all,0,0,0,0.0,1500.0
Karatancheva S.,Grass,last_year,0,0,0,0.0,1500.0
Karatancheva S.,Grass,last_month,0,0,0,0.0,1500.0
Karatancheva S.,Greenset,all,0,0,0,0.0,1500.0
Karatancheva S.,Greenset,last_year,0,0,0,0.0,1500.0
Karatancheva S.,Greenset,last_month,0,0,0,0.0,1500.0
Baptiste H.,Hard,all,45,18,27,0.6,1593.204527041733
Baptiste H.,Hard,last_year,21,10,11,0.5238095238095238,1571.3065329019507
Baptiste H.,Hard,last_month,0,0,0,0.0,1500.0
Baptiste H.,Carpet,all,0,0,0,0.0,1500.0
Baptiste H.,Carpet,last_year,0,0,0,0.0,1500.0
Baptiste H.,Carpet,last_month,0,0,0,0.0,1500.0
Baptiste H.,Clay,all,26,14,12,0.46153846153846156,1482.3210974917677
Baptiste H.,Clay,last_year,13,8,5,0.38461538461538464,1479.574231664554
Baptiste H.,Clay,last_month,1,0,1,1.0,1516.0
Baptiste H.,Grass,all,3,2,1,0.3333333333333333,1486.4452078946283
Baptiste H.,Grass,last_year,3,2,1,0.3333333333333333,1487.4964433650252
Baptiste H.,Grass,last_month,3,2,1,0.3333333333333333,1487.4725154692076
Baptiste H.,Greenset,all,0,0,0,0.0,1500.0
Baptiste H.,Greenset,last_year,0,0,0,0.0,1500.0
Baptiste H.,Greenset,last_month,0,0,0,0.0,1500.0
Begu I.,Hard,all,226,105,121,0.5353982300884956,1507.488434884058
Begu I.,Hard,last_year,8,2,6,0.75,1465.6217497523387
Begu I.,Hard,last_month,0,0,0,0.0,1500.0
Begu I.,Carpet,all,0,0,0,0.0,1500.0
Begu I.,Carpet,last_year,0,0,0,0.0,1500.0
Begu I.,Carpet,last_month,0,0,0,0.0,1500.0
Begu I.,Clay,all,195,115,80,0.41025641025641024,1498.1096014280324
Begu I.,Clay,last_year,7,3,4,0.5714285714285714,1429.671719344996
Begu I.,Clay,last_month,0,0,0,0.0,1500.0
Begu I.,Grass,all,32,12,20,0.625,1387.7159060154802
Begu I.,Grass,last_year,3,1,2,0.6666666666666666,1486.509070459894
Begu I.,Grass,last_month,2,1,1,0.5,1499.2590420571014
Begu I.,Greenset,all,0,0,0,0.0,1500.0
Begu I.,Greenset,last_year,0,0,0,0.0,1500.0
Begu I.,Greenset,last_month,0,0,0,0.0,1500.0
Kalinskaya A.,Hard,all,121,68,53,0.4380165289256198,1560.9144551435652
Kalinskaya A.,Hard,last_year,23,13,10,0.43478260869565216,1566.1435522458562
Kalinskaya A.,Hard,last_month,0,0,0,0.0,1500.0
Kalinskaya A.,Carpet,all,0,0,0,0.0,1500.0
Kalinskaya A.,Carpet,last_year,0,0,0,0.0,1500.0
Kalinskaya A.,Carpet,last_month,0,0,0,0.0,1500.0
Kalinskaya A.,Clay,all,40,18,22,0.55,1420.7031718198753
Kalinskaya A.,Clay,last_year,9,5,4,0.4444444444444444,1405.8849844249914
Kalinskaya A.,Clay,last_month,0,0,0,0.0,1500.0
Kalinskaya A.,Grass,all,20,8,12,0.6,1530.7881871845957
Kalinskaya A.,Grass,last_year,5,4,1,0.2,1515.9232682043303
Kalinskaya A.,Grass,last_month,2,1,1,0.5,1532.5819154498163
Kalinskaya A.,Greenset,all,0,0,0,0.0,1500.0
Kalinskaya A.,Greenset,last_year,0,0,0,0.0,1500.0
Kalinskaya A.,Greenset,last_month,0,0,0,0.0,1500.0
Robillard-Millette C.,Hard,all,1,0,1,1.0,1483.9387068887152
Robillard-Millette C.,Hard,last_year,0,0,0,0.0,1500.0
Robillard-Millette C.,Hard,last_month,0,0,0,0.0,1500.0
Robillard-Millette C.,Carpet,all,0,0,0,0.0,1500.0
Robillard-Millette C.,Carpet,last_year,0,0,0,0.0,1500.0
Robillard-Millette C.,Carpet,last_month,0,0,0,0.0,1500.0
Robillard-Millette C.,Clay,all,0,0,0,0.0,1500.0
Robillard-Millette C.,Clay,last_year,0,0,0,0.0,1500.0
Robillard-Millette C.,Clay,last_month,0,0,0,0.0,1500.0
Robillard-Millette C.,Grass,all,0,0,0,0.0,1500.0
Robillard-Millette C.,Grass,last_year,0,0,0,0.0,1500.0
Robillard-Millette C.,Grass,last_month,0,0,0,0.0,1500.0
Robillard-Millette C.,Greenset,all,0,0,0,0.0,1500.0
Robillard-Millette C.,Greenset,last_year,0,0,0,0.0,1500.0
Robillard-Millette C.,Greenset,last_month,0,0,0,0.0,1500.0
Kotliar Y.,Hard,all,0,0,0,0.0,1500.0
Kotliar Y.,Hard,last_year,0,0,0,0.0,1500.0
Kotliar Y.,Hard,last_month,0,0,0,0.0,1500.0
Kotliar Y.,Carpet,all,0,0,0,0.0,1500.0
Kotliar Y.,Carpet,last_year,0,0,0,0.0,1500.0
Kotliar Y.,Carpet,last_month,0,0,0,0.0,1500.0
Kotliar Y.,Clay,all,1,0,1,1.0,1516.1305782020142
Kotliar Y.,Clay,last_year,1,0,1,1.0,1513.7309455580657
Kotliar Y.,Clay,last_month,0,0,0,0.0,1500.0
Kotliar Y.,Grass,all,0,0,0,0.0,1500.0
Kotliar Y.,Grass,last_year,0,0,0,0.0,1500.0
Kotliar Y.,Grass,last_month,0,0,0,0.0,1500.0
Kotliar Y.,Greenset,all,0,0,0,0.0,1500.0
Kotliar Y.,Greenset,last_year,0,0,0,0.0,1500.0
Kotliar Y.,Greenset,last_month,0,0,0,0.0,1500.0
Voskoboeva G.,Hard,all,106,44,62,0.5849056603773585,1490.7597477278562
Voskoboeva G.,Hard,last_year,0,0,0,0.0,1500.0
Voskoboeva G.,Hard,last_month,0,0,0,0.0,1500.0
Voskoboeva G.,Carpet,all,0,0,0,0.0,1500.0
Voskoboeva G.,Carpet,last_year,0,0,0,0.0,1500.0
Voskoboeva G.,Carpet,last_month,0,0,0,0.0,1500.0
Voskoboeva G.,Clay,all,38,13,25,0.6578947368421053,1550.67154561145
Voskoboeva G.,Clay,last_year,0,0,0,0.0,1500.0
Voskoboeva G.,Clay,last_month,0,0,0,0.0,1500.0
Voskoboeva G.,Grass,all,6,1,5,0.8333333333333334,1501.539009727036
Voskoboeva G.,Grass,last_year,0,0,0,0.0,1500.0
Voskoboeva G.,Grass,last_month,0,0,0,0.0,1500.0
Voskoboeva G.,Greenset,all,0,0,0,0.0,1500.0
Voskoboeva G.,Greenset,last_year,0,0,0,0.0,1500.0
Voskoboeva G.,Greenset,last_month,0,0,0,0.0,1500.0
Sakkari M.,Hard,all,243,134,109,0.448559670781893,1456.022142567047
Sakkari M.,Hard,last_year,12,4,8,0.6666666666666666,1509.1836678113298
Sakkari M.,Hard,last_month,0,0,0,0.0,1500.0
Sakkari M.,Carpet,all,0,0,0,0.0,1500.0
Sakkari M.,Carpet,last_year,0,0,0,0.0,1500.0
Sakkari M.,Carpet,last_month,0,0,0,0.0,1500.0
Sakkari M.,Clay,all,110,65,45,0.4090909090909091,1497.624488824688
Sakkari M.,Clay,last_year,9,4,5,0.5555555555555556,1537.2631530414674
Sakkari M.,Clay,last_month,0,0,0,0.0,1500.0
Sakkari M.,Grass,all,51,27,24,0.47058823529411764,1465.7204548043358
Sakkari M.,Grass,last_year,9,5,4,0.4444444444444444,1503.7093722062255
Sakkari M.,Grass,last_month,6,3,3,0.5,1471.7048924807932
Sakkari M.,Greenset,all,0,0,0,0.0,1500.0
Sakkari M.,Greenset,last_year,0,0,0,0.0,1500.0
Sakkari M.,Greenset,last_month,0,0,0,0.0,1500.0
Laine E.,Hard,all,9,3,6,0.6666666666666666,1508.7363310314124
Laine E.,Hard,last_year,0,0,0,0.0,1500.0
Laine E.,Hard,last_month,0,0,0,0.0,1500.0
Laine E.,Carpet,all,0,0,0,0.0,1500.0
Laine E.,Carpet,last_year,0,0,0,0.0,1500.0
Laine E.,Carpet,last_month,0,0,0,0.0,1500.0
Laine E.,Clay,all,1,0,1,1.0,1520.7812924773866
Laine E.,Clay,last_year,0,0,0,0.0,1500.0
Laine E.,Clay,last_month,0,0,0,0.0,1500.0
Laine E.,Grass,all,0,0,0,0.0,1500.0
Laine E.,Grass,last_year,0,0,0,0.0,1500.0
Laine E.,Grass,last_month,0,0,0,0.0,1500.0
Laine E.,Greenset,all,0,0,0,0.0,1500.0
Laine E.,Greenset,last_year,0,0,0,0.0,1500.0
Laine E.,Greenset,last_month,0,0,0,0.0,1500.0
Pfizenmaier D.,Hard,all,5,1,4,0.8,1415.0717694185887
Pfizenmaier D.,Hard,last_year,0,0,0,0.0,1500.0
Pfizenmaier D.,Hard,last_month,0,0,0,0.0,1500.0
Pfizenmaier D.,Carpet,all,0,0,0,0.0,1500.0
Pfizenmaier D.,Carpet,last_year,0,0,0,0.0,1500.0
Pfizenmaier D.,Carpet,last_month,0,0,0,0.0,1500.0
Pfizenmaier D.,Clay,all,29,13,16,0.5517241379310345,1474.8273288649837
Pfizenmaier D.,Clay,last_year,0,0,0,0.0,1500.0
Pfizenmaier D.,Clay,last_month,0,0,0,0.0,1500.0
Pfizenmaier D.,Grass,all,1,0,1,1.0,1518.0461328960535
Pfizenmaier D.,Grass,last_year,0,0,0,0.0,1500.0
Pfizenmaier D.,Grass,last_month,0,0,0,0.0,1500.0
Pfizenmaier D.,Greenset,all,0,0,0,0.0,1500.0
Pfizenmaier D.,Greenset,last_year,0,0,0,0.0,1500.0
Pfizenmaier D.,Greenset,last_month,0,0,0,0.0,1500.0
Papamichail D.,Hard,all,11,3,8,0.7272727272727273,1458.6278966325185
Papamichail D.,Hard,last_year,0,0,0,0.0,1500.0
Papamichail D.,Hard,last_month,0,0,0,0.0,1500.0
Papamichail D.,Carpet,all,0,0,0,0.0,1500.0
Papamichail D.,Carpet,last_year,0,0,0,0.0,1500.0
Papamichail D.,Carpet,last_month,0,0,0,0.0,1500.0
Papamichail D.,Clay,all,4,1,3,0.75,1472.378022230965
Papamichail D.,Clay,last_year,0,0,0,0.0,1500.0
Papamichail D.,Clay,last_month,0,0,0,0.0,1500.0
Papamichail D.,Grass,all,0,0,0,0.0,1500.0
Papamichail D.,Grass,last_year,0,0,0,0.0,1500.0
Papamichail D.,Grass,last_month,0,0,0,0.0,1500.0
Papamichail D.,Greenset,all,0,0,0,0.0,1500.0
Papamichail D.,Greenset,last_year,0,0,0,0.0,1500.0
Papamichail D.,Greenset,last_month,0,0,0,0.0,1500.0
Tomova V.,Hard,all,70,23,47,0.6714285714285714,1470.1039045642747
Tomova V.,Hard,last_year,26,10,16,0.6153846153846154,1461.2100247242688
Tomova V.,Hard,last_month,0,0,0,0.0,1500.0
Tomova V.,Carpet,all,0,0,0,0.0,1500.0
Tomova V.,Carpet,last_year,0,0,0,0.0,1500.0
Tomova V.,Carpet,last_month,0,0,0,0.0,1500.0
Tomova V.,Clay,all,45,14,31,0.6888888888888889,1531.300755490511
Tomova V.,Clay,last_year,9,2,7,0.7777777777777778,1453.17276339295
Tomova V.,Clay,last_month,0,0,0,0.0,1500.0
Tomova V.,Grass,all,23,8,15,0.6521739130434783,1548.280698236023
Tomova V.,Grass,last_year,5,0,5,1.0,1509.8795265615083
Tomova V.,Grass,last_month,4,0,4,1.0,1527.1890279861918
Tomova V.,Greenset,all,0,0,0,0.0,1500.0
Tomova V.,Greenset,last_year,0,0,0,0.0,1500.0
Tomova V.,Greenset,last_month,0,0,0,0.0,1500.0
Snigur D.,Hard,all,9,3,6,0.6666666666666666,1542.7267837101724
Snigur D.,Hard,last_year,2,0,2,1.0,1502.5930491672
Snigur D.,Hard,last_month,0,0,0,0.0,1500.0
Snigur D.,Carpet,all,0,0,0,0.0,1500.0
Snigur D.,Carpet,last_year,0,0,0,0.0,1500.0
Snigur D.,Carpet,last_month,0,0,0,0.0,1500.0
Snigur D.,Clay,all,1,0,1,1.0,1518.0827912134882
Snigur D.,Clay,last_year,0,0,0,0.0,1500.0
Snigur D.,Clay,last_month,0,0,0,0.0,1500.0
Snigur D.,Grass,all,7,3,4,0.5714285714285714,1568.2724676415964
Snigur D.,Grass,last_year,2,1,1,0.5,1532.0
Snigur D.,Grass,last_month,0,0,0,0.0,1500.0
Snigur D.,Greenset,all,0,0,0,0.0,1500.0
Snigur D.,Greenset,last_year,0,0,0,0.0,1500.0
Snigur D.,Greenset,last_month,0,0,0,0.0,1500.0
Radwanska A.,Hard,all,498,347,151,0.3032128514056225,1523.845123942261
Radwanska A.,Hard,last_year,0,0,0,0.0,1500.0
Radwanska A.,Hard,last_month,0,0,0,0.0,1500.0
Radwanska A.,Carpet,all,6,3,3,0.5,1552.009843710639
Radwanska A.,Carpet,last_year,0,0,0,0.0,1500.0
Radwanska A.,Carpet,last_month,0,0,0,0.0,1500.0
Radwanska A.,Clay,all,120,78,42,0.35,1484.7228191718239
Radwanska A.,Clay,last_year,0,0,0,0.0,1500.0
Radwanska A.,Clay,last_month,0,0,0,0.0,1500.0
Radwanska A.,Grass,all,84,58,26,0.30952380952380953,1485.51935392153
Radwanska A.,Grass,last_year,0,0,0,0.0,1500.0
Radwanska A.,Grass,last_month,0,0,0,0.0,1500.0
Radwanska A.,Greenset,all,0,0,0,0.0,1500.0
Radwanska A.,Greenset,last_year,0,0,0,0.0,1500.0
Radwanska A.,Greenset,last_month,0,0,0,0.0,1500.0
Shapatava S.,Hard,all,7,3,4,0.5714285714285714,1533.7063398271298
Shapatava S.,Hard,last_year,0,0,0,0.0,1500.0
Shapatava S.,Hard,last_month,0,0,0,0.0,1500.0
Shapatava S.,Carpet,all,0,0,0,0.0,1500.0
Shapatava S.,Carpet,last_year,0,0,0,0.0,1500.0
Shapatava S.,Carpet,last_month,0,0,0,0.0,1500.0
Shapatava S.,Clay,all,4,1,3,0.75,1503.9291212762128
Shapatava S.,Clay,last_year,0,0,0,0.0,1500.0
Shapatava S.,Clay,last_month,0,0,0,0.0,1500.0
Shapatava S.,Grass,all,0,0,0,0.0,1500.0
Shapatava S.,Grass,last_year,0,0,0,0.0,1500.0
Shapatava S.,Grass,last_month,0,0,0,0.0,1500.0
Shapatava S.,Greenset,all,0,0,0,0.0,1500.0
Shapatava S.,Greenset,last_year,0,0,0,0.0,1500.0
Shapatava S.,Greenset,last_month,0,0,0,0.0,1500.0
Lu Jia-Jing,Hard,all,3,0,3,1.0,1453.318053110627
Lu Jia-Jing,Hard,last_year,0,0,0,0.0,1500.0
Lu Jia-Jing,Hard,last_month,0,0,0,0.0,1500.0
Lu Jia-Jing,Carpet,all,0,0,0,0.0,1500.0
Lu Jia-Jing,Carpet,last_year,0,0,0,0.0,1500.0
Lu Jia-Jing,Carpet,last_month,0,0,0,0.0,1500.0
Lu Jia-Jing,Clay,all,0,0,0,0.0,1500.0
Lu Jia-Jing,Clay,last_year,0,0,0,0.0,1500.0
Lu Jia-Jing,Clay,last_month,0,0,0,0.0,1500.0
Lu Jia-Jing,Grass,all,0,0,0,0.0,1500.0
Lu Jia-Jing,Grass,last_year,0,0,0,0.0,1500.0
Lu Jia-Jing,Grass,last_month,0,0,0,0.0,1500.0
Lu Jia-Jing,Greenset,all,0,0,0,0.0,1500.0
Lu Jia-Jing,Greenset,last_year,0,0,0,0.0,1500.0
Lu Jia-Jing,Greenset,last_month,0,0,0,0.0,1500.0
Ozegovic N.,Hard,all,2,0,2,1.0,1531.7693548269501
Ozegovic N.,Hard,last_year,0,0,0,0.0,1500.0
Ozegovic N.,Hard,last_month,0,0,0,0.0,1500.0
Ozegovic N.,Carpet,all,0,0,0,0.0,1500.0
Ozegovic N.,Carpet,last_year,0,0,0,0.0,1500.0
Ozegovic N.,Carpet,last_month,0,0,0,0.0,1500.0
Ozegovic N.,Clay,all,3,1,2,0.6666666666666666,1546.1570303843837
Ozegovic N.,Clay,last_year,0,0,0,0.0,1500.0
Ozegovic N.,Clay,last_month,0,0,0,0.0,1500.0
Ozegovic N.,Grass,all,2,1,1,0.5,1500.0957387605868
Ozegovic N.,Grass,last_year,0,0,0,0.0,1500.0
Ozegovic N.,Grass,last_month,0,0,0,0.0,1500.0
Ozegovic N.,Greenset,all,0,0,0,0.0,1500.0
Ozegovic N.,Greenset,last_year,0,0,0,0.0,1500.0
Ozegovic N.,Greenset,last_month,0,0,0,0.0,1500.0
Tamaela E.,Hard,all,3,1,2,0.6666666666666666,1486.6268235067143
Tamaela E.,Hard,last_year,0,0,0,0.0,1500.0
Tamaela E.,Hard,last_month,0,0,0,0.0,1500.0
Tamaela E.,Carpet,all,0,0,0,0.0,1500.0
Tamaela E.,Carpet,last_year,0,0,0,0.0,1500.0
Tamaela E.,Carpet,last_month,0,0,0,0.0,1500.0
Tamaela E.,Clay,all,0,0,0,0.0,1500.0
Tamaela E.,Clay,last_year,0,0,0,0.0,1500.0
Tamaela E.,Clay,last_month,0,0,0,0.0,1500.0
Tamaela E.,Grass,all,0,0,0,0.0,1500.0
Tamaela E.,Grass,last_year,0,0,0,0.0,1500.0
Tamaela E.,Grass,last_month,0,0,0,0.0,1500.0
Tamaela E.,Greenset,all,0,0,0,0.0,1500.0
Tamaela E.,Greenset,last_year,0,0,0,0.0,1500.0
Tamaela E.,Greenset,last_month,0,0,0,0.0,1500.0
Yashina E.,Hard,all,0,0,0,0.0,1500.0
Yashina E.,Hard,last_year,0,0,0,0.0,1500.0
Yashina E.,Hard,last_month,0,0,0,0.0,1500.0
Yashina E.,Carpet,all,0,0,0,0.0,1500.0
Yashina E.,Carpet,last_year,0,0,0,0.0,1500.0
Yashina E.,Carpet,last_month,0,0,0,0.0,1500.0
Yashina E.,Clay,all,0,0,0,0.0,1500.0
Yashina E.,Clay,last_year,0,0,0,0.0,1500.0
Yashina E.,Clay,last_month,0,0,0,0.0,1500.0
Yashina E.,Grass,all,1,0,1,1.0,1488.0364601227363
Yashina E.,Grass,last_year,0,0,0,0.0,1500.0
Yashina E.,Grass,last_month,0,0,0,0.0,1500.0
Yashina E.,Greenset,all,0,0,0,0.0,1500.0
Yashina E.,Greenset,last_year,0,0,0,0.0,1500.0
Yashina E.,Greenset,last_month,0,0,0,0.0,1500.0
Brodsky G.,Hard,all,4,0,4,1.0,1495.6314578226459
Brodsky G.,Hard,last_year,0,0,0,0.0,1500.0
Brodsky G.,Hard,last_month,0,0,0,0.0,1500.0
Brodsky G.,Carpet,all,0,0,0,0.0,1500.0
Brodsky G.,Carpet,last_year,0,0,0,0.0,1500.0
Brodsky G.,Carpet,last_month,0,0,0,0.0,1500.0
Brodsky G.,Clay,all,0,0,0,0.0,1500.0
Brodsky G.,Clay,last_year,0,0,0,0.0,1500.0
Brodsky G.,Clay,last_month,0,0,0,0.0,1500.0
Brodsky G.,Grass,all,0,0,0,0.0,1500.0
Brodsky G.,Grass,last_year,0,0,0,0.0,1500.0
Brodsky G.,Grass,last_month,0,0,0,0.0,1500.0
Brodsky G.,Greenset,all,0,0,0,0.0,1500.0
Brodsky G.,Greenset,last_year,0,0,0,0.0,1500.0
Brodsky G.,Greenset,last_month,0,0,0,0.0,1500.0
Amanmuradova A.,Hard,all,89,37,52,0.5842696629213483,1484.8485472339264
Amanmuradova A.,Hard,last_year,0,0,0,0.0,1500.0
Amanmuradova A.,Hard,last_month,0,0,0,0.0,1500.0
Amanmuradova A.,Carpet,all,0,0,0,0.0,1500.0
Amanmuradova A.,Carpet,last_year,0,0,0,0.0,1500.0
Amanmuradova A.,Carpet,last_month,0,0,0,0.0,1500.0
Amanmuradova A.,Clay,all,41,15,26,0.6341463414634146,1579.6141923809703
Amanmuradova A.,Clay,last_year,0,0,0,0.0,1500.0
Amanmuradova A.,Clay,last_month,0,0,0,0.0,1500.0
Amanmuradova A.,Grass,all,9,0,9,1.0,1453.0432135190636
Amanmuradova A.,Grass,last_year,0,0,0,0.0,1500.0
Amanmuradova A.,Grass,last_month,0,0,0,0.0,1500.0
Amanmuradova A.,Greenset,all,1,0,1,1.0,1516.736306793522
Amanmuradova A.,Greenset,last_year,0,0,0,0.0,1500.0
Amanmuradova A.,Greenset,last_month,0,0,0,0.0,1500.0
Njiric S.,Hard,all,0,0,0,0.0,1500.0
Njiric S.,Hard,last_year,0,0,0,0.0,1500.0
Njiric S.,Hard,last_month,0,0,0,0.0,1500.0
Njiric S.,Carpet,all,0,0,0,0.0,1500.0
Njiric S.,Carpet,last_year,0,0,0,0.0,1500.0
Njiric S.,Carpet,last_month,0,0,0,0.0,1500.0
Njiric S.,Clay,all,1,0,1,1.0,1486.8295928712255
Njiric S.,Clay,last_year,0,0,0,0.0,1500.0
Njiric S.,Clay,last_month,0,0,0,0.0,1500.0
Njiric S.,Grass,all,0,0,0,0.0,1500.0
Njiric S.,Grass,last_year,0,0,0,0.0,1500.0
Njiric S.,Grass,last_month,0,0,0,0.0,1500.0
Njiric S.,Greenset,all,0,0,0,0.0,1500.0
Njiric S.,Greenset,last_year,0,0,0,0.0,1500.0
Njiric S.,Greenset,last_month,0,0,0,0.0,1500.0
Augustine B.,Hard,all,1,0,1,1.0,1515.1792582756682
Augustine B.,Hard,last_year,0,0,0,0.0,1500.0
Augustine B.,Hard,last_month,0,0,0,0.0,1500.0
Augustine B.,Carpet,all,0,0,0,0.0,1500.0
Augustine B.,Carpet,last_year,0,0,0,0.0,1500.0
Augustine B.,Carpet,last_month,0,0,0,0.0,1500.0
Augustine B.,Clay,all,0,0,0,0.0,1500.0
Augustine B.,Clay,last_year,0,0,0,0.0,1500.0
Augustine B.,Clay,last_month,0,0,0,0.0,1500.0
Augustine B.,Grass,all,0,0,0,0.0,1500.0
Augustine B.,Grass,last_year,0,0,0,0.0,1500.0
Augustine B.,Grass,last_month,0,0,0,0.0,1500.0
Augustine B.,Greenset,all,0,0,0,0.0,1500.0
Augustine B.,Greenset,last_year,0,0,0,0.0,1500.0
Augustine B.,Greenset,last_month,0,0,0,0.0,1500.0
Larcherde Brito M.,Hard,all,39,13,26,0.6666666666666666,1465.4963524688906
Larcherde Brito M.,Hard,last_year,0,0,0,0.0,1500.0
Larcherde Brito M.,Hard,last_month,0,0,0,0.0,1500.0
Larcherde Brito M.,Carpet,all,0,0,0,0.0,1500.0
Larcherde Brito M.,Carpet,last_year,0,0,0,0.0,1500.0
Larcherde Brito M.,Carpet,last_month,0,0,0,0.0,1500.0
Larcherde Brito M.,Clay,all,11,4,7,0.6363636363636364,1541.5666836143773
Larcherde Brito M.,Clay,last_year,0,0,0,0.0,1500.0
Larcherde Brito M.,Clay,last_month,0,0,0,0.0,1500.0
Larcherde Brito M.,Grass,all,19,11,8,0.42105263157894735,1505.7412383553083
Larcherde Brito M.,Grass,last_year,0,0,0,0.0,1500.0
Larcherde Brito M.,Grass,last_month,0,0,0,0.0,1500.0
Larcherde Brito M.,Greenset,all,0,0,0,0.0,1500.0
Larcherde Brito M.,Greenset,last_year,0,0,0,0.0,1500.0
Larcherde Brito M.,Greenset,last_month,0,0,0,0.0,1500.0
Maes C.,Hard,all,2,0,2,1.0,1532.0019352926772
Maes C.,Hard,last_year,0,0,0,0.0,1500.0
Maes C.,Hard,last_month,0,0,0,0.0,1500.0
Maes C.,Carpet,all,0,0,0,0.0,1500.0
Maes C.,Carpet,last_year,0,0,0,0.0,1500.0
Maes C.,Carpet,last_month,0,0,0,0.0,1500.0
Maes C.,Clay,all,2,1,1,0.5,1467.8283127043028
Maes C.,Clay,last_year,0,0,0,0.0,1500.0
Maes C.,Clay,last_month,0,0,0,0.0,1500.0
Maes C.,Grass,all,0,0,0,0.0,1500.0
Maes C.,Grass,last_year,0,0,0,0.0,1500.0
Maes C.,Grass,last_month,0,0,0,0.0,1500.0
Maes C.,Greenset,all,0,0,0,0.0,1500.0
Maes C.,Greenset,last_year,0,0,0,0.0,1500.0
Maes C.,Greenset,last_month,0,0,0,0.0,1500.0
Cohen J.,Hard,all,12,4,8,0.6666666666666666,1561.3418369966305
Cohen J.,Hard,last_year,0,0,0,0.0,1500.0
Cohen J.,Hard,last_month,0,0,0,0.0,1500.0
Cohen J.,Carpet,all,0,0,0,0.0,1500.0
Cohen J.,Carpet,last_year,0,0,0,0.0,1500.0
Cohen J.,Carpet,last_month,0,0,0,0.0,1500.0
Cohen J.,Clay,all,9,2,7,0.7777777777777778,1534.0480471160804
Cohen J.,Clay,last_year,0,0,0,0.0,1500.0
Cohen J.,Clay,last_month,0,0,0,0.0,1500.0
Cohen J.,Grass,all,0,0,0,0.0,1500.0
Cohen J.,Grass,last_year,0,0,0,0.0,1500.0
Cohen J.,Grass,last_month,0,0,0,0.0,1500.0
Cohen J.,Greenset,all,0,0,0,0.0,1500.0
Cohen J.,Greenset,last_year,0,0,0,0.0,1500.0
Cohen J.,Greenset,last_month,0,0,0,0.0,1500.0
Martinez Cirez C.,Hard,all,0,0,0,0.0,1500.0
Martinez Cirez C.,Hard,last_year,0,0,0,0.0,1500.0
Martinez Cirez C.,Hard,last_month,0,0,0,0.0,1500.0
Martinez Cirez C.,Carpet,all,0,0,0,0.0,1500.0
Martinez Cirez C.,Carpet,last_year,0,0,0,0.0,1500.0
Martinez Cirez C.,Carpet,last_month,0,0,0,0.0,1500.0
Martinez Cirez C.,Clay,all,2,0,2,1.0,1499.263693206478
Martinez Cirez C.,Clay,last_year,2,0,2,1.0,1499.263693206478
Martinez Cirez C.,Clay,last_month,0,0,0,0.0,1500.0
Martinez Cirez C.,Grass,all,0,0,0,0.0,1500.0
Martinez Cirez C.,Grass,last_year,0,0,0,0.0,1500.0
Martinez Cirez C.,Grass,last_month,0,0,0,0.0,1500.0
Martinez Cirez C.,Greenset,all,0,0,0,0.0,1500.0
Martinez Cirez C.,Greenset,last_year,0,0,0,0.0,1500.0
Martinez Cirez C.,Greenset,last_month,0,0,0,0.0,1500.0
Bartoli M. ,Hard,all,3,3,0,1.0,1452.562531015011
Bartoli M. ,Hard,last_year,0,0,0,0.0,1500.0
Bartoli M. ,Hard,last_month,0,0,0,0.0,1500.0
Bartoli M. ,Carpet,all,0,0,0,0.0,1500.0
Bartoli M. ,Carpet,last_year,0,0,0,0.0,1500.0
Bartoli M. ,Carpet,last_month,0,0,0,0.0,1500.0
Bartoli M. ,Clay,all,0,0,0,0.0,1500.0
Bartoli M. ,Clay,last_year,0,0,0,0.0,1500.0
Bartoli M. ,Clay,last_month,0,0,0,0.0,1500.0
Bartoli M. ,Grass,all,0,0,0,0.0,1500.0
Bartoli M. ,Grass,last_year,0,0,0,0.0,1500.0
Bartoli M. ,Grass,last_month,0,0,0,0.0,1500.0
Bartoli M. ,Greenset,all,0,0,0,0.0,1500.0
Bartoli M. ,Greenset,last_year,0,0,0,0.0,1500.0
Bartoli M. ,Greenset,last_month,0,0,0,0.0,1500.0
Buzarnescu M.,Hard,all,53,21,32,0.6037735849056604,1482.472342061247
Buzarnescu M.,Hard,last_year,0,0,0,0.0,1500.0
Buzarnescu M.,Hard,last_month,0,0,0,0.0,1500.0
Buzarnescu M.,Carpet,all,0,0,0,0.0,1500.0
Buzarnescu M.,Carpet,last_year,0,0,0,0.0,1500.0
Buzarnescu M.,Carpet,last_month,0,0,0,0.0,1500.0
Buzarnescu M.,Clay,all,40,20,20,0.5,1468.1037267456227
Buzarnescu M.,Clay,last_year,0,0,0,0.0,1500.0
Buzarnescu M.,Clay,last_month,0,0,0,0.0,1500.0
Buzarnescu M.,Grass,all,20,11,9,0.45,1522.7080900247395
Buzarnescu M.,Grass,last_year,0,0,0,0.0,1500.0
Buzarnescu M.,Grass,last_month,0,0,0,0.0,1500.0
Buzarnescu M.,Greenset,all,0,0,0,0.0,1500.0
Buzarnescu M.,Greenset,last_year,0,0,0,0.0,1500.0
Buzarnescu M.,Greenset,last_month,0,0,0,0.0,1500.0
Zhuk S.,Hard,all,8,2,6,0.75,1468.0661502847122
Zhuk S.,Hard,last_year,0,0,0,0.0,1500.0
Zhuk S.,Hard,last_month,0,0,0,0.0,1500.0
Zhuk S.,Carpet,all,0,0,0,0.0,1500.0
Zhuk S.,Carpet,last_year,0,0,0,0.0,1500.0
Zhuk S.,Carpet,last_month,0,0,0,0.0,1500.0
Zhuk S.,Clay,all,1,0,1,1.0,1515.321444118277
Zhuk S.,Clay,last_year,0,0,0,0.0,1500.0
Zhuk S.,Clay,last_month,0,0,0,0.0,1500.0
Zhuk S.,Grass,all,0,0,0,0.0,1500.0
Zhuk S.,Grass,last_year,0,0,0,0.0,1500.0
Zhuk S.,Grass,last_month,0,0,0,0.0,1500.0
Zhuk S.,Greenset,all,0,0,0,0.0,1500.0
Zhuk S.,Greenset,last_year,0,0,0,0.0,1500.0
Zhuk S.,Greenset,last_month,0,0,0,0.0,1500.0
Grymalska A.,Hard,all,0,0,0,0.0,1500.0
Grymalska A.,Hard,last_year,0,0,0,0.0,1500.0
Grymalska A.,Hard,last_month,0,0,0,0.0,1500.0
Grymalska A.,Carpet,all,0,0,0,0.0,1500.0
Grymalska A.,Carpet,last_year,0,0,0,0.0,1500.0
Grymalska A.,Carpet,last_month,0,0,0,0.0,1500.0
Grymalska A.,Clay,all,4,0,4,1.0,1480.5184015156437
Grymalska A.,Clay,last_year,0,0,0,0.0,1500.0
Grymalska A.,Clay,last_month,0,0,0,0.0,1500.0
Grymalska A.,Grass,all,0,0,0,0.0,1500.0
Grymalska A.,Grass,last_year,0,0,0,0.0,1500.0
Grymalska A.,Grass,last_month,0,0,0,0.0,1500.0
Grymalska A.,Greenset,all,0,0,0,0.0,1500.0
Grymalska A.,Greenset,last_year,0,0,0,0.0,1500.0
Grymalska A.,Greenset,last_month,0,0,0,0.0,1500.0
Schunk N.,Hard,all,1,0,1,1.0,1521.0326354696265
Schunk N.,Hard,last_year,0,0,0,0.0,1500.0
Schunk N.,Hard,last_month,0,0,0,0.0,1500.0
Schunk N.,Carpet,all,0,0,0,0.0,1500.0
Schunk N.,Carpet,last_year,0,0,0,0.0,1500.0
Schunk N.,Carpet,last_month,0,0,0,0.0,1500.0
Schunk N.,Clay,all,4,0,4,1.0,1538.6151504542975
Schunk N.,Clay,last_year,0,0,0,0.0,1500.0
Schunk N.,Clay,last_month,0,0,0,0.0,1500.0
Schunk N.,Grass,all,1,0,1,1.0,1485.028873073141
Schunk N.,Grass,last_year,0,0,0,0.0,1500.0
Schunk N.,Grass,last_month,0,0,0,0.0,1500.0
Schunk N.,Greenset,all,0,0,0,0.0,1500.0
Schunk N.,Greenset,last_year,0,0,0,0.0,1500.0
Schunk N.,Greenset,last_month,0,0,0,0.0,1500.0
Bouzas Maneiro J.,Hard,all,23,9,14,0.6086956521739131,1621.879943339179
Bouzas Maneiro J.,Hard,last_year,22,9,13,0.5909090909090909,1629.2480472107493
Bouzas Maneiro J.,Hard,last_month,0,0,0,0.0,1500.0
Bouzas Maneiro J.,Carpet,all,0,0,0,0.0,1500.0
Bouzas Maneiro J.,Carpet,last_year,0,0,0,0.0,1500.0
Bouzas Maneiro J.,Carpet,last_month,0,0,0,0.0,1500.0
Bouzas Maneiro J.,Clay,all,18,9,9,0.5,1576.8783280532077
Bouzas Maneiro J.,Clay,last_year,14,8,6,0.42857142857142855,1556.251780353456
Bouzas Maneiro J.,Clay,last_month,0,0,0,0.0,1500.0
Bouzas Maneiro J.,Grass,all,6,4,2,0.3333333333333333,1491.964911898336
Bouzas Maneiro J.,Grass,last_year,5,4,1,0.2,1477.7840607280518
Bouzas Maneiro J.,Grass,last_month,3,2,1,0.3333333333333333,1479.998013055112
Bouzas Maneiro J.,Greenset,all,0,0,0,0.0,1500.0
Bouzas Maneiro J.,Greenset,last_year,0,0,0,0.0,1500.0
Bouzas Maneiro J.,Greenset,last_month,0,0,0,0.0,1500.0
Bulgaru M.,Hard,all,2,1,1,0.5,1529.4640196274074
Bulgaru M.,Hard,last_year,0,0,0,0.0,1500.0
Bulgaru M.,Hard,last_month,0,0,0,0.0,1500.0
Bulgaru M.,Carpet,all,0,0,0,0.0,1500.0
Bulgaru M.,Carpet,last_year,0,0,0,0.0,1500.0
Bulgaru M.,Carpet,last_month,0,0,0,0.0,1500.0
Bulgaru M.,Clay,all,5,1,4,0.8,1452.8802658435045
Bulgaru M.,Clay,last_year,3,1,2,0.6666666666666666,1481.8278882592376
Bulgaru M.,Clay,last_month,0,0,0,0.0,1500.0
Bulgaru M.,Grass,all,0,0,0,0.0,1500.0
Bulgaru M.,Grass,last_year,0,0,0,0.0,1500.0
Bulgaru M.,Grass,last_month,0,0,0,0.0,1500.0
Bulgaru M.,Greenset,all,0,0,0,0.0,1500.0
Bulgaru M.,Greenset,last_year,0,0,0,0.0,1500.0
Bulgaru M.,Greenset,last_month,0,0,0,0.0,1500.0
Zvonareva V.,Hard,all,312,208,104,0.6666666666666666,1587.5133305780917
Zvonareva V.,Hard,last_year,0,0,0,0.0,1500.0
Zvonareva V.,Hard,last_month,0,0,0,0.0,1500.0
Zvonareva V.,Carpet,all,9,6,3,0.3333333333333333,1408.633648429802
Zvonareva V.,Carpet,last_year,0,0,0,0.0,1500.0
Zvonareva V.,Carpet,last_month,0,0,0,0.0,1500.0
Zvonareva V.,Clay,all,65,39,26,0.4,1376.8180189089871
Zvonareva V.,Clay,last_year,0,0,0,0.0,1500.0
Zvonareva V.,Clay,last_month,0,0,0,0.0,1500.0
Zvonareva V.,Grass,all,27,17,10,0.37037037037037035,1521.150944885949
Zvonareva V.,Grass,last_year,0,0,0,0.0,1500.0
Zvonareva V.,Grass,last_month,0,0,0,0.0,1500.0
Zvonareva V.,Greenset,all,0,0,0,0.0,1500.0
Zvonareva V.,Greenset,last_year,0,0,0,0.0,1500.0
Zvonareva V.,Greenset,last_month,0,0,0,0.0,1500.0
Montgomery R.,Hard,all,21,6,15,0.7142857142857143,1529.2396408180914
Montgomery R.,Hard,last_year,10,5,5,0.5,1540.1460400790804
Montgomery R.,Hard,last_month,0,0,0,0.0,1500.0
Montgomery R.,Carpet,all,0,0,0,0.0,1500.0
Montgomery R.,Carpet,last_year,0,0,0,0.0,1500.0
Montgomery R.,Carpet,last_month,0,0,0,0.0,1500.0
Montgomery R.,Clay,all,9,4,5,0.5555555555555556,1464.0656329784904
Montgomery R.,Clay,last_year,5,2,3,0.6,1461.3440421519672
Montgomery R.,Clay,last_month,0,0,0,0.0,1500.0
Montgomery R.,Grass,all,5,3,2,0.4,1486.3915737288382
Montgomery R.,Grass,last_year,2,1,1,0.5,1469.4695015289756
Montgomery R.,Grass,last_month,0,0,0,0.0,1500.0
Montgomery R.,Greenset,all,0,0,0,0.0,1500.0
Montgomery R.,Greenset,last_year,0,0,0,0.0,1500.0
Montgomery R.,Greenset,last_month,0,0,0,0.0,1500.0
Zuger J.,Hard,all,0,0,0,0.0,1500.0
Zuger J.,Hard,last_year,0,0,0,0.0,1500.0
Zuger J.,Hard,last_month,0,0,0,0.0,1500.0
Zuger J.,Carpet,all,0,0,0,0.0,1500.0
Zuger J.,Carpet,last_year,0,0,0,0.0,1500.0
Zuger J.,Carpet,last_month,0,0,0,0.0,1500.0
Zuger J.,Clay,all,2,1,1,0.5,1501.1135189348938
Zuger J.,Clay,last_year,0,0,0,0.0,1500.0
Zuger J.,Clay,last_month,0,0,0,0.0,1500.0
Zuger J.,Grass,all,0,0,0,0.0,1500.0
Zuger J.,Grass,last_year,0,0,0,0.0,1500.0
Zuger J.,Grass,last_month,0,0,0,0.0,1500.0
Zuger J.,Greenset,all,0,0,0,0.0,1500.0
Zuger J.,Greenset,last_year,0,0,0,0.0,1500.0
Zuger J.,Greenset,last_month,0,0,0,0.0,1500.0
Bassols Ribera M.,Hard,all,0,0,0,0.0,1500.0
Bassols Ribera M.,Hard,last_year,0,0,0,0.0,1500.0
Bassols Ribera M.,Hard,last_month,0,0,0,0.0,1500.0
Bassols Ribera M.,Carpet,all,0,0,0,0.0,1500.0
Bassols Ribera M.,Carpet,last_year,0,0,0,0.0,1500.0
Bassols Ribera M.,Carpet,last_month,0,0,0,0.0,1500.0
Bassols Ribera M.,Clay,all,1,0,1,1.0,1519.6608828047279
Bassols Ribera M.,Clay,last_year,0,0,0,0.0,1500.0
Bassols Ribera M.,Clay,last_month,0,0,0,0.0,1500.0
Bassols Ribera M.,Grass,all,0,0,0,0.0,1500.0
Bassols Ribera M.,Grass,last_year,0,0,0,0.0,1500.0
Bassols Ribera M.,Grass,last_month,0,0,0,0.0,1500.0
Bassols Ribera M.,Greenset,all,0,0,0,0.0,1500.0
Bassols Ribera M.,Greenset,last_year,0,0,0,0.0,1500.0
Bassols Ribera M.,Greenset,last_month,0,0,0,0.0,1500.0
Gaydarzhi K.,Hard,all,1,0,1,1.0,1480.5990175019517
Gaydarzhi K.,Hard,last_year,0,0,0,0.0,1500.0
Gaydarzhi K.,Hard,last_month,0,0,0,0.0,1500.0
Gaydarzhi K.,Carpet,all,0,0,0,0.0,1500.0
Gaydarzhi K.,Carpet,last_year,0,0,0,0.0,1500.0
Gaydarzhi K.,Carpet,last_month,0,0,0,0.0,1500.0
Gaydarzhi K.,Clay,all,0,0,0,0.0,1500.0
Gaydarzhi K.,Clay,last_year,0,0,0,0.0,1500.0
Gaydarzhi K.,Clay,last_month,0,0,0,0.0,1500.0
Gaydarzhi K.,Grass,all,0,0,0,0.0,1500.0
Gaydarzhi K.,Grass,last_year,0,0,0,0.0,1500.0
Gaydarzhi K.,Grass,last_month,0,0,0,0.0,1500.0
Gaydarzhi K.,Greenset,all,0,0,0,0.0,1500.0
Gaydarzhi K.,Greenset,last_year,0,0,0,0.0,1500.0
Gaydarzhi K.,Greenset,last_month,0,0,0,0.0,1500.0
Petrova N.,Hard,all,206,131,75,0.3640776699029126,1560.5059963960973
Petrova N.,Hard,last_year,0,0,0,0.0,1500.0
Petrova N.,Hard,last_month,0,0,0,0.0,1500.0
Petrova N.,Carpet,all,7,5,2,0.2857142857142857,1456.9345793392317
Petrova N.,Carpet,last_year,0,0,0,0.0,1500.0
Petrova N.,Carpet,last_month,0,0,0,0.0,1500.0
Petrova N.,Clay,all,79,46,33,0.4177215189873418,1388.6235430355316
Petrova N.,Clay,last_year,0,0,0,0.0,1500.0
Petrova N.,Clay,last_month,0,0,0,0.0,1500.0
Petrova N.,Grass,all,41,30,11,0.2682926829268293,1526.2754376493692
Petrova N.,Grass,last_year,0,0,0,0.0,1500.0
Petrova N.,Grass,last_month,0,0,0,0.0,1500.0
Petrova N.,Greenset,all,0,0,0,0.0,1500.0
Petrova N.,Greenset,last_year,0,0,0,0.0,1500.0
Petrova N.,Greenset,last_month,0,0,0,0.0,1500.0
Yu E.,Hard,all,1,0,1,1.0,1516.4236561102582
Yu E.,Hard,last_year,0,0,0,0.0,1500.0
Yu E.,Hard,last_month,0,0,0,0.0,1500.0
Yu E.,Carpet,all,0,0,0,0.0,1500.0
Yu E.,Carpet,last_year,0,0,0,0.0,1500.0
Yu E.,Carpet,last_month,0,0,0,0.0,1500.0
Yu E.,Clay,all,0,0,0,0.0,1500.0
Yu E.,Clay,last_year,0,0,0,0.0,1500.0
Yu E.,Clay,last_month,0,0,0,0.0,1500.0
Yu E.,Grass,all,0,0,0,0.0,1500.0
Yu E.,Grass,last_year,0,0,0,0.0,1500.0
Yu E.,Grass,last_month,0,0,0,0.0,1500.0
Yu E.,Greenset,all,0,0,0,0.0,1500.0
Yu E.,Greenset,last_year,0,0,0,0.0,1500.0
Yu E.,Greenset,last_month,0,0,0,0.0,1500.0
Reyngold E.,Hard,all,0,0,0,0.0,1500.0
Reyngold E.,Hard,last_year,0,0,0,0.0,1500.0
Reyngold E.,Hard,last_month,0,0,0,0.0,1500.0
Reyngold E.,Carpet,all,0,0,0,0.0,1500.0
Reyngold E.,Carpet,last_year,0,0,0,0.0,1500.0
Reyngold E.,Carpet,last_month,0,0,0,0.0,1500.0
Reyngold E.,Clay,all,1,0,1,1.0,1513.7809491042844
Reyngold E.,Clay,last_year,0,0,0,0.0,1500.0
Reyngold E.,Clay,last_month,0,0,0,0.0,1500.0
Reyngold E.,Grass,all,0,0,0,0.0,1500.0
Reyngold E.,Grass,last_year,0,0,0,0.0,1500.0
Reyngold E.,Grass,last_month,0,0,0,0.0,1500.0
Reyngold E.,Greenset,all,0,0,0,0.0,1500.0
Reyngold E.,Greenset,last_year,0,0,0,0.0,1500.0
Reyngold E.,Greenset,last_month,0,0,0,0.0,1500.0
Min G.,Hard,all,17,4,13,0.7647058823529411,1467.3128104214165
Min G.,Hard,last_year,0,0,0,0.0,1500.0
Min G.,Hard,last_month,0,0,0,0.0,1500.0
Min G.,Carpet,all,0,0,0,0.0,1500.0
Min G.,Carpet,last_year,0,0,0,0.0,1500.0
Min G.,Carpet,last_month,0,0,0,0.0,1500.0
Min G.,Clay,all,24,7,17,0.7083333333333334,1383.0070487750313
Min G.,Clay,last_year,0,0,0,0.0,1500.0
Min G.,Clay,last_month,0,0,0,0.0,1500.0
Min G.,Grass,all,2,0,2,1.0,1501.2284290661612
Min G.,Grass,last_year,0,0,0,0.0,1500.0
Min G.,Grass,last_month,0,0,0,0.0,1500.0
Min G.,Greenset,all,0,0,0,0.0,1500.0
Min G.,Greenset,last_year,0,0,0,0.0,1500.0
Min G.,Greenset,last_month,0,0,0,0.0,1500.0
Shvedova Y.,Hard,all,161,67,94,0.5838509316770186,1533.2804145071761
Shvedova Y.,Hard,last_year,0,0,0,0.0,1500.0
Shvedova Y.,Hard,last_month,0,0,0,0.0,1500.0
Shvedova Y.,Carpet,all,1,0,1,1.0,1516.0
Shvedova Y.,Carpet,last_year,0,0,0,0.0,1500.0
Shvedova Y.,Carpet,last_month,0,0,0,0.0,1500.0
Shvedova Y.,Clay,all,90,46,44,0.4888888888888889,1541.9066471476633
Shvedova Y.,Clay,last_year,0,0,0,0.0,1500.0
Shvedova Y.,Clay,last_month,0,0,0,0.0,1500.0
Shvedova Y.,Grass,all,42,23,19,0.4523809523809524,1501.190692666413
Shvedova Y.,Grass,last_year,0,0,0,0.0,1500.0
Shvedova Y.,Grass,last_month,0,0,0,0.0,1500.0
Shvedova Y.,Greenset,all,1,0,1,1.0,1484.0
Shvedova Y.,Greenset,last_year,0,0,0,0.0,1500.0
Shvedova Y.,Greenset,last_month,0,0,0,0.0,1500.0
Inglis M.,Hard,all,21,6,15,0.7142857142857143,1452.0252603918198
Inglis M.,Hard,last_year,2,0,2,1.0,1504.317488263337
Inglis M.,Hard,last_month,0,0,0,0.0,1500.0
Inglis M.,Carpet,all,0,0,0,0.0,1500.0
Inglis M.,Carpet,last_year,0,0,0,0.0,1500.0
Inglis M.,Carpet,last_month,0,0,0,0.0,1500.0
Inglis M.,Clay,all,3,1,2,0.6666666666666666,1518.227886264446
Inglis M.,Clay,last_year,0,0,0,0.0,1500.0
Inglis M.,Clay,last_month,0,0,0,0.0,1500.0
Inglis M.,Grass,all,3,0,3,1.0,1483.8906287174764
Inglis M.,Grass,last_year,1,0,1,1.0,1515.263693206478
Inglis M.,Grass,last_month,1,0,1,1.0,1516.0
Inglis M.,Greenset,all,0,0,0,0.0,1500.0
Inglis M.,Greenset,last_year,0,0,0,0.0,1500.0
Inglis M.,Greenset,last_month,0,0,0,0.0,1500.0
Hradecka L.,Hard,all,104,38,66,0.6346153846153846,1478.5757646813906
Hradecka L.,Hard,last_year,0,0,0,0.0,1500.0
Hradecka L.,Hard,last_month,0,0,0,0.0,1500.0
Hradecka L.,Carpet,all,0,0,0,0.0,1500.0
Hradecka L.,Carpet,last_year,0,0,0,0.0,1500.0
Hradecka L.,Carpet,last_month,0,0,0,0.0,1500.0
Hradecka L.,Clay,all,92,50,42,0.45652173913043476,1572.5453305478795
Hradecka L.,Clay,last_year,0,0,0,0.0,1500.0
Hradecka L.,Clay,last_month,0,0,0,0.0,1500.0
Hradecka L.,Grass,all,9,1,8,0.8888888888888888,1541.7262360442169
Hradecka L.,Grass,last_year,0,0,0,0.0,1500.0
Hradecka L.,Grass,last_month,0,0,0,0.0,1500.0
Hradecka L.,Greenset,all,0,0,0,0.0,1500.0
Hradecka L.,Greenset,last_year,0,0,0,0.0,1500.0
Hradecka L.,Greenset,last_month,0,0,0,0.0,1500.0
Solovyeva V.,Hard,all,0,0,0,0.0,1500.0
Solovyeva V.,Hard,last_year,0,0,0,0.0,1500.0
Solovyeva V.,Hard,last_month,0,0,0,0.0,1500.0
Solovyeva V.,Carpet,all,0,0,0,0.0,1500.0
Solovyeva V.,Carpet,last_year,0,0,0,0.0,1500.0
Solovyeva V.,Carpet,last_month,0,0,0,0.0,1500.0
Solovyeva V.,Clay,all,3,1,2,0.6666666666666666,1513.543464106074
Solovyeva V.,Clay,last_year,0,0,0,0.0,1500.0
Solovyeva V.,Clay,last_month,0,0,0,0.0,1500.0
Solovyeva V.,Grass,all,0,0,0,0.0,1500.0
Solovyeva V.,Grass,last_year,0,0,0,0.0,1500.0
Solovyeva V.,Grass,last_month,0,0,0,0.0,1500.0
Solovyeva V.,Greenset,all,0,0,0,0.0,1500.0
Solovyeva V.,Greenset,last_year,0,0,0,0.0,1500.0
Solovyeva V.,Greenset,last_month,0,0,0,0.0,1500.0
Stusek J.,Hard,all,0,0,0,0.0,1500.0
Stusek J.,Hard,last_year,0,0,0,0.0,1500.0
Stusek J.,Hard,last_month,0,0,0,0.0,1500.0
Stusek J.,Carpet,all,0,0,0,0.0,1500.0
Stusek J.,Carpet,last_year,0,0,0,0.0,1500.0
Stusek J.,Carpet,last_month,0,0,0,0.0,1500.0
Stusek J.,Clay,all,0,0,0,0.0,1500.0
Stusek J.,Clay,last_year,0,0,0,0.0,1500.0
Stusek J.,Clay,last_month,0,0,0,0.0,1500.0
Stusek J.,Grass,all,1,0,1,1.0,1516.847627687844
Stusek J.,Grass,last_year,0,0,0,0.0,1500.0
Stusek J.,Grass,last_month,0,0,0,0.0,1500.0
Stusek J.,Greenset,all,0,0,0,0.0,1500.0
Stusek J.,Greenset,last_year,0,0,0,0.0,1500.0
Stusek J.,Greenset,last_month,0,0,0,0.0,1500.0
Tvaroskova L.,Hard,all,0,0,0,0.0,1500.0
Tvaroskova L.,Hard,last_year,0,0,0,0.0,1500.0
Tvaroskova L.,Hard,last_month,0,0,0,0.0,1500.0
Tvaroskova L.,Carpet,all,0,0,0,0.0,1500.0
Tvaroskova L.,Carpet,last_year,0,0,0,0.0,1500.0
Tvaroskova L.,Carpet,last_month,0,0,0,0.0,1500.0
Tvaroskova L.,Clay,all,2,0,2,1.0,1530.4948307927123
Tvaroskova L.,Clay,last_year,0,0,0,0.0,1500.0
Tvaroskova L.,Clay,last_month,0,0,0,0.0,1500.0
Tvaroskova L.,Grass,all,0,0,0,0.0,1500.0
Tvaroskova L.,Grass,last_year,0,0,0,0.0,1500.0
Tvaroskova L.,Grass,last_month,0,0,0,0.0,1500.0
Tvaroskova L.,Greenset,all,0,0,0,0.0,1500.0
Tvaroskova L.,Greenset,last_year,0,0,0,0.0,1500.0
Tvaroskova L.,Greenset,last_month,0,0,0,0.0,1500.0
Scandalis Z.G.,Hard,all,1,0,1,1.0,1513.2759271402956
Scandalis Z.G.,Hard,last_year,0,0,0,0.0,1500.0
Scandalis Z.G.,Hard,last_month,0,0,0,0.0,1500.0
Scandalis Z.G.,Carpet,all,0,0,0,0.0,1500.0
Scandalis Z.G.,Carpet,last_year,0,0,0,0.0,1500.0
Scandalis Z.G.,Carpet,last_month,0,0,0,0.0,1500.0
Scandalis Z.G.,Clay,all,0,0,0,0.0,1500.0
Scandalis Z.G.,Clay,last_year,0,0,0,0.0,1500.0
Scandalis Z.G.,Clay,last_month,0,0,0,0.0,1500.0
Scandalis Z.G.,Grass,all,0,0,0,0.0,1500.0
Scandalis Z.G.,Grass,last_year,0,0,0,0.0,1500.0
Scandalis Z.G.,Grass,last_month,0,0,0,0.0,1500.0
Scandalis Z.G.,Greenset,all,0,0,0,0.0,1500.0
Scandalis Z.G.,Greenset,last_year,0,0,0,0.0,1500.0
Scandalis Z.G.,Greenset,last_month,0,0,0,0.0,1500.0
Paoletti M.,Hard,all,0,0,0,0.0,1500.0
Paoletti M.,Hard,last_year,0,0,0,0.0,1500.0
Paoletti M.,Hard,last_month,0,0,0,0.0,1500.0
Paoletti M.,Carpet,all,0,0,0,0.0,1500.0
Paoletti M.,Carpet,last_year,0,0,0,0.0,1500.0
Paoletti M.,Carpet,last_month,0,0,0,0.0,1500.0
Paoletti M.,Clay,all,4,1,3,0.75,1558.676587863174
Paoletti M.,Clay,last_year,0,0,0,0.0,1500.0
Paoletti M.,Clay,last_month,0,0,0,0.0,1500.0
Paoletti M.,Grass,all,0,0,0,0.0,1500.0
Paoletti M.,Grass,last_year,0,0,0,0.0,1500.0
Paoletti M.,Grass,last_month,0,0,0,0.0,1500.0
Paoletti M.,Greenset,all,0,0,0,0.0,1500.0
Paoletti M.,Greenset,last_year,0,0,0,0.0,1500.0
Paoletti M.,Greenset,last_month,0,0,0,0.0,1500.0
Lazaro A.,Hard,all,0,0,0,0.0,1500.0
Lazaro A.,Hard,last_year,0,0,0,0.0,1500.0
Lazaro A.,Hard,last_month,0,0,0,0.0,1500.0
Lazaro A.,Carpet,all,0,0,0,0.0,1500.0
Lazaro A.,Carpet,last_year,0,0,0,0.0,1500.0
Lazaro A.,Carpet,last_month,0,0,0,0.0,1500.0
Lazaro A.,Clay,all,1,0,1,1.0,1516.866764704252
Lazaro A.,Clay,last_year,0,0,0,0.0,1500.0
Lazaro A.,Clay,last_month,0,0,0,0.0,1500.0
Lazaro A.,Grass,all,0,0,0,0.0,1500.0
Lazaro A.,Grass,last_year,0,0,0,0.0,1500.0
Lazaro A.,Grass,last_month,0,0,0,0.0,1500.0
Lazaro A.,Greenset,all,0,0,0,0.0,1500.0
Lazaro A.,Greenset,last_year,0,0,0,0.0,1500.0
Lazaro A.,Greenset,last_month,0,0,0,0.0,1500.0
Avanesyan E.,Hard,all,51,24,27,0.5294117647058824,1625.021071414054
Avanesyan E.,Hard,last_year,33,17,16,0.48484848484848486,1626.8950353618434
Avanesyan E.,Hard,last_month,0,0,0,0.0,1500.0
Avanesyan E.,Carpet,all,0,0,0,0.0,1500.0
Avanesyan E.,Carpet,last_year,0,0,0,0.0,1500.0
Avanesyan E.,Carpet,last_month,0,0,0,0.0,1500.0
Avanesyan E.,Clay,all,36,21,15,0.4166666666666667,1459.3667322235801
Avanesyan E.,Clay,last_year,10,6,4,0.4,1468.388758536125
Avanesyan E.,Clay,last_month,0,0,0,0.0,1500.0
Avanesyan E.,Grass,all,7,3,4,0.5714285714285714,1478.1078261954315
Avanesyan E.,Grass,last_year,3,1,2,0.6666666666666666,1515.0076164067034
Avanesyan E.,Grass,last_month,1,0,1,1.0,1516.5419935112366
Avanesyan E.,Greenset,all,0,0,0,0.0,1500.0
Avanesyan E.,Greenset,last_year,0,0,0,0.0,1500.0
Avanesyan E.,Greenset,last_month,0,0,0,0.0,1500.0
Raducànu E.,Hard,all,1,0,1,1.0,1512.931871703655
Raducànu E.,Hard,last_year,0,0,0,0.0,1500.0
Raducànu E.,Hard,last_month,0,0,0,0.0,1500.0
Raducànu E.,Carpet,all,0,0,0,0.0,1500.0
Raducànu E.,Carpet,last_year,0,0,0,0.0,1500.0
Raducànu E.,Carpet,last_month,0,0,0,0.0,1500.0
Raducànu E.,Clay,all,0,0,0,0.0,1500.0
Raducànu E.,Clay,last_year,0,0,0,0.0,1500.0
Raducànu E.,Clay,last_month,0,0,0,0.0,1500.0
Raducànu E.,Grass,all,0,0,0,0.0,1500.0
Raducànu E.,Grass,last_year,0,0,0,0.0,1500.0
Raducànu E.,Grass,last_month,0,0,0,0.0,1500.0
Raducànu E.,Greenset,all,0,0,0,0.0,1500.0
Raducànu E.,Greenset,last_year,0,0,0,0.0,1500.0
Raducànu E.,Greenset,last_month,0,0,0,0.0,1500.0
Szavay A.,Hard,all,86,43,43,0.5,1548.0985227236602
Szavay A.,Hard,last_year,0,0,0,0.0,1500.0
Szavay A.,Hard,last_month,0,0,0,0.0,1500.0
Szavay A.,Carpet,all,7,4,3,0.42857142857142855,1564.00407376369
Szavay A.,Carpet,last_year,0,0,0,0.0,1500.0
Szavay A.,Carpet,last_month,0,0,0,0.0,1500.0
Szavay A.,Clay,all,75,54,21,0.28,1443.3097909797152
Szavay A.,Clay,last_year,0,0,0,0.0,1500.0
Szavay A.,Clay,last_month,0,0,0,0.0,1500.0
Szavay A.,Grass,all,10,5,5,0.5,1495.6510016428817
Szavay A.,Grass,last_year,0,0,0,0.0,1500.0
Szavay A.,Grass,last_month,0,0,0,0.0,1500.0
Szavay A.,Greenset,all,0,0,0,0.0,1500.0
Szavay A.,Greenset,last_year,0,0,0,0.0,1500.0
Szavay A.,Greenset,last_month,0,0,0,0.0,1500.0
Orlik A.,Hard,all,0,0,0,0.0,1500.0
Orlik A.,Hard,last_year,0,0,0,0.0,1500.0
Orlik A.,Hard,last_month,0,0,0,0.0,1500.0
Orlik A.,Carpet,all,0,0,0,0.0,1500.0
Orlik A.,Carpet,last_year,0,0,0,0.0,1500.0
Orlik A.,Carpet,last_month,0,0,0,0.0,1500.0
Orlik A.,Clay,all,1,0,1,1.0,1486.505122594746
Orlik A.,Clay,last_year,0,0,0,0.0,1500.0
Orlik A.,Clay,last_month,0,0,0,0.0,1500.0
Orlik A.,Grass,all,0,0,0,0.0,1500.0
Orlik A.,Grass,last_year,0,0,0,0.0,1500.0
Orlik A.,Grass,last_month,0,0,0,0.0,1500.0
Orlik A.,Greenset,all,0,0,0,0.0,1500.0
Orlik A.,Greenset,last_year,0,0,0,0.0,1500.0
Orlik A.,Greenset,last_month,0,0,0,0.0,1500.0
Camerin M.,Hard,all,0,0,0,0.0,1500.0
Camerin M.,Hard,last_year,0,0,0,0.0,1500.0
Camerin M.,Hard,last_month,0,0,0,0.0,1500.0
Camerin M.,Carpet,all,0,0,0,0.0,1500.0
Camerin M.,Carpet,last_year,0,0,0,0.0,1500.0
Camerin M.,Carpet,last_month,0,0,0,0.0,1500.0
Camerin M.,Clay,all,2,1,1,0.5,1527.119888080919
Camerin M.,Clay,last_year,0,0,0,0.0,1500.0
Camerin M.,Clay,last_month,0,0,0,0.0,1500.0
Camerin M.,Grass,all,0,0,0,0.0,1500.0
Camerin M.,Grass,last_year,0,0,0,0.0,1500.0
Camerin M.,Grass,last_month,0,0,0,0.0,1500.0
Camerin M.,Greenset,all,0,0,0,0.0,1500.0
Camerin M.,Greenset,last_year,0,0,0,0.0,1500.0
Camerin M.,Greenset,last_month,0,0,0,0.0,1500.0
Fung S.,Hard,all,1,0,1,1.0,1484.665420255709
Fung S.,Hard,last_year,0,0,0,0.0,1500.0
Fung S.,Hard,last_month,0,0,0,0.0,1500.0
Fung S.,Carpet,all,0,0,0,0.0,1500.0
Fung S.,Carpet,last_year,0,0,0,0.0,1500.0
Fung S.,Carpet,last_month,0,0,0,0.0,1500.0
Fung S.,Clay,all,0,0,0,0.0,1500.0
Fung S.,Clay,last_year,0,0,0,0.0,1500.0
Fung S.,Clay,last_month,0,0,0,0.0,1500.0
Fung S.,Grass,all,0,0,0,0.0,1500.0
Fung S.,Grass,last_year,0,0,0,0.0,1500.0
Fung S.,Grass,last_month,0,0,0,0.0,1500.0
Fung S.,Greenset,all,0,0,0,0.0,1500.0
Fung S.,Greenset,last_year,0,0,0,0.0,1500.0
Fung S.,Greenset,last_month,0,0,0,0.0,1500.0
Schuurs D.,Hard,all,1,0,1,1.0,1514.7623946700903
Schuurs D.,Hard,last_year,0,0,0,0.0,1500.0
Schuurs D.,Hard,last_month,0,0,0,0.0,1500.0
Schuurs D.,Carpet,all,0,0,0,0.0,1500.0
Schuurs D.,Carpet,last_year,0,0,0,0.0,1500.0
Schuurs D.,Carpet,last_month,0,0,0,0.0,1500.0
Schuurs D.,Clay,all,0,0,0,0.0,1500.0
Schuurs D.,Clay,last_year,0,0,0,0.0,1500.0
Schuurs D.,Clay,last_month,0,0,0,0.0,1500.0
Schuurs D.,Grass,all,0,0,0,0.0,1500.0
Schuurs D.,Grass,last_year,0,0,0,0.0,1500.0
Schuurs D.,Grass,last_month,0,0,0,0.0,1500.0
Schuurs D.,Greenset,all,0,0,0,0.0,1500.0
Schuurs D.,Greenset,last_year,0,0,0,0.0,1500.0
Schuurs D.,Greenset,last_month,0,0,0,0.0,1500.0
El Allami M.,Hard,all,0,0,0,0.0,1500.0
El Allami M.,Hard,last_year,0,0,0,0.0,1500.0
El Allami M.,Hard,last_month,0,0,0,0.0,1500.0
El Allami M.,Carpet,all,0,0,0,0.0,1500.0
El Allami M.,Carpet,last_year,0,0,0,0.0,1500.0
El Allami M.,Carpet,last_month,0,0,0,0.0,1500.0
El Allami M.,Clay,all,2,0,2,1.0,1532.303156086208
El Allami M.,Clay,last_year,0,0,0,0.0,1500.0
El Allami M.,Clay,last_month,0,0,0,0.0,1500.0
El Allami M.,Grass,all,0,0,0,0.0,1500.0
El Allami M.,Grass,last_year,0,0,0,0.0,1500.0
El Allami M.,Grass,last_month,0,0,0,0.0,1500.0
El Allami M.,Greenset,all,0,0,0,0.0,1500.0
El Allami M.,Greenset,last_year,0,0,0,0.0,1500.0
El Allami M.,Greenset,last_month,0,0,0,0.0,1500.0
Bremond I.,Hard,all,6,1,5,0.8333333333333334,1500.7447015331272
Bremond I.,Hard,last_year,0,0,0,0.0,1500.0
Bremond I.,Hard,last_month,0,0,0,0.0,1500.0
Bremond I.,Carpet,all,0,0,0,0.0,1500.0
Bremond I.,Carpet,last_year,0,0,0,0.0,1500.0
Bremond I.,Carpet,last_month,0,0,0,0.0,1500.0
Bremond I.,Clay,all,3,1,2,0.6666666666666666,1486.790151056525
Bremond I.,Clay,last_year,0,0,0,0.0,1500.0
Bremond I.,Clay,last_month,0,0,0,0.0,1500.0
Bremond I.,Grass,all,0,0,0,0.0,1500.0
Bremond I.,Grass,last_year,0,0,0,0.0,1500.0
Bremond I.,Grass,last_month,0,0,0,0.0,1500.0
Bremond I.,Greenset,all,0,0,0,0.0,1500.0
Bremond I.,Greenset,last_year,0,0,0,0.0,1500.0
Bremond I.,Greenset,last_month,0,0,0,0.0,1500.0
Perry S.,Hard,all,14,3,11,0.7857142857142857,1524.7666944781342
Perry S.,Hard,last_year,0,0,0,0.0,1500.0
Perry S.,Hard,last_month,0,0,0,0.0,1500.0
Perry S.,Carpet,all,1,0,1,1.0,1516.0
Perry S.,Carpet,last_year,0,0,0,0.0,1500.0
Perry S.,Carpet,last_month,0,0,0,0.0,1500.0
Perry S.,Clay,all,7,2,5,0.7142857142857143,1482.1082115249035
Perry S.,Clay,last_year,0,0,0,0.0,1500.0
Perry S.,Clay,last_month,0,0,0,0.0,1500.0
Perry S.,Grass,all,5,2,3,0.6,1456.5944546605497
Perry S.,Grass,last_year,0,0,0,0.0,1500.0
Perry S.,Grass,last_month,0,0,0,0.0,1500.0
Perry S.,Greenset,all,0,0,0,0.0,1500.0
Perry S.,Greenset,last_year,0,0,0,0.0,1500.0
Perry S.,Greenset,last_month,0,0,0,0.0,1500.0
Kobori M.,Hard,all,1,0,1,1.0,1486.160166292901
Kobori M.,Hard,last_year,0,0,0,0.0,1500.0
Kobori M.,Hard,last_month,0,0,0,0.0,1500.0
Kobori M.,Carpet,all,0,0,0,0.0,1500.0
Kobori M.,Carpet,last_year,0,0,0,0.0,1500.0
Kobori M.,Carpet,last_month,0,0,0,0.0,1500.0
Kobori M.,Clay,all,0,0,0,0.0,1500.0
Kobori M.,Clay,last_year,0,0,0,0.0,1500.0
Kobori M.,Clay,last_month,0,0,0,0.0,1500.0
Kobori M.,Grass,all,0,0,0,0.0,1500.0
Kobori M.,Grass,last_year,0,0,0,0.0,1500.0
Kobori M.,Grass,last_month,0,0,0,0.0,1500.0
Kobori M.,Greenset,all,0,0,0,0.0,1500.0
Kobori M.,Greenset,last_year,0,0,0,0.0,1500.0
Kobori M.,Greenset,last_month,0,0,0,0.0,1500.0
Kvitova P.,Hard,all,487,320,167,0.34291581108829566,1472.6065942922555
Kvitova P.,Hard,last_year,2,0,2,1.0,1497.2881902192796
Kvitova P.,Hard,last_month,0,0,0,0.0,1500.0
Kvitova P.,Carpet,all,3,1,2,0.6666666666666666,1516.2680703746657
Kvitova P.,Carpet,last_year,0,0,0,0.0,1500.0
Kvitova P.,Carpet,last_month,0,0,0,0.0,1500.0
Kvitova P.,Clay,all,151,98,53,0.3509933774834437,1442.3944857845786
Kvitova P.,Clay,last_year,3,1,2,0.6666666666666666,1510.7691536928671
Kvitova P.,Clay,last_month,0,0,0,0.0,1500.0
Kvitova P.,Grass,all,92,68,24,0.2608695652173913,1499.9388592657588
Kvitova P.,Grass,last_year,2,0,2,1.0,1531.8745244150696
Kvitova P.,Grass,last_month,2,0,2,1.0,1531.5073646771973
Kvitova P.,Greenset,all,0,0,0,0.0,1500.0
Kvitova P.,Greenset,last_year,0,0,0,0.0,1500.0
Kvitova P.,Greenset,last_month,0,0,0,0.0,1500.0
Carle M.,Hard,all,10,2,8,0.8,1555.8014640246122
Carle M.,Hard,last_year,9,2,7,0.7777777777777778,1540.0906930992392
Carle M.,Hard,last_month,0,0,0,0.0,1500.0
Carle M.,Carpet,all,0,0,0,0.0,1500.0
Carle M.,Carpet,last_year,0,0,0,0.0,1500.0
Carle M.,Carpet,last_month,0,0,0,0.0,1500.0
Carle M.,Clay,all,18,6,12,0.6666666666666666,1448.808871299342
Carle M.,Clay,last_year,6,2,4,0.6666666666666666,1464.0000264249938
Carle M.,Clay,last_month,0,0,0,0.0,1500.0
Carle M.,Grass,all,1,0,1,1.0,1481.0681765545169
Carle M.,Grass,last_year,1,0,1,1.0,1484.0
Carle M.,Grass,last_month,0,0,0,0.0,1500.0
Carle M.,Greenset,all,0,0,0,0.0,1500.0
Carle M.,Greenset,last_year,0,0,0,0.0,1500.0
Carle M.,Greenset,last_month,0,0,0,0.0,1500.0
Schoofs B.,Hard,all,8,2,6,0.75,1473.7992142334303
Schoofs B.,Hard,last_year,0,0,0,0.0,1500.0
Schoofs B.,Hard,last_month,0,0,0,0.0,1500.0
Schoofs B.,Carpet,all,0,0,0,0.0,1500.0
Schoofs B.,Carpet,last_year,0,0,0,0.0,1500.0
Schoofs B.,Carpet,last_month,0,0,0,0.0,1500.0
Schoofs B.,Clay,all,2,1,1,0.5,1503.0643677205526
Schoofs B.,Clay,last_year,0,0,0,0.0,1500.0
Schoofs B.,Clay,last_month,0,0,0,0.0,1500.0
Schoofs B.,Grass,all,3,1,2,0.6666666666666666,1483.5078795544832
Schoofs B.,Grass,last_year,0,0,0,0.0,1500.0
Schoofs B.,Grass,last_month,0,0,0,0.0,1500.0
Schoofs B.,Greenset,all,0,0,0,0.0,1500.0
Schoofs B.,Greenset,last_year,0,0,0,0.0,1500.0
Schoofs B.,Greenset,last_month,0,0,0,0.0,1500.0
Birnerova E.,Hard,all,24,9,15,0.625,1372.6176142711945
Birnerova E.,Hard,last_year,0,0,0,0.0,1500.0
Birnerova E.,Hard,last_month,0,0,0,0.0,1500.0
Birnerova E.,Carpet,all,0,0,0,0.0,1500.0
Birnerova E.,Carpet,last_year,0,0,0,0.0,1500.0
Birnerova E.,Carpet,last_month,0,0,0,0.0,1500.0
Birnerova E.,Clay,all,22,6,16,0.7272727272727273,1503.848073233036
Birnerova E.,Clay,last_year,0,0,0,0.0,1500.0
Birnerova E.,Clay,last_month,0,0,0,0.0,1500.0
Birnerova E.,Grass,all,5,2,3,0.6,1517.6781925677055
Birnerova E.,Grass,last_year,0,0,0,0.0,1500.0
Birnerova E.,Grass,last_month,0,0,0,0.0,1500.0
Birnerova E.,Greenset,all,0,0,0,0.0,1500.0
Birnerova E.,Greenset,last_year,0,0,0,0.0,1500.0
Birnerova E.,Greenset,last_month,0,0,0,0.0,1500.0
Sfar S.,Hard,all,4,0,4,1.0,1493.4482402808464
Sfar S.,Hard,last_year,0,0,0,0.0,1500.0
Sfar S.,Hard,last_month,0,0,0,0.0,1500.0
Sfar S.,Carpet,all,0,0,0,0.0,1500.0
Sfar S.,Carpet,last_year,0,0,0,0.0,1500.0
Sfar S.,Carpet,last_month,0,0,0,0.0,1500.0
Sfar S.,Clay,all,4,2,2,0.5,1468.6137015738182
Sfar S.,Clay,last_year,0,0,0,0.0,1500.0
Sfar S.,Clay,last_month,0,0,0,0.0,1500.0
Sfar S.,Grass,all,0,0,0,0.0,1500.0
Sfar S.,Grass,last_year,0,0,0,0.0,1500.0
Sfar S.,Grass,last_month,0,0,0,0.0,1500.0
Sfar S.,Greenset,all,0,0,0,0.0,1500.0
Sfar S.,Greenset,last_year,0,0,0,0.0,1500.0
Sfar S.,Greenset,last_month,0,0,0,0.0,1500.0
Hosogi S.,Hard,all,1,0,1,1.0,1515.5819684748656
Hosogi S.,Hard,last_year,0,0,0,0.0,1500.0
Hosogi S.,Hard,last_month,0,0,0,0.0,1500.0
Hosogi S.,Carpet,all,0,0,0,0.0,1500.0
Hosogi S.,Carpet,last_year,0,0,0,0.0,1500.0
Hosogi S.,Carpet,last_month,0,0,0,0.0,1500.0
Hosogi S.,Clay,all,0,0,0,0.0,1500.0
Hosogi S.,Clay,last_year,0,0,0,0.0,1500.0
Hosogi S.,Clay,last_month,0,0,0,0.0,1500.0
Hosogi S.,Grass,all,0,0,0,0.0,1500.0
Hosogi S.,Grass,last_year,0,0,0,0.0,1500.0
Hosogi S.,Grass,last_month,0,0,0,0.0,1500.0
Hosogi S.,Greenset,all,0,0,0,0.0,1500.0
Hosogi S.,Greenset,last_year,0,0,0,0.0,1500.0
Hosogi S.,Greenset,last_month,0,0,0,0.0,1500.0
Sirotkina M.,Hard,all,2,0,2,1.0,1503.1674446646139
Sirotkina M.,Hard,last_year,0,0,0,0.0,1500.0
Sirotkina M.,Hard,last_month,0,0,0,0.0,1500.0
Sirotkina M.,Carpet,all,0,0,0,0.0,1500.0
Sirotkina M.,Carpet,last_year,0,0,0,0.0,1500.0
Sirotkina M.,Carpet,last_month,0,0,0,0.0,1500.0
Sirotkina M.,Clay,all,0,0,0,0.0,1500.0
Sirotkina M.,Clay,last_year,0,0,0,0.0,1500.0
Sirotkina M.,Clay,last_month,0,0,0,0.0,1500.0
Sirotkina M.,Grass,all,0,0,0,0.0,1500.0
Sirotkina M.,Grass,last_year,0,0,0,0.0,1500.0
Sirotkina M.,Grass,last_month,0,0,0,0.0,1500.0
Sirotkina M.,Greenset,all,0,0,0,0.0,1500.0
Sirotkina M.,Greenset,last_year,0,0,0,0.0,1500.0
Sirotkina M.,Greenset,last_month,0,0,0,0.0,1500.0
Osaka M.,Hard,all,1,0,1,1.0,1516.7301889746288
Osaka M.,Hard,last_year,0,0,0,0.0,1500.0
Osaka M.,Hard,last_month,0,0,0,0.0,1500.0
Osaka M.,Carpet,all,0,0,0,0.0,1500.0
Osaka M.,Carpet,last_year,0,0,0,0.0,1500.0
Osaka M.,Carpet,last_month,0,0,0,0.0,1500.0
Osaka M.,Clay,all,0,0,0,0.0,1500.0
Osaka M.,Clay,last_year,0,0,0,0.0,1500.0
Osaka M.,Clay,last_month,0,0,0,0.0,1500.0
Osaka M.,Grass,all,0,0,0,0.0,1500.0
Osaka M.,Grass,last_year,0,0,0,0.0,1500.0
Osaka M.,Grass,last_month,0,0,0,0.0,1500.0
Osaka M.,Greenset,all,0,0,0,0.0,1500.0
Osaka M.,Greenset,last_year,0,0,0,0.0,1500.0
Osaka M.,Greenset,last_month,0,0,0,0.0,1500.0
Jones S.,Hard,all,8,1,7,0.875,1526.5095221659747
Jones S.,Hard,last_year,0,0,0,0.0,1500.0
Jones S.,Hard,last_month,0,0,0,0.0,1500.0
Jones S.,Carpet,all,0,0,0,0.0,1500.0
Jones S.,Carpet,last_year,0,0,0,0.0,1500.0
Jones S.,Carpet,last_month,0,0,0,0.0,1500.0
Jones S.,Clay,all,3,1,2,0.6666666666666666,1480.2070863442004
Jones S.,Clay,last_year,0,0,0,0.0,1500.0
Jones S.,Clay,last_month,0,0,0,0.0,1500.0
Jones S.,Grass,all,0,0,0,0.0,1500.0
Jones S.,Grass,last_year,0,0,0,0.0,1500.0
Jones S.,Grass,last_month,0,0,0,0.0,1500.0
Jones S.,Greenset,all,0,0,0,0.0,1500.0
Jones S.,Greenset,last_year,0,0,0,0.0,1500.0
Jones S.,Greenset,last_month,0,0,0,0.0,1500.0
Klugman H.,Hard,all,0,0,0,0.0,1500.0
Klugman H.,Hard,last_year,0,0,0,0.0,1500.0
Klugman H.,Hard,last_month,0,0,0,0.0,1500.0
Klugman H.,Carpet,all,0,0,0,0.0,1500.0
Klugman H.,Carpet,last_year,0,0,0,0.0,1500.0
Klugman H.,Carpet,last_month,0,0,0,0.0,1500.0
Klugman H.,Clay,all,0,0,0,0.0,1500.0
Klugman H.,Clay,last_year,0,0,0,0.0,1500.0
Klugman H.,Clay,last_month,0,0,0,0.0,1500.0
Klugman H.,Grass,all,2,0,2,1.0,1497.3686254787433
Klugman H.,Grass,last_year,2,0,2,1.0,1500.012443908235
Klugman H.,Grass,last_month,2,0,2,1.0,1501.1775195601358
Klugman H.,Greenset,all,0,0,0,0.0,1500.0
Klugman H.,Greenset,last_year,0,0,0,0.0,1500.0
Klugman H.,Greenset,last_month,0,0,0,0.0,1500.0
Damayanti A.F.,Hard,all,1,0,1,1.0,1483.199804647987
Damayanti A.F.,Hard,last_year,0,0,0,0.0,1500.0
Damayanti A.F.,Hard,last_month,0,0,0,0.0,1500.0
Damayanti A.F.,Carpet,all,0,0,0,0.0,1500.0
Damayanti A.F.,Carpet,last_year,0,0,0,0.0,1500.0
Damayanti A.F.,Carpet,last_month,0,0,0,0.0,1500.0
Damayanti A.F.,Clay,all,0,0,0,0.0,1500.0
Damayanti A.F.,Clay,last_year,0,0,0,0.0,1500.0
Damayanti A.F.,Clay,last_month,0,0,0,0.0,1500.0
Damayanti A.F.,Grass,all,0,0,0,0.0,1500.0
Damayanti A.F.,Grass,last_year,0,0,0,0.0,1500.0
Damayanti A.F.,Grass,last_month,0,0,0,0.0,1500.0
Damayanti A.F.,Greenset,all,0,0,0,0.0,1500.0
Damayanti A.F.,Greenset,last_year,0,0,0,0.0,1500.0
Damayanti A.F.,Greenset,last_month,0,0,0,0.0,1500.0
Gracheva V.,Hard,all,108,47,61,0.5648148148148148,1369.437356362429
Gracheva V.,Hard,last_year,19,7,12,0.631578947368421,1386.7078019219887
Gracheva V.,Hard,last_month,0,0,0,0.0,1500.0
Gracheva V.,Carpet,all,0,0,0,0.0,1500.0
Gracheva V.,Carpet,last_year,0,0,0,0.0,1500.0
Gracheva V.,Carpet,last_month,0,0,0,0.0,1500.0
Gracheva V.,Clay,all,52,19,33,0.6346153846153846,1548.3760167400924
Gracheva V.,Clay,last_year,9,3,6,0.6666666666666666,1569.665994485053
Gracheva V.,Clay,last_month,0,0,0,0.0,1500.0
Gracheva V.,Grass,all,14,6,8,0.5714285714285714,1582.740561527689
Gracheva V.,Grass,last_year,6,3,3,0.5,1555.920346518516
Gracheva V.,Grass,last_month,4,2,2,0.5,1530.780931121659
Gracheva V.,Greenset,all,0,0,0,0.0,1500.0
Gracheva V.,Greenset,last_year,0,0,0,0.0,1500.0
Gracheva V.,Greenset,last_month,0,0,0,0.0,1500.0
Fernandez L. A.,Hard,all,1,0,1,1.0,1482.439860093225
Fernandez L. A.,Hard,last_year,0,0,0,0.0,1500.0
Fernandez L. A.,Hard,last_month,0,0,0,0.0,1500.0
Fernandez L. A.,Carpet,all,0,0,0,0.0,1500.0
Fernandez L. A.,Carpet,last_year,0,0,0,0.0,1500.0
Fernandez L. A.,Carpet,last_month,0,0,0,0.0,1500.0
Fernandez L. A.,Clay,all,0,0,0,0.0,1500.0
Fernandez L. A.,Clay,last_year,0,0,0,0.0,1500.0
Fernandez L. A.,Clay,last_month,0,0,0,0.0,1500.0
Fernandez L. A.,Grass,all,0,0,0,0.0,1500.0
Fernandez L. A.,Grass,last_year,0,0,0,0.0,1500.0
Fernandez L. A.,Grass,last_month,0,0,0,0.0,1500.0
Fernandez L. A.,Greenset,all,0,0,0,0.0,1500.0
Fernandez L. A.,Greenset,last_year,0,0,0,0.0,1500.0
Fernandez L. A.,Greenset,last_month,0,0,0,0.0,1500.0
Glushko L.,Hard,all,3,1,2,0.6666666666666666,1489.993768143834
Glushko L.,Hard,last_year,3,1,2,0.6666666666666666,1487.0023716779192
Glushko L.,Hard,last_month,0,0,0,0.0,1500.0
Glushko L.,Carpet,all,0,0,0,0.0,1500.0
Glushko L.,Carpet,last_year,0,0,0,0.0,1500.0
Glushko L.,Carpet,last_month,0,0,0,0.0,1500.0
Glushko L.,Clay,all,1,0,1,1.0,1484.9014483283006
Glushko L.,Clay,last_year,0,0,0,0.0,1500.0
Glushko L.,Clay,last_month,0,0,0,0.0,1500.0
Glushko L.,Grass,all,0,0,0,0.0,1500.0
Glushko L.,Grass,last_year,0,0,0,0.0,1500.0
Glushko L.,Grass,last_month,0,0,0,0.0,1500.0
Glushko L.,Greenset,all,0,0,0,0.0,1500.0
Glushko L.,Greenset,last_year,0,0,0,0.0,1500.0
Glushko L.,Greenset,last_month,0,0,0,0.0,1500.0
Chan Y.J.,Hard,all,81,30,51,0.6296296296296297,1463.3902490689986
Chan Y.J.,Hard,last_year,0,0,0,0.0,1500.0
Chan Y.J.,Hard,last_month,0,0,0,0.0,1500.0
Chan Y.J.,Carpet,all,0,0,0,0.0,1500.0
Chan Y.J.,Carpet,last_year,0,0,0,0.0,1500.0
Chan Y.J.,Carpet,last_month,0,0,0,0.0,1500.0
Chan Y.J.,Clay,all,21,8,13,0.6190476190476191,1379.8501516537756
Chan Y.J.,Clay,last_year,0,0,0,0.0,1500.0
Chan Y.J.,Clay,last_month,0,0,0,0.0,1500.0
Chan Y.J.,Grass,all,13,3,10,0.7692307692307693,1595.558841347394
Chan Y.J.,Grass,last_year,0,0,0,0.0,1500.0
Chan Y.J.,Grass,last_month,0,0,0,0.0,1500.0
Chan Y.J.,Greenset,all,2,1,1,0.5,1466.5612260339533
Chan Y.J.,Greenset,last_year,0,0,0,0.0,1500.0
Chan Y.J.,Greenset,last_month,0,0,0,0.0,1500.0
Myskina A.,Hard,all,1,0,1,1.0,1516.0
Myskina A.,Hard,last_year,0,0,0,0.0,1500.0
Myskina A.,Hard,last_month,0,0,0,0.0,1500.0
Myskina A.,Carpet,all,0,0,0,0.0,1500.0
Myskina A.,Carpet,last_year,0,0,0,0.0,1500.0
Myskina A.,Carpet,last_month,0,0,0,0.0,1500.0
Myskina A.,Clay,all,1,0,1,1.0,1515.1178772380808
Myskina A.,Clay,last_year,0,0,0,0.0,1500.0
Myskina A.,Clay,last_month,0,0,0,0.0,1500.0
Myskina A.,Grass,all,0,0,0,0.0,1500.0
Myskina A.,Grass,last_year,0,0,0,0.0,1500.0
Myskina A.,Grass,last_month,0,0,0,0.0,1500.0
Myskina A.,Greenset,all,0,0,0,0.0,1500.0
Myskina A.,Greenset,last_year,0,0,0,0.0,1500.0
Myskina A.,Greenset,last_month,0,0,0,0.0,1500.0
Umarova K.,Hard,all,1,0,1,1.0,1481.8536632102496
Umarova K.,Hard,last_year,0,0,0,0.0,1500.0
Umarova K.,Hard,last_month,0,0,0,0.0,1500.0
Umarova K.,Carpet,all,0,0,0,0.0,1500.0
Umarova K.,Carpet,last_year,0,0,0,0.0,1500.0
Umarova K.,Carpet,last_month,0,0,0,0.0,1500.0
Umarova K.,Clay,all,0,0,0,0.0,1500.0
Umarova K.,Clay,last_year,0,0,0,0.0,1500.0
Umarova K.,Clay,last_month,0,0,0,0.0,1500.0
Umarova K.,Grass,all,0,0,0,0.0,1500.0
Umarova K.,Grass,last_year,0,0,0,0.0,1500.0
Umarova K.,Grass,last_month,0,0,0,0.0,1500.0
Umarova K.,Greenset,all,0,0,0,0.0,1500.0
Umarova K.,Greenset,last_year,0,0,0,0.0,1500.0
Umarova K.,Greenset,last_month,0,0,0,0.0,1500.0
Woerle K.,Hard,all,13,2,11,0.8461538461538461,1507.462027273296
Woerle K.,Hard,last_year,0,0,0,0.0,1500.0
Woerle K.,Hard,last_month,0,0,0,0.0,1500.0
Woerle K.,Carpet,all,0,0,0,0.0,1500.0
Woerle K.,Carpet,last_year,0,0,0,0.0,1500.0
Woerle K.,Carpet,last_month,0,0,0,0.0,1500.0
Woerle K.,Clay,all,7,0,7,1.0,1516.055240229233
Woerle K.,Clay,last_year,0,0,0,0.0,1500.0
Woerle K.,Clay,last_month,0,0,0,0.0,1500.0
Woerle K.,Grass,all,0,0,0,0.0,1500.0
Woerle K.,Grass,last_year,0,0,0,0.0,1500.0
Woerle K.,Grass,last_month,0,0,0,0.0,1500.0
Woerle K.,Greenset,all,0,0,0,0.0,1500.0
Woerle K.,Greenset,last_year,0,0,0,0.0,1500.0
Woerle K.,Greenset,last_month,0,0,0,0.0,1500.0
Boulter K.,Hard,all,76,35,41,0.5394736842105263,1449.1685955101043
Boulter K.,Hard,last_year,24,13,11,0.4583333333333333,1454.4350507760514
Boulter K.,Hard,last_month,0,0,0,0.0,1500.0
Boulter K.,Carpet,all,0,0,0,0.0,1500.0
Boulter K.,Carpet,last_year,0,0,0,0.0,1500.0
Boulter K.,Carpet,last_month,0,0,0,0.0,1500.0
Boulter K.,Clay,all,11,4,7,0.6363636363636364,1611.4951692922
Boulter K.,Clay,last_year,5,2,3,0.6,1576.1116426274625
Boulter K.,Clay,last_month,0,0,0,0.0,1500.0
Boulter K.,Grass,all,50,33,17,0.34,1495.982711299322
Boulter K.,Grass,last_year,9,5,4,0.4444444444444444,1508.1276331051945
Boulter K.,Grass,last_month,7,4,3,0.42857142857142855,1513.0752670931572
Boulter K.,Greenset,all,0,0,0,0.0,1500.0
Boulter K.,Greenset,last_year,0,0,0,0.0,1500.0
Boulter K.,Greenset,last_month,0,0,0,0.0,1500.0
Putintseva Y.,Hard,all,278,133,145,0.5215827338129496,1369.6026376737402
Putintseva Y.,Hard,last_year,29,15,14,0.4827586206896552,1375.0395602879712
Putintseva Y.,Hard,last_month,0,0,0,0.0,1500.0
Putintseva Y.,Carpet,all,0,0,0,0.0,1500.0
Putintseva Y.,Carpet,last_year,0,0,0,0.0,1500.0
Putintseva Y.,Carpet,last_month,0,0,0,0.0,1500.0
Putintseva Y.,Clay,all,142,80,62,0.43661971830985913,1534.576018545754
Putintseva Y.,Clay,last_year,8,3,5,0.625,1489.2813028716996
Putintseva Y.,Clay,last_month,0,0,0,0.0,1500.0
Putintseva Y.,Grass,all,40,17,23,0.575,1441.9810751948714
Putintseva Y.,Grass,last_year,9,4,5,0.5555555555555556,1489.0426635072572
Putintseva Y.,Grass,last_month,5,1,4,0.8,1486.0661602475716
Putintseva Y.,Greenset,all,0,0,0,0.0,1500.0
Putintseva Y.,Greenset,last_year,0,0,0,0.0,1500.0
Putintseva Y.,Greenset,last_month,0,0,0,0.0,1500.0
Szabanin N.,Hard,all,0,0,0,0.0,1500.0
Szabanin N.,Hard,last_year,0,0,0,0.0,1500.0
Szabanin N.,Hard,last_month,0,0,0,0.0,1500.0
Szabanin N.,Carpet,all,0,0,0,0.0,1500.0
Szabanin N.,Carpet,last_year,0,0,0,0.0,1500.0
Szabanin N.,Carpet,last_month,0,0,0,0.0,1500.0
Szabanin N.,Clay,all,3,0,3,1.0,1478.7051102130547
Szabanin N.,Clay,last_year,1,0,1,1.0,1484.0
Szabanin N.,Clay,last_month,0,0,0,0.0,1500.0
Szabanin N.,Grass,all,0,0,0,0.0,1500.0
Szabanin N.,Grass,last_year,0,0,0,0.0,1500.0
Szabanin N.,Grass,last_month,0,0,0,0.0,1500.0
Szabanin N.,Greenset,all,0,0,0,0.0,1500.0
Szabanin N.,Greenset,last_year,0,0,0,0.0,1500.0
Szabanin N.,Greenset,last_month,0,0,0,0.0,1500.0
Chan W.Y.,Hard,all,1,0,1,1.0,1513.720279974984
Chan W.Y.,Hard,last_year,0,0,0,0.0,1500.0
Chan W.Y.,Hard,last_month,0,0,0,0.0,1500.0
Chan W.Y.,Carpet,all,0,0,0,0.0,1500.0
Chan W.Y.,Carpet,last_year,0,0,0,0.0,1500.0
Chan W.Y.,Carpet,last_month,0,0,0,0.0,1500.0
Chan W.Y.,Clay,all,0,0,0,0.0,1500.0
Chan W.Y.,Clay,last_year,0,0,0,0.0,1500.0
Chan W.Y.,Clay,last_month,0,0,0,0.0,1500.0
Chan W.Y.,Grass,all,0,0,0,0.0,1500.0
Chan W.Y.,Grass,last_year,0,0,0,0.0,1500.0
Chan W.Y.,Grass,last_month,0,0,0,0.0,1500.0
Chan W.Y.,Greenset,all,0,0,0,0.0,1500.0
Chan W.Y.,Greenset,last_year,0,0,0,0.0,1500.0
Chan W.Y.,Greenset,last_month,0,0,0,0.0,1500.0
Ahn K.,Hard,all,26,10,16,0.6153846153846154,1531.957571951989
Ahn K.,Hard,last_year,0,0,0,0.0,1500.0
Ahn K.,Hard,last_month,0,0,0,0.0,1500.0
Ahn K.,Carpet,all,0,0,0,0.0,1500.0
Ahn K.,Carpet,last_year,0,0,0,0.0,1500.0
Ahn K.,Carpet,last_month,0,0,0,0.0,1500.0
Ahn K.,Clay,all,7,2,5,0.7142857142857143,1462.749393016741
Ahn K.,Clay,last_year,0,0,0,0.0,1500.0
Ahn K.,Clay,last_month,0,0,0,0.0,1500.0
Ahn K.,Grass,all,8,4,4,0.5,1437.4747322276257
Ahn K.,Grass,last_year,0,0,0,0.0,1500.0
Ahn K.,Grass,last_month,0,0,0,0.0,1500.0
Ahn K.,Greenset,all,0,0,0,0.0,1500.0
Ahn K.,Greenset,last_year,0,0,0,0.0,1500.0
Ahn K.,Greenset,last_month,0,0,0,0.0,1500.0
Galfi D.,Hard,all,24,9,15,0.625,1482.1876353116916
Galfi D.,Hard,last_year,2,0,2,1.0,1463.931666486314
Galfi D.,Hard,last_month,0,0,0,0.0,1500.0
Galfi D.,Carpet,all,0,0,0,0.0,1500.0
Galfi D.,Carpet,last_year,0,0,0,0.0,1500.0
Galfi D.,Carpet,last_month,0,0,0,0.0,1500.0
Galfi D.,Clay,all,14,5,9,0.6428571428571429,1491.0301863373754
Galfi D.,Clay,last_year,0,0,0,0.0,1500.0
Galfi D.,Clay,last_month,0,0,0,0.0,1500.0
Galfi D.,Grass,all,16,9,7,0.4375,1519.4377633392303
Galfi D.,Grass,last_year,5,3,2,0.4,1509.1377301511627
Galfi D.,Grass,last_month,3,2,1,0.3333333333333333,1512.303680586918
Galfi D.,Greenset,all,0,0,0,0.0,1500.0
Galfi D.,Greenset,last_year,0,0,0,0.0,1500.0
Galfi D.,Greenset,last_month,0,0,0,0.0,1500.0
Strycova B.,Hard,all,157,81,76,0.4840764331210191,1388.2567769283014
Strycova B.,Hard,last_year,0,0,0,0.0,1500.0
Strycova B.,Hard,last_month,0,0,0,0.0,1500.0
Strycova B.,Carpet,all,0,0,0,0.0,1500.0
Strycova B.,Carpet,last_year,0,0,0,0.0,1500.0
Strycova B.,Carpet,last_month,0,0,0,0.0,1500.0
Strycova B.,Clay,all,62,32,30,0.4838709677419355,1540.3149560543663
Strycova B.,Clay,last_year,0,0,0,0.0,1500.0
Strycova B.,Clay,last_month,0,0,0,0.0,1500.0
Strycova B.,Grass,all,44,28,16,0.36363636363636365,1487.164263447871
Strycova B.,Grass,last_year,0,0,0,0.0,1500.0
Strycova B.,Grass,last_month,0,0,0,0.0,1500.0
Strycova B.,Greenset,all,0,0,0,0.0,1500.0
Strycova B.,Greenset,last_year,0,0,0,0.0,1500.0
Strycova B.,Greenset,last_month,0,0,0,0.0,1500.0
Nahimana S.,Hard,all,0,0,0,0.0,1500.0
Nahimana S.,Hard,last_year,0,0,0,0.0,1500.0
Nahimana S.,Hard,last_month,0,0,0,0.0,1500.0
Nahimana S.,Carpet,all,0,0,0,0.0,1500.0
Nahimana S.,Carpet,last_year,0,0,0,0.0,1500.0
Nahimana S.,Carpet,last_month,0,0,0,0.0,1500.0
Nahimana S.,Clay,all,3,1,2,0.6666666666666666,1454.7422685833062
Nahimana S.,Clay,last_year,2,1,1,0.5,1467.9162941747577
Nahimana S.,Clay,last_month,0,0,0,0.0,1500.0
Nahimana S.,Grass,all,0,0,0,0.0,1500.0
Nahimana S.,Grass,last_year,0,0,0,0.0,1500.0
Nahimana S.,Grass,last_month,0,0,0,0.0,1500.0
Nahimana S.,Greenset,all,0,0,0,0.0,1500.0
Nahimana S.,Greenset,last_year,0,0,0,0.0,1500.0
Nahimana S.,Greenset,last_month,0,0,0,0.0,1500.0
Shoshyna A.,Hard,all,0,0,0,0.0,1500.0
Shoshyna A.,Hard,last_year,0,0,0,0.0,1500.0
Shoshyna A.,Hard,last_month,0,0,0,0.0,1500.0
Shoshyna A.,Carpet,all,0,0,0,0.0,1500.0
Shoshyna A.,Carpet,last_year,0,0,0,0.0,1500.0
Shoshyna A.,Carpet,last_month,0,0,0,0.0,1500.0
Shoshyna A.,Clay,all,1,0,1,1.0,1485.2939412992916
Shoshyna A.,Clay,last_year,0,0,0,0.0,1500.0
Shoshyna A.,Clay,last_month,0,0,0,0.0,1500.0
Shoshyna A.,Grass,all,0,0,0,0.0,1500.0
Shoshyna A.,Grass,last_year,0,0,0,0.0,1500.0
Shoshyna A.,Grass,last_month,0,0,0,0.0,1500.0
Shoshyna A.,Greenset,all,0,0,0,0.0,1500.0
Shoshyna A.,Greenset,last_year,0,0,0,0.0,1500.0
Shoshyna A.,Greenset,last_month,0,0,0,0.0,1500.0
Siskova A.,Hard,all,0,0,0,0.0,1500.0
Siskova A.,Hard,last_year,0,0,0,0.0,1500.0
Siskova A.,Hard,last_month,0,0,0,0.0,1500.0
Siskova A.,Carpet,all,0,0,0,0.0,1500.0
Siskova A.,Carpet,last_year,0,0,0,0.0,1500.0
Siskova A.,Carpet,last_month,0,0,0,0.0,1500.0
Siskova A.,Clay,all,2,1,1,0.5,1530.1526349098542
Siskova A.,Clay,last_year,0,0,0,0.0,1500.0
Siskova A.,Clay,last_month,0,0,0,0.0,1500.0
Siskova A.,Grass,all,0,0,0,0.0,1500.0
Siskova A.,Grass,last_year,0,0,0,0.0,1500.0
Siskova A.,Grass,last_month,0,0,0,0.0,1500.0
Siskova A.,Greenset,all,0,0,0,0.0,1500.0
Siskova A.,Greenset,last_year,0,0,0,0.0,1500.0
Siskova A.,Greenset,last_month,0,0,0,0.0,1500.0
Benoit M.,Hard,all,0,0,0,0.0,1500.0
Benoit M.,Hard,last_year,0,0,0,0.0,1500.0
Benoit M.,Hard,last_month,0,0,0,0.0,1500.0
Benoit M.,Carpet,all,0,0,0,0.0,1500.0
Benoit M.,Carpet,last_year,0,0,0,0.0,1500.0
Benoit M.,Carpet,last_month,0,0,0,0.0,1500.0
Benoit M.,Clay,all,2,0,2,1.0,1503.2845558297702
Benoit M.,Clay,last_year,1,0,1,1.0,1482.5641271217237
Benoit M.,Clay,last_month,0,0,0,0.0,1500.0
Benoit M.,Grass,all,0,0,0,0.0,1500.0
Benoit M.,Grass,last_year,0,0,0,0.0,1500.0
Benoit M.,Grass,last_month,0,0,0,0.0,1500.0
Benoit M.,Greenset,all,0,0,0,0.0,1500.0
Benoit M.,Greenset,last_year,0,0,0,0.0,1500.0
Benoit M.,Greenset,last_month,0,0,0,0.0,1500.0
Chang K.C.,Hard,all,73,28,45,0.6164383561643836,1426.6829414076212
Chang K.C.,Hard,last_year,0,0,0,0.0,1500.0
Chang K.C.,Hard,last_month,0,0,0,0.0,1500.0
Chang K.C.,Carpet,all,0,0,0,0.0,1500.0
Chang K.C.,Carpet,last_year,0,0,0,0.0,1500.0
Chang K.C.,Carpet,last_month,0,0,0,0.0,1500.0
Chang K.C.,Clay,all,8,1,7,0.875,1554.8258729555291
Chang K.C.,Clay,last_year,0,0,0,0.0,1500.0
Chang K.C.,Clay,last_month,0,0,0,0.0,1500.0
Chang K.C.,Grass,all,8,1,7,0.875,1557.9344826993367
Chang K.C.,Grass,last_year,0,0,0,0.0,1500.0
Chang K.C.,Grass,last_month,0,0,0,0.0,1500.0
Chang K.C.,Greenset,all,0,0,0,0.0,1500.0
Chang K.C.,Greenset,last_year,0,0,0,0.0,1500.0
Chang K.C.,Greenset,last_month,0,0,0,0.0,1500.0
Smashnova-Pistolesi A.,Hard,all,0,0,0,0.0,1500.0
Smashnova-Pistolesi A.,Hard,last_year,0,0,0,0.0,1500.0
Smashnova-Pistolesi A.,Hard,last_month,0,0,0,0.0,1500.0
Smashnova-Pistolesi A.,Carpet,all,0,0,0,0.0,1500.0
Smashnova-Pistolesi A.,Carpet,last_year,0,0,0,0.0,1500.0
Smashnova-Pistolesi A.,Carpet,last_month,0,0,0,0.0,1500.0
Smashnova-Pistolesi A.,Clay,all,1,0,1,1.0,1516.377230192943
Smashnova-Pistolesi A.,Clay,last_year,0,0,0,0.0,1500.0
Smashnova-Pistolesi A.,Clay,last_month,0,0,0,0.0,1500.0
Smashnova-Pistolesi A.,Grass,all,1,0,1,1.0,1484.0
Smashnova-Pistolesi A.,Grass,last_year,0,0,0,0.0,1500.0
Smashnova-Pistolesi A.,Grass,last_month,0,0,0,0.0,1500.0
Smashnova-Pistolesi A.,Greenset,all,0,0,0,0.0,1500.0
Smashnova-Pistolesi A.,Greenset,last_year,0,0,0,0.0,1500.0
Smashnova-Pistolesi A.,Greenset,last_month,0,0,0,0.0,1500.0
Stollar F.,Hard,all,11,4,7,0.6363636363636364,1426.8529111887974
Stollar F.,Hard,last_year,0,0,0,0.0,1500.0
Stollar F.,Hard,last_month,0,0,0,0.0,1500.0
Stollar F.,Carpet,all,0,0,0,0.0,1500.0
Stollar F.,Carpet,last_year,0,0,0,0.0,1500.0
Stollar F.,Carpet,last_month,0,0,0,0.0,1500.0
Stollar F.,Clay,all,16,9,7,0.4375,1471.286096287335
Stollar F.,Clay,last_year,1,0,1,1.0,1516.0
Stollar F.,Clay,last_month,0,0,0,0.0,1500.0
Stollar F.,Grass,all,2,1,1,0.5,1499.3942021282805
Stollar F.,Grass,last_year,0,0,0,0.0,1500.0
Stollar F.,Grass,last_month,0,0,0,0.0,1500.0
Stollar F.,Greenset,all,0,0,0,0.0,1500.0
Stollar F.,Greenset,last_year,0,0,0,0.0,1500.0
Stollar F.,Greenset,last_month,0,0,0,0.0,1500.0
Tang H.C.,Hard,all,1,0,1,1.0,1515.968022371747
Tang H.C.,Hard,last_year,0,0,0,0.0,1500.0
Tang H.C.,Hard,last_month,0,0,0,0.0,1500.0
Tang H.C.,Carpet,all,0,0,0,0.0,1500.0
Tang H.C.,Carpet,last_year,0,0,0,0.0,1500.0
Tang H.C.,Carpet,last_month,0,0,0,0.0,1500.0
Tang H.C.,Clay,all,0,0,0,0.0,1500.0
Tang H.C.,Clay,last_year,0,0,0,0.0,1500.0
Tang H.C.,Clay,last_month,0,0,0,0.0,1500.0
Tang H.C.,Grass,all,0,0,0,0.0,1500.0
Tang H.C.,Grass,last_year,0,0,0,0.0,1500.0
Tang H.C.,Grass,last_month,0,0,0,0.0,1500.0
Tang H.C.,Greenset,all,0,0,0,0.0,1500.0
Tang H.C.,Greenset,last_year,0,0,0,0.0,1500.0
Tang H.C.,Greenset,last_month,0,0,0,0.0,1500.0
Brazhnikova A.,Hard,all,0,0,0,0.0,1500.0
Brazhnikova A.,Hard,last_year,0,0,0,0.0,1500.0
Brazhnikova A.,Hard,last_month,0,0,0,0.0,1500.0
Brazhnikova A.,Carpet,all,0,0,0,0.0,1500.0
Brazhnikova A.,Carpet,last_year,0,0,0,0.0,1500.0
Brazhnikova A.,Carpet,last_month,0,0,0,0.0,1500.0
Brazhnikova A.,Clay,all,2,0,2,1.0,1532.5029662397935
Brazhnikova A.,Clay,last_year,0,0,0,0.0,1500.0
Brazhnikova A.,Clay,last_month,0,0,0,0.0,1500.0
Brazhnikova A.,Grass,all,0,0,0,0.0,1500.0
Brazhnikova A.,Grass,last_year,0,0,0,0.0,1500.0
Brazhnikova A.,Grass,last_month,0,0,0,0.0,1500.0
Brazhnikova A.,Greenset,all,0,0,0,0.0,1500.0
Brazhnikova A.,Greenset,last_year,0,0,0,0.0,1500.0
Brazhnikova A.,Greenset,last_month,0,0,0,0.0,1500.0
Granville L.,Hard,all,22,8,14,0.6363636363636364,1494.8070396710136
Granville L.,Hard,last_year,0,0,0,0.0,1500.0
Granville L.,Hard,last_month,0,0,0,0.0,1500.0
Granville L.,Carpet,all,0,0,0,0.0,1500.0
Granville L.,Carpet,last_year,0,0,0,0.0,1500.0
Granville L.,Carpet,last_month,0,0,0,0.0,1500.0
Granville L.,Clay,all,4,0,4,1.0,1469.6748388162102
Granville L.,Clay,last_year,0,0,0,0.0,1500.0
Granville L.,Clay,last_month,0,0,0,0.0,1500.0
Granville L.,Grass,all,5,3,2,0.4,1481.7655999997373
Granville L.,Grass,last_year,0,0,0,0.0,1500.0
Granville L.,Grass,last_month,0,0,0,0.0,1500.0
Granville L.,Greenset,all,0,0,0,0.0,1500.0
Granville L.,Greenset,last_year,0,0,0,0.0,1500.0
Granville L.,Greenset,last_month,0,0,0,0.0,1500.0
Dentoni C.,Hard,all,4,0,4,1.0,1566.5051587743271
Dentoni C.,Hard,last_year,0,0,0,0.0,1500.0
Dentoni C.,Hard,last_month,0,0,0,0.0,1500.0
Dentoni C.,Carpet,all,0,0,0,0.0,1500.0
Dentoni C.,Carpet,last_year,0,0,0,0.0,1500.0
Dentoni C.,Carpet,last_month,0,0,0,0.0,1500.0
Dentoni C.,Clay,all,19,5,14,0.7368421052631579,1499.494490497762
Dentoni C.,Clay,last_year,0,0,0,0.0,1500.0
Dentoni C.,Clay,last_month,0,0,0,0.0,1500.0
Dentoni C.,Grass,all,0,0,0,0.0,1500.0
Dentoni C.,Grass,last_year,0,0,0,0.0,1500.0
Dentoni C.,Grass,last_month,0,0,0,0.0,1500.0
Dentoni C.,Greenset,all,0,0,0,0.0,1500.0
Dentoni C.,Greenset,last_year,0,0,0,0.0,1500.0
Dentoni C.,Greenset,last_month,0,0,0,0.0,1500.0
Boisson L.,Hard,all,0,0,0,0.0,1500.0
Boisson L.,Hard,last_year,0,0,0,0.0,1500.0
Boisson L.,Hard,last_month,0,0,0,0.0,1500.0
Boisson L.,Carpet,all,0,0,0,0.0,1500.0
Boisson L.,Carpet,last_year,0,0,0,0.0,1500.0
Boisson L.,Carpet,last_month,0,0,0,0.0,1500.0
Boisson L.,Clay,all,8,6,2,0.25,1531.6201927990992
Boisson L.,Clay,last_year,8,6,2,0.25,1528.0566255148597
Boisson L.,Clay,last_month,3,2,1,0.3333333333333333,1516.0
Boisson L.,Grass,all,0,0,0,0.0,1500.0
Boisson L.,Grass,last_year,0,0,0,0.0,1500.0
Boisson L.,Grass,last_month,0,0,0,0.0,1500.0
Boisson L.,Greenset,all,0,0,0,0.0,1500.0
Boisson L.,Greenset,last_year,0,0,0,0.0,1500.0
Boisson L.,Greenset,last_month,0,0,0,0.0,1500.0
Collins D.,Hard,all,173,107,66,0.3815028901734104,1582.7719792196406
Collins D.,Hard,last_year,12,5,7,0.5833333333333334,1607.0787948993923
Collins D.,Hard,last_month,0,0,0,0.0,1500.0
Collins D.,Carpet,all,0,0,0,0.0,1500.0
Collins D.,Carpet,last_year,0,0,0,0.0,1500.0
Collins D.,Carpet,last_month,0,0,0,0.0,1500.0
Collins D.,Clay,all,73,46,27,0.3698630136986301,1530.0831549425825
Collins D.,Clay,last_year,11,7,4,0.36363636363636365,1536.221297949025
Collins D.,Clay,last_month,0,0,0,0.0,1500.0
Collins D.,Grass,all,17,9,8,0.47058823529411764,1542.840147541702
Collins D.,Grass,last_year,8,5,3,0.375,1527.4898771563362
Collins D.,Grass,last_month,4,2,2,0.5,1500.056754674013
Collins D.,Greenset,all,0,0,0,0.0,1500.0
Collins D.,Greenset,last_year,0,0,0,0.0,1500.0
Collins D.,Greenset,last_month,0,0,0,0.0,1500.0
Piedade F.,Hard,all,0,0,0,0.0,1500.0
Piedade F.,Hard,last_year,0,0,0,0.0,1500.0
Piedade F.,Hard,last_month,0,0,0,0.0,1500.0
Piedade F.,Carpet,all,0,0,0,0.0,1500.0
Piedade F.,Carpet,last_year,0,0,0,0.0,1500.0
Piedade F.,Carpet,last_month,0,0,0,0.0,1500.0
Piedade F.,Clay,all,3,0,3,1.0,1546.745193558071
Piedade F.,Clay,last_year,0,0,0,0.0,1500.0
Piedade F.,Clay,last_month,0,0,0,0.0,1500.0
Piedade F.,Grass,all,0,0,0,0.0,1500.0
Piedade F.,Grass,last_year,0,0,0,0.0,1500.0
Piedade F.,Grass,last_month,0,0,0,0.0,1500.0
Piedade F.,Greenset,all,0,0,0,0.0,1500.0
Piedade F.,Greenset,last_year,0,0,0,0.0,1500.0
Piedade F.,Greenset,last_month,0,0,0,0.0,1500.0
Lapko V.,Hard,all,28,12,16,0.5714285714285714,1424.7446091136003
Lapko V.,Hard,last_year,0,0,0,0.0,1500.0
Lapko V.,Hard,last_month,0,0,0,0.0,1500.0
Lapko V.,Carpet,all,0,0,0,0.0,1500.0
Lapko V.,Carpet,last_year,0,0,0,0.0,1500.0
Lapko V.,Carpet,last_month,0,0,0,0.0,1500.0
Lapko V.,Clay,all,10,5,5,0.5,1472.1237876335222
Lapko V.,Clay,last_year,0,0,0,0.0,1500.0
Lapko V.,Clay,last_month,0,0,0,0.0,1500.0
Lapko V.,Grass,all,6,2,4,0.6666666666666666,1469.571143840876
Lapko V.,Grass,last_year,0,0,0,0.0,1500.0
Lapko V.,Grass,last_month,0,0,0,0.0,1500.0
Lapko V.,Greenset,all,0,0,0,0.0,1500.0
Lapko V.,Greenset,last_year,0,0,0,0.0,1500.0
Lapko V.,Greenset,last_month,0,0,0,0.0,1500.0
Lister C.,Hard,all,0,0,0,0.0,1500.0
Lister C.,Hard,last_year,0,0,0,0.0,1500.0
Lister C.,Hard,last_month,0,0,0,0.0,1500.0
Lister C.,Carpet,all,0,0,0,0.0,1500.0
Lister C.,Carpet,last_year,0,0,0,0.0,1500.0
Lister C.,Carpet,last_month,0,0,0,0.0,1500.0
Lister C.,Clay,all,2,0,2,1.0,1531.8465879061089
Lister C.,Clay,last_year,0,0,0,0.0,1500.0
Lister C.,Clay,last_month,0,0,0,0.0,1500.0
Lister C.,Grass,all,1,0,1,1.0,1482.4362752688205
Lister C.,Grass,last_year,0,0,0,0.0,1500.0
Lister C.,Grass,last_month,0,0,0,0.0,1500.0
Lister C.,Greenset,all,0,0,0,0.0,1500.0
Lister C.,Greenset,last_year,0,0,0,0.0,1500.0
Lister C.,Greenset,last_month,0,0,0,0.0,1500.0
Ruse E-G.,Hard,all,0,0,0,0.0,1500.0
Ruse E-G.,Hard,last_year,0,0,0,0.0,1500.0
Ruse E-G.,Hard,last_month,0,0,0,0.0,1500.0
Ruse E-G.,Carpet,all,0,0,0,0.0,1500.0
Ruse E-G.,Carpet,last_year,0,0,0,0.0,1500.0
Ruse E-G.,Carpet,last_month,0,0,0,0.0,1500.0
Ruse E-G.,Clay,all,1,0,1,1.0,1485.834765288724
Ruse E-G.,Clay,last_year,0,0,0,0.0,1500.0
Ruse E-G.,Clay,last_month,0,0,0,0.0,1500.0
Ruse E-G.,Grass,all,0,0,0,0.0,1500.0
Ruse E-G.,Grass,last_year,0,0,0,0.0,1500.0
Ruse E-G.,Grass,last_month,0,0,0,0.0,1500.0
Ruse E-G.,Greenset,all,0,0,0,0.0,1500.0
Ruse E-G.,Greenset,last_year,0,0,0,0.0,1500.0
Ruse E-G.,Greenset,last_month,0,0,0,0.0,1500.0
Aiava D.,Hard,all,16,4,12,0.75,1548.183497613303
Aiava D.,Hard,last_year,3,1,2,0.6666666666666666,1515.0215506625502
Aiava D.,Hard,last_month,0,0,0,0.0,1500.0
Aiava D.,Carpet,all,0,0,0,0.0,1500.0
Aiava D.,Carpet,last_year,0,0,0,0.0,1500.0
Aiava D.,Carpet,last_month,0,0,0,0.0,1500.0
Aiava D.,Clay,all,2,0,2,1.0,1505.2684736272847
Aiava D.,Clay,last_year,1,0,1,1.0,1516.5415405780386
Aiava D.,Clay,last_month,0,0,0,0.0,1500.0
Aiava D.,Grass,all,2,1,1,0.5,1499.9033876674903
Aiava D.,Grass,last_year,0,0,0,0.0,1500.0
Aiava D.,Grass,last_month,0,0,0,0.0,1500.0
Aiava D.,Greenset,all,0,0,0,0.0,1500.0
Aiava D.,Greenset,last_year,0,0,0,0.0,1500.0
Aiava D.,Greenset,last_month,0,0,0,0.0,1500.0
Golds S.,Hard,all,1,0,1,1.0,1516.0
Golds S.,Hard,last_year,0,0,0,0.0,1500.0
Golds S.,Hard,last_month,0,0,0,0.0,1500.0
Golds S.,Carpet,all,0,0,0,0.0,1500.0
Golds S.,Carpet,last_year,0,0,0,0.0,1500.0
Golds S.,Carpet,last_month,0,0,0,0.0,1500.0
Golds S.,Clay,all,0,0,0,0.0,1500.0
Golds S.,Clay,last_year,0,0,0,0.0,1500.0
Golds S.,Clay,last_month,0,0,0,0.0,1500.0
Golds S.,Grass,all,0,0,0,0.0,1500.0
Golds S.,Grass,last_year,0,0,0,0.0,1500.0
Golds S.,Grass,last_month,0,0,0,0.0,1500.0
Golds S.,Greenset,all,0,0,0,0.0,1500.0
Golds S.,Greenset,last_year,0,0,0,0.0,1500.0
Golds S.,Greenset,last_month,0,0,0,0.0,1500.0
Errani S.,Hard,all,326,176,150,0.4601226993865031,1439.7591133481744
Errani S.,Hard,last_year,4,2,2,0.5,1443.0352024061792
Errani S.,Hard,last_month,0,0,0,0.0,1500.0
Errani S.,Carpet,all,3,1,2,0.6666666666666666,1483.987081097023
Errani S.,Carpet,last_year,0,0,0,0.0,1500.0
Errani S.,Carpet,last_month,0,0,0,0.0,1500.0
Errani S.,Clay,all,284,174,110,0.3873239436619718,1478.1915572123628
Errani S.,Clay,last_year,3,0,3,1.0,1453.5910162844448
Errani S.,Clay,last_month,0,0,0,0.0,1500.0
Errani S.,Grass,all,40,15,25,0.625,1569.822735291146
Errani S.,Grass,last_year,1,0,1,1.0,1516.0
Errani S.,Grass,last_month,0,0,0,0.0,1500.0
Errani S.,Greenset,all,1,0,1,1.0,1516.0
Errani S.,Greenset,last_year,0,0,0,0.0,1500.0
Errani S.,Greenset,last_month,0,0,0,0.0,1500.0
Kapros A.,Hard,all,1,0,1,1.0,1482.4403606468588
Kapros A.,Hard,last_year,0,0,0,0.0,1500.0
Kapros A.,Hard,last_month,0,0,0,0.0,1500.0
Kapros A.,Carpet,all,0,0,0,0.0,1500.0
Kapros A.,Carpet,last_year,0,0,0,0.0,1500.0
Kapros A.,Carpet,last_month,0,0,0,0.0,1500.0
Kapros A.,Clay,all,0,0,0,0.0,1500.0
Kapros A.,Clay,last_year,0,0,0,0.0,1500.0
Kapros A.,Clay,last_month,0,0,0,0.0,1500.0
Kapros A.,Grass,all,0,0,0,0.0,1500.0
Kapros A.,Grass,last_year,0,0,0,0.0,1500.0
Kapros A.,Grass,last_month,0,0,0,0.0,1500.0
Kapros A.,Greenset,all,0,0,0,0.0,1500.0
Kapros A.,Greenset,last_year,0,0,0,0.0,1500.0
Kapros A.,Greenset,last_month,0,0,0,0.0,1500.0
Remondina A.,Hard,all,0,0,0,0.0,1500.0
Remondina A.,Hard,last_year,0,0,0,0.0,1500.0
Remondina A.,Hard,last_month,0,0,0,0.0,1500.0
Remondina A.,Carpet,all,0,0,0,0.0,1500.0
Remondina A.,Carpet,last_year,0,0,0,0.0,1500.0
Remondina A.,Carpet,last_month,0,0,0,0.0,1500.0
Remondina A.,Clay,all,1,0,1,1.0,1483.254679878443
Remondina A.,Clay,last_year,0,0,0,0.0,1500.0
Remondina A.,Clay,last_month,0,0,0,0.0,1500.0
Remondina A.,Grass,all,0,0,0,0.0,1500.0
Remondina A.,Grass,last_year,0,0,0,0.0,1500.0
Remondina A.,Grass,last_month,0,0,0,0.0,1500.0
Remondina A.,Greenset,all,0,0,0,0.0,1500.0
Remondina A.,Greenset,last_year,0,0,0,0.0,1500.0
Remondina A.,Greenset,last_month,0,0,0,0.0,1500.0
Hobgarski K.,Hard,all,0,0,0,0.0,1500.0
Hobgarski K.,Hard,last_year,0,0,0,0.0,1500.0
Hobgarski K.,Hard,last_month,0,0,0,0.0,1500.0
Hobgarski K.,Carpet,all,0,0,0,0.0,1500.0
Hobgarski K.,Carpet,last_year,0,0,0,0.0,1500.0
Hobgarski K.,Carpet,last_month,0,0,0,0.0,1500.0
Hobgarski K.,Clay,all,3,0,3,1.0,1486.5071047750398
Hobgarski K.,Clay,last_year,0,0,0,0.0,1500.0
Hobgarski K.,Clay,last_month,0,0,0,0.0,1500.0
Hobgarski K.,Grass,all,0,0,0,0.0,1500.0
Hobgarski K.,Grass,last_year,0,0,0,0.0,1500.0
Hobgarski K.,Grass,last_month,0,0,0,0.0,1500.0
Hobgarski K.,Greenset,all,0,0,0,0.0,1500.0
Hobgarski K.,Greenset,last_year,0,0,0,0.0,1500.0
Hobgarski K.,Greenset,last_month,0,0,0,0.0,1500.0
Nakamura A.,Hard,all,42,11,31,0.7380952380952381,1503.6180164702355
Nakamura A.,Hard,last_year,0,0,0,0.0,1500.0
Nakamura A.,Hard,last_month,0,0,0,0.0,1500.0
Nakamura A.,Carpet,all,1,0,1,1.0,1484.0
Nakamura A.,Carpet,last_year,0,0,0,0.0,1500.0
Nakamura A.,Carpet,last_month,0,0,0,0.0,1500.0
Nakamura A.,Clay,all,6,1,5,0.8333333333333334,1551.9732557363066
Nakamura A.,Clay,last_year,0,0,0,0.0,1500.0
Nakamura A.,Clay,last_month,0,0,0,0.0,1500.0
Nakamura A.,Grass,all,9,4,5,0.5555555555555556,1485.929343374975
Nakamura A.,Grass,last_year,0,0,0,0.0,1500.0
Nakamura A.,Grass,last_month,0,0,0,0.0,1500.0
Nakamura A.,Greenset,all,0,0,0,0.0,1500.0
Nakamura A.,Greenset,last_year,0,0,0,0.0,1500.0
Nakamura A.,Greenset,last_month,0,0,0,0.0,1500.0
Luangnam N.,Hard,all,11,2,9,0.8181818181818182,1509.3024643700141
Luangnam N.,Hard,last_year,0,0,0,0.0,1500.0
Luangnam N.,Hard,last_month,0,0,0,0.0,1500.0
Luangnam N.,Carpet,all,0,0,0,0.0,1500.0
Luangnam N.,Carpet,last_year,0,0,0,0.0,1500.0
Luangnam N.,Carpet,last_month,0,0,0,0.0,1500.0
Luangnam N.,Clay,all,0,0,0,0.0,1500.0
Luangnam N.,Clay,last_year,0,0,0,0.0,1500.0
Luangnam N.,Clay,last_month,0,0,0,0.0,1500.0
Luangnam N.,Grass,all,0,0,0,0.0,1500.0
Luangnam N.,Grass,last_year,0,0,0,0.0,1500.0
Luangnam N.,Grass,last_month,0,0,0,0.0,1500.0
Luangnam N.,Greenset,all,0,0,0,0.0,1500.0
Luangnam N.,Greenset,last_year,0,0,0,0.0,1500.0
Luangnam N.,Greenset,last_month,0,0,0,0.0,1500.0
Branstine C.,Hard,all,0,0,0,0.0,1500.0
Branstine C.,Hard,last_year,0,0,0,0.0,1500.0
Branstine C.,Hard,last_month,0,0,0,0.0,1500.0
Branstine C.,Carpet,all,0,0,0,0.0,1500.0
Branstine C.,Carpet,last_year,0,0,0,0.0,1500.0
Branstine C.,Carpet,last_month,0,0,0,0.0,1500.0
Branstine C.,Clay,all,0,0,0,0.0,1500.0
Branstine C.,Clay,last_year,0,0,0,0.0,1500.0
Branstine C.,Clay,last_month,0,0,0,0.0,1500.0
Branstine C.,Grass,all,3,1,2,0.6666666666666666,1482.0814884766446
Branstine C.,Grass,last_year,3,1,2,0.6666666666666666,1483.338088910681
Branstine C.,Grass,last_month,3,1,2,0.6666666666666666,1483.3500191760113
Branstine C.,Greenset,all,0,0,0,0.0,1500.0
Branstine C.,Greenset,last_year,0,0,0,0.0,1500.0
Branstine C.,Greenset,last_month,0,0,0,0.0,1500.0
Wang X.,Hard,all,7,2,5,0.7142857142857143,1474.4484306180213
Wang X.,Hard,last_year,0,0,0,0.0,1500.0
Wang X.,Hard,last_month,0,0,0,0.0,1500.0
Wang X.,Carpet,all,0,0,0,0.0,1500.0
Wang X.,Carpet,last_year,0,0,0,0.0,1500.0
Wang X.,Carpet,last_month,0,0,0,0.0,1500.0
Wang X.,Clay,all,0,0,0,0.0,1500.0
Wang X.,Clay,last_year,0,0,0,0.0,1500.0
Wang X.,Clay,last_month,0,0,0,0.0,1500.0
Wang X.,Grass,all,0,0,0,0.0,1500.0
Wang X.,Grass,last_year,0,0,0,0.0,1500.0
Wang X.,Grass,last_month,0,0,0,0.0,1500.0
Wang X.,Greenset,all,0,0,0,0.0,1500.0
Wang X.,Greenset,last_year,0,0,0,0.0,1500.0
Wang X.,Greenset,last_month,0,0,0,0.0,1500.0
Fitzpatrick A.,Hard,all,0,0,0,0.0,1500.0
Fitzpatrick A.,Hard,last_year,0,0,0,0.0,1500.0
Fitzpatrick A.,Hard,last_month,0,0,0,0.0,1500.0
Fitzpatrick A.,Carpet,all,0,0,0,0.0,1500.0
Fitzpatrick A.,Carpet,last_year,0,0,0,0.0,1500.0
Fitzpatrick A.,Carpet,last_month,0,0,0,0.0,1500.0
Fitzpatrick A.,Clay,all,0,0,0,0.0,1500.0
Fitzpatrick A.,Clay,last_year,0,0,0,0.0,1500.0
Fitzpatrick A.,Clay,last_month,0,0,0,0.0,1500.0
Fitzpatrick A.,Grass,all,1,0,1,1.0,1483.4498390016424
Fitzpatrick A.,Grass,last_year,0,0,0,0.0,1500.0
Fitzpatrick A.,Grass,last_month,0,0,0,0.0,1500.0
Fitzpatrick A.,Greenset,all,0,0,0,0.0,1500.0
Fitzpatrick A.,Greenset,last_year,0,0,0,0.0,1500.0
Fitzpatrick A.,Greenset,last_month,0,0,0,0.0,1500.0
Holland I.,Hard,all,4,0,4,1.0,1528.322912913973
Holland I.,Hard,last_year,0,0,0,0.0,1500.0
Holland I.,Hard,last_month,0,0,0,0.0,1500.0
Holland I.,Carpet,all,0,0,0,0.0,1500.0
Holland I.,Carpet,last_year,0,0,0,0.0,1500.0
Holland I.,Carpet,last_month,0,0,0,0.0,1500.0
Holland I.,Clay,all,0,0,0,0.0,1500.0
Holland I.,Clay,last_year,0,0,0,0.0,1500.0
Holland I.,Clay,last_month,0,0,0,0.0,1500.0
Holland I.,Grass,all,0,0,0,0.0,1500.0
Holland I.,Grass,last_year,0,0,0,0.0,1500.0
Holland I.,Grass,last_month,0,0,0,0.0,1500.0
Holland I.,Greenset,all,0,0,0,0.0,1500.0
Holland I.,Greenset,last_year,0,0,0,0.0,1500.0
Holland I.,Greenset,last_month,0,0,0,0.0,1500.0
Falkner Z.,Hard,all,1,0,1,1.0,1516.0623374283155
Falkner Z.,Hard,last_year,0,0,0,0.0,1500.0
Falkner Z.,Hard,last_month,0,0,0,0.0,1500.0
Falkner Z.,Carpet,all,0,0,0,0.0,1500.0
Falkner Z.,Carpet,last_year,0,0,0,0.0,1500.0
Falkner Z.,Carpet,last_month,0,0,0,0.0,1500.0
Falkner Z.,Clay,all,0,0,0,0.0,1500.0
Falkner Z.,Clay,last_year,0,0,0,0.0,1500.0
Falkner Z.,Clay,last_month,0,0,0,0.0,1500.0
Falkner Z.,Grass,all,0,0,0,0.0,1500.0
Falkner Z.,Grass,last_year,0,0,0,0.0,1500.0
Falkner Z.,Grass,last_month,0,0,0,0.0,1500.0
Falkner Z.,Greenset,all,0,0,0,0.0,1500.0
Falkner Z.,Greenset,last_year,0,0,0,0.0,1500.0
Falkner Z.,Greenset,last_month,0,0,0,0.0,1500.0
Kuwata H.,Hard,all,8,1,7,0.875,1546.5477895690406
Kuwata H.,Hard,last_year,0,0,0,0.0,1500.0
Kuwata H.,Hard,last_month,0,0,0,0.0,1500.0
Kuwata H.,Carpet,all,0,0,0,0.0,1500.0
Kuwata H.,Carpet,last_year,0,0,0,0.0,1500.0
Kuwata H.,Carpet,last_month,0,0,0,0.0,1500.0
Kuwata H.,Clay,all,1,0,1,1.0,1516.8876185848374
Kuwata H.,Clay,last_year,0,0,0,0.0,1500.0
Kuwata H.,Clay,last_month,0,0,0,0.0,1500.0
Kuwata H.,Grass,all,0,0,0,0.0,1500.0
Kuwata H.,Grass,last_year,0,0,0,0.0,1500.0
Kuwata H.,Grass,last_month,0,0,0,0.0,1500.0
Kuwata H.,Greenset,all,0,0,0,0.0,1500.0
Kuwata H.,Greenset,last_year,0,0,0,0.0,1500.0
Kuwata H.,Greenset,last_month,0,0,0,0.0,1500.0
Pandzic J.,Hard,all,0,0,0,0.0,1500.0
Pandzic J.,Hard,last_year,0,0,0,0.0,1500.0
Pandzic J.,Hard,last_month,0,0,0,0.0,1500.0
Pandzic J.,Carpet,all,0,0,0,0.0,1500.0
Pandzic J.,Carpet,last_year,0,0,0,0.0,1500.0
Pandzic J.,Carpet,last_month,0,0,0,0.0,1500.0
Pandzic J.,Clay,all,3,1,2,0.6666666666666666,1515.7647908707388
Pandzic J.,Clay,last_year,0,0,0,0.0,1500.0
Pandzic J.,Clay,last_month,0,0,0,0.0,1500.0
Pandzic J.,Grass,all,0,0,0,0.0,1500.0
Pandzic J.,Grass,last_year,0,0,0,0.0,1500.0
Pandzic J.,Grass,last_month,0,0,0,0.0,1500.0
Pandzic J.,Greenset,all,0,0,0,0.0,1500.0
Pandzic J.,Greenset,last_year,0,0,0,0.0,1500.0
Pandzic J.,Greenset,last_month,0,0,0,0.0,1500.0
Cohen-Aloro S.,Hard,all,0,0,0,0.0,1500.0
Cohen-Aloro S.,Hard,last_year,0,0,0,0.0,1500.0
Cohen-Aloro S.,Hard,last_month,0,0,0,0.0,1500.0
Cohen-Aloro S.,Carpet,all,0,0,0,0.0,1500.0
Cohen-Aloro S.,Carpet,last_year,0,0,0,0.0,1500.0
Cohen-Aloro S.,Carpet,last_month,0,0,0,0.0,1500.0
Cohen-Aloro S.,Clay,all,1,0,1,1.0,1515.6672469212785
Cohen-Aloro S.,Clay,last_year,0,0,0,0.0,1500.0
Cohen-Aloro S.,Clay,last_month,0,0,0,0.0,1500.0
Cohen-Aloro S.,Grass,all,0,0,0,0.0,1500.0
Cohen-Aloro S.,Grass,last_year,0,0,0,0.0,1500.0
Cohen-Aloro S.,Grass,last_month,0,0,0,0.0,1500.0
Cohen-Aloro S.,Greenset,all,0,0,0,0.0,1500.0
Cohen-Aloro S.,Greenset,last_year,0,0,0,0.0,1500.0
Cohen-Aloro S.,Greenset,last_month,0,0,0,0.0,1500.0
Zucchini A.,Hard,all,0,0,0,0.0,1500.0
Zucchini A.,Hard,last_year,0,0,0,0.0,1500.0
Zucchini A.,Hard,last_month,0,0,0,0.0,1500.0
Zucchini A.,Carpet,all,0,0,0,0.0,1500.0
Zucchini A.,Carpet,last_year,0,0,0,0.0,1500.0
Zucchini A.,Carpet,last_month,0,0,0,0.0,1500.0
Zucchini A.,Clay,all,1,0,1,1.0,1484.0
Zucchini A.,Clay,last_year,1,0,1,1.0,1484.0
Zucchini A.,Clay,last_month,0,0,0,0.0,1500.0
Zucchini A.,Grass,all,0,0,0,0.0,1500.0
Zucchini A.,Grass,last_year,0,0,0,0.0,1500.0
Zucchini A.,Grass,last_month,0,0,0,0.0,1500.0
Zucchini A.,Greenset,all,0,0,0,0.0,1500.0
Zucchini A.,Greenset,last_year,0,0,0,0.0,1500.0
Zucchini A.,Greenset,last_month,0,0,0,0.0,1500.0
Albanese L.,Hard,all,5,0,5,1.0,1480.2493061072153
Albanese L.,Hard,last_year,0,0,0,0.0,1500.0
Albanese L.,Hard,last_month,0,0,0,0.0,1500.0
Albanese L.,Carpet,all,0,0,0,0.0,1500.0
Albanese L.,Carpet,last_year,0,0,0,0.0,1500.0
Albanese L.,Carpet,last_month,0,0,0,0.0,1500.0
Albanese L.,Clay,all,1,0,1,1.0,1514.7272300170114
Albanese L.,Clay,last_year,0,0,0,0.0,1500.0
Albanese L.,Clay,last_month,0,0,0,0.0,1500.0
Albanese L.,Grass,all,0,0,0,0.0,1500.0
Albanese L.,Grass,last_year,0,0,0,0.0,1500.0
Albanese L.,Grass,last_month,0,0,0,0.0,1500.0
Albanese L.,Greenset,all,0,0,0,0.0,1500.0
Albanese L.,Greenset,last_year,0,0,0,0.0,1500.0
Albanese L.,Greenset,last_month,0,0,0,0.0,1500.0
Cohen A.,Hard,all,2,0,2,1.0,1500.3092992288177
Cohen A.,Hard,last_year,0,0,0,0.0,1500.0
Cohen A.,Hard,last_month,0,0,0,0.0,1500.0
Cohen A.,Carpet,all,0,0,0,0.0,1500.0
Cohen A.,Carpet,last_year,0,0,0,0.0,1500.0
Cohen A.,Carpet,last_month,0,0,0,0.0,1500.0
Cohen A.,Clay,all,0,0,0,0.0,1500.0
Cohen A.,Clay,last_year,0,0,0,0.0,1500.0
Cohen A.,Clay,last_month,0,0,0,0.0,1500.0
Cohen A.,Grass,all,0,0,0,0.0,1500.0
Cohen A.,Grass,last_year,0,0,0,0.0,1500.0
Cohen A.,Grass,last_month,0,0,0,0.0,1500.0
Cohen A.,Greenset,all,0,0,0,0.0,1500.0
Cohen A.,Greenset,last_year,0,0,0,0.0,1500.0
Cohen A.,Greenset,last_month,0,0,0,0.0,1500.0
Burillo Escorihuela I.,Hard,all,0,0,0,0.0,1500.0
Burillo Escorihuela I.,Hard,last_year,0,0,0,0.0,1500.0
Burillo Escorihuela I.,Hard,last_month,0,0,0,0.0,1500.0
Burillo Escorihuela I.,Carpet,all,0,0,0,0.0,1500.0
Burillo Escorihuela I.,Carpet,last_year,0,0,0,0.0,1500.0
Burillo Escorihuela I.,Carpet,last_month,0,0,0,0.0,1500.0
Burillo Escorihuela I.,Clay,all,1,0,1,1.0,1484.0
Burillo Escorihuela I.,Clay,last_year,0,0,0,0.0,1500.0
Burillo Escorihuela I.,Clay,last_month,0,0,0,0.0,1500.0
Burillo Escorihuela I.,Grass,all,0,0,0,0.0,1500.0
Burillo Escorihuela I.,Grass,last_year,0,0,0,0.0,1500.0
Burillo Escorihuela I.,Grass,last_month,0,0,0,0.0,1500.0
Burillo Escorihuela I.,Greenset,all,0,0,0,0.0,1500.0
Burillo Escorihuela I.,Greenset,last_year,0,0,0,0.0,1500.0
Burillo Escorihuela I.,Greenset,last_month,0,0,0,0.0,1500.0
Marand S.,Hard,all,2,0,2,1.0,1464.888685787873
Marand S.,Hard,last_year,0,0,0,0.0,1500.0
Marand S.,Hard,last_month,0,0,0,0.0,1500.0
Marand S.,Carpet,all,0,0,0,0.0,1500.0
Marand S.,Carpet,last_year,0,0,0,0.0,1500.0
Marand S.,Carpet,last_month,0,0,0,0.0,1500.0
Marand S.,Clay,all,1,0,1,1.0,1484.0
Marand S.,Clay,last_year,0,0,0,0.0,1500.0
Marand S.,Clay,last_month,0,0,0,0.0,1500.0
Marand S.,Grass,all,0,0,0,0.0,1500.0
Marand S.,Grass,last_year,0,0,0,0.0,1500.0
Marand S.,Grass,last_month,0,0,0,0.0,1500.0
Marand S.,Greenset,all,0,0,0,0.0,1500.0
Marand S.,Greenset,last_year,0,0,0,0.0,1500.0
Marand S.,Greenset,last_month,0,0,0,0.0,1500.0
Chiesa D.,Hard,all,0,0,0,0.0,1500.0
Chiesa D.,Hard,last_year,0,0,0,0.0,1500.0
Chiesa D.,Hard,last_month,0,0,0,0.0,1500.0
Chiesa D.,Carpet,all,0,0,0,0.0,1500.0
Chiesa D.,Carpet,last_year,0,0,0,0.0,1500.0
Chiesa D.,Carpet,last_month,0,0,0,0.0,1500.0
Chiesa D.,Clay,all,3,0,3,1.0,1516.5354851628858
Chiesa D.,Clay,last_year,0,0,0,0.0,1500.0
Chiesa D.,Clay,last_month,0,0,0,0.0,1500.0
Chiesa D.,Grass,all,0,0,0,0.0,1500.0
Chiesa D.,Grass,last_year,0,0,0,0.0,1500.0
Chiesa D.,Grass,last_month,0,0,0,0.0,1500.0
Chiesa D.,Greenset,all,0,0,0,0.0,1500.0
Chiesa D.,Greenset,last_year,0,0,0,0.0,1500.0
Chiesa D.,Greenset,last_month,0,0,0,0.0,1500.0
Costas L.,Hard,all,0,0,0,0.0,1500.0
Costas L.,Hard,last_year,0,0,0,0.0,1500.0
Costas L.,Hard,last_month,0,0,0,0.0,1500.0
Costas L.,Carpet,all,0,0,0,0.0,1500.0
Costas L.,Carpet,last_year,0,0,0,0.0,1500.0
Costas L.,Carpet,last_month,0,0,0,0.0,1500.0
Costas L.,Clay,all,2,0,2,1.0,1501.9532962324595
Costas L.,Clay,last_year,0,0,0,0.0,1500.0
Costas L.,Clay,last_month,0,0,0,0.0,1500.0
Costas L.,Grass,all,0,0,0,0.0,1500.0
Costas L.,Grass,last_year,0,0,0,0.0,1500.0
Costas L.,Grass,last_month,0,0,0,0.0,1500.0
Costas L.,Greenset,all,0,0,0,0.0,1500.0
Costas L.,Greenset,last_year,0,0,0,0.0,1500.0
Costas L.,Greenset,last_month,0,0,0,0.0,1500.0
Bovina E.,Hard,all,19,4,15,0.7894736842105263,1430.1879667195187
Bovina E.,Hard,last_year,0,0,0,0.0,1500.0
Bovina E.,Hard,last_month,0,0,0,0.0,1500.0
Bovina E.,Carpet,all,0,0,0,0.0,1500.0
Bovina E.,Carpet,last_year,0,0,0,0.0,1500.0
Bovina E.,Carpet,last_month,0,0,0,0.0,1500.0
Bovina E.,Clay,all,3,1,2,0.6666666666666666,1549.5726523464764
Bovina E.,Clay,last_year,0,0,0,0.0,1500.0
Bovina E.,Clay,last_month,0,0,0,0.0,1500.0
Bovina E.,Grass,all,1,0,1,1.0,1516.736306793522
Bovina E.,Grass,last_year,0,0,0,0.0,1500.0
Bovina E.,Grass,last_month,0,0,0,0.0,1500.0
Bovina E.,Greenset,all,0,0,0,0.0,1500.0
Bovina E.,Greenset,last_year,0,0,0,0.0,1500.0
Bovina E.,Greenset,last_month,0,0,0,0.0,1500.0
Lee Y.H.,Hard,all,6,1,5,0.8333333333333334,1554.225964079207
Lee Y.H.,Hard,last_year,0,0,0,0.0,1500.0
Lee Y.H.,Hard,last_month,0,0,0,0.0,1500.0
Lee Y.H.,Carpet,all,0,0,0,0.0,1500.0
Lee Y.H.,Carpet,last_year,0,0,0,0.0,1500.0
Lee Y.H.,Carpet,last_month,0,0,0,0.0,1500.0
Lee Y.H.,Clay,all,0,0,0,0.0,1500.0
Lee Y.H.,Clay,last_year,0,0,0,0.0,1500.0
Lee Y.H.,Clay,last_month,0,0,0,0.0,1500.0
Lee Y.H.,Grass,all,0,0,0,0.0,1500.0
Lee Y.H.,Grass,last_year,0,0,0,0.0,1500.0
Lee Y.H.,Grass,last_month,0,0,0,0.0,1500.0
Lee Y.H.,Greenset,all,0,0,0,0.0,1500.0
Lee Y.H.,Greenset,last_year,0,0,0,0.0,1500.0
Lee Y.H.,Greenset,last_month,0,0,0,0.0,1500.0
Ma S.,Hard,all,1,0,1,1.0,1485.9803747276505
Ma S.,Hard,last_year,0,0,0,0.0,1500.0
Ma S.,Hard,last_month,0,0,0,0.0,1500.0
Ma S.,Carpet,all,0,0,0,0.0,1500.0
Ma S.,Carpet,last_year,0,0,0,0.0,1500.0
Ma S.,Carpet,last_month,0,0,0,0.0,1500.0
Ma S.,Clay,all,0,0,0,0.0,1500.0
Ma S.,Clay,last_year,0,0,0,0.0,1500.0
Ma S.,Clay,last_month,0,0,0,0.0,1500.0
Ma S.,Grass,all,0,0,0,0.0,1500.0
Ma S.,Grass,last_year,0,0,0,0.0,1500.0
Ma S.,Grass,last_month,0,0,0,0.0,1500.0
Ma S.,Greenset,all,0,0,0,0.0,1500.0
Ma S.,Greenset,last_year,0,0,0,0.0,1500.0
Ma S.,Greenset,last_month,0,0,0,0.0,1500.0
Cristian J.,Hard,all,68,30,38,0.5588235294117647,1481.3052991949814
Cristian J.,Hard,last_year,20,8,12,0.6,1508.0912293195147
Cristian J.,Hard,last_month,0,0,0,0.0,1500.0
Cristian J.,Carpet,all,0,0,0,0.0,1500.0
Cristian J.,Carpet,last_year,0,0,0,0.0,1500.0
Cristian J.,Carpet,last_month,0,0,0,0.0,1500.0
Cristian J.,Clay,all,40,24,16,0.4,1475.0508050933763
Cristian J.,Clay,last_year,20,13,7,0.35,1440.545176385661
Cristian J.,Clay,last_month,0,0,0,0.0,1500.0
Cristian J.,Grass,all,7,1,6,0.8571428571428571,1515.8518731875808
Cristian J.,Grass,last_year,3,0,3,1.0,1516.930383262585
Cristian J.,Grass,last_month,2,0,2,1.0,1501.8580170422615
Cristian J.,Greenset,all,0,0,0,0.0,1500.0
Cristian J.,Greenset,last_year,0,0,0,0.0,1500.0
Cristian J.,Greenset,last_month,0,0,0,0.0,1500.0
Selekhmeteva O.,Hard,all,7,3,4,0.5714285714285714,1538.8179332199547
Selekhmeteva O.,Hard,last_year,0,0,0,0.0,1500.0
Selekhmeteva O.,Hard,last_month,0,0,0,0.0,1500.0
Selekhmeteva O.,Carpet,all,0,0,0,0.0,1500.0
Selekhmeteva O.,Carpet,last_year,0,0,0,0.0,1500.0
Selekhmeteva O.,Carpet,last_month,0,0,0,0.0,1500.0
Selekhmeteva O.,Clay,all,6,2,4,0.6666666666666666,1531.602083190639
Selekhmeteva O.,Clay,last_year,4,2,2,0.5,1502.1486777133914
Selekhmeteva O.,Clay,last_month,0,0,0,0.0,1500.0
Selekhmeteva O.,Grass,all,0,0,0,0.0,1500.0
Selekhmeteva O.,Grass,last_year,0,0,0,0.0,1500.0
Selekhmeteva O.,Grass,last_month,0,0,0,0.0,1500.0
Selekhmeteva O.,Greenset,all,0,0,0,0.0,1500.0
Selekhmeteva O.,Greenset,last_year,0,0,0,0.0,1500.0
Selekhmeteva O.,Greenset,last_month,0,0,0,0.0,1500.0
Mansouri Y.,Hard,all,1,0,1,1.0,1486.187759839262
Mansouri Y.,Hard,last_year,0,0,0,0.0,1500.0
Mansouri Y.,Hard,last_month,0,0,0,0.0,1500.0
Mansouri Y.,Carpet,all,0,0,0,0.0,1500.0
Mansouri Y.,Carpet,last_year,0,0,0,0.0,1500.0
Mansouri Y.,Carpet,last_month,0,0,0,0.0,1500.0
Mansouri Y.,Clay,all,0,0,0,0.0,1500.0
Mansouri Y.,Clay,last_year,0,0,0,0.0,1500.0
Mansouri Y.,Clay,last_month,0,0,0,0.0,1500.0
Mansouri Y.,Grass,all,0,0,0,0.0,1500.0
Mansouri Y.,Grass,last_year,0,0,0,0.0,1500.0
Mansouri Y.,Grass,last_month,0,0,0,0.0,1500.0
Mansouri Y.,Greenset,all,0,0,0,0.0,1500.0
Mansouri Y.,Greenset,last_year,0,0,0,0.0,1500.0
Mansouri Y.,Greenset,last_month,0,0,0,0.0,1500.0
Vekic D.,Hard,all,277,135,142,0.5126353790613718,1495.3845273537515
Vekic D.,Hard,last_year,21,10,11,0.5238095238095238,1514.3933977356285
Vekic D.,Hard,last_month,0,0,0,0.0,1500.0
Vekic D.,Carpet,all,0,0,0,0.0,1500.0
Vekic D.,Carpet,last_year,0,0,0,0.0,1500.0
Vekic D.,Carpet,last_month,0,0,0,0.0,1500.0
Vekic D.,Clay,all,70,30,40,0.5714285714285714,1555.2173582635262
Vekic D.,Clay,last_year,7,3,4,0.5714285714285714,1539.4031204371133
Vekic D.,Clay,last_month,0,0,0,0.0,1500.0
Vekic D.,Grass,all,81,48,33,0.4074074074074074,1442.9291116050294
Vekic D.,Grass,last_year,12,7,5,0.4166666666666667,1509.3802503748884
Vekic D.,Grass,last_month,6,2,4,0.6666666666666666,1492.675817493163
Vekic D.,Greenset,all,0,0,0,0.0,1500.0
Vekic D.,Greenset,last_year,0,0,0,0.0,1500.0
Vekic D.,Greenset,last_month,0,0,0,0.0,1500.0
Wu H.C.,Hard,all,2,0,2,1.0,1467.0282242271812
Wu H.C.,Hard,last_year,0,0,0,0.0,1500.0
Wu H.C.,Hard,last_month,0,0,0,0.0,1500.0
Wu H.C.,Carpet,all,0,0,0,0.0,1500.0
Wu H.C.,Carpet,last_year,0,0,0,0.0,1500.0
Wu H.C.,Carpet,last_month,0,0,0,0.0,1500.0
Wu H.C.,Clay,all,0,0,0,0.0,1500.0
Wu H.C.,Clay,last_year,0,0,0,0.0,1500.0
Wu H.C.,Clay,last_month,0,0,0,0.0,1500.0
Wu H.C.,Grass,all,0,0,0,0.0,1500.0
Wu H.C.,Grass,last_year,0,0,0,0.0,1500.0
Wu H.C.,Grass,last_month,0,0,0,0.0,1500.0
Wu H.C.,Greenset,all,0,0,0,0.0,1500.0
Wu H.C.,Greenset,last_year,0,0,0,0.0,1500.0
Wu H.C.,Greenset,last_month,0,0,0,0.0,1500.0
Cohen Aloro S.,Hard,all,18,5,13,0.7222222222222222,1473.9521464072404
Cohen Aloro S.,Hard,last_year,0,0,0,0.0,1500.0
Cohen Aloro S.,Hard,last_month,0,0,0,0.0,1500.0
Cohen Aloro S.,Carpet,all,1,0,1,1.0,1484.0
Cohen Aloro S.,Carpet,last_year,0,0,0,0.0,1500.0
Cohen Aloro S.,Carpet,last_month,0,0,0,0.0,1500.0
Cohen Aloro S.,Clay,all,19,10,9,0.47368421052631576,1454.5773001015816
Cohen Aloro S.,Clay,last_year,0,0,0,0.0,1500.0
Cohen Aloro S.,Clay,last_month,0,0,0,0.0,1500.0
Cohen Aloro S.,Grass,all,1,0,1,1.0,1484.0
Cohen Aloro S.,Grass,last_year,0,0,0,0.0,1500.0
Cohen Aloro S.,Grass,last_month,0,0,0,0.0,1500.0
Cohen Aloro S.,Greenset,all,0,0,0,0.0,1500.0
Cohen Aloro S.,Greenset,last_year,0,0,0,0.0,1500.0
Cohen Aloro S.,Greenset,last_month,0,0,0,0.0,1500.0
Klepac A.,Hard,all,16,3,13,0.8125,1508.000621674534
Klepac A.,Hard,last_year,0,0,0,0.0,1500.0
Klepac A.,Hard,last_month,0,0,0,0.0,1500.0
Klepac A.,Carpet,all,0,0,0,0.0,1500.0
Klepac A.,Carpet,last_year,0,0,0,0.0,1500.0
Klepac A.,Carpet,last_month,0,0,0,0.0,1500.0
Klepac A.,Clay,all,18,8,10,0.5555555555555556,1534.6933508865363
Klepac A.,Clay,last_year,0,0,0,0.0,1500.0
Klepac A.,Clay,last_month,0,0,0,0.0,1500.0
Klepac A.,Grass,all,2,1,1,0.5,1468.0
Klepac A.,Grass,last_year,0,0,0,0.0,1500.0
Klepac A.,Grass,last_month,0,0,0,0.0,1500.0
Klepac A.,Greenset,all,0,0,0,0.0,1500.0
Klepac A.,Greenset,last_year,0,0,0,0.0,1500.0
Klepac A.,Greenset,last_month,0,0,0,0.0,1500.0
Ozgen P.,Hard,all,1,0,1,1.0,1485.858657774278
Ozgen P.,Hard,last_year,0,0,0,0.0,1500.0
Ozgen P.,Hard,last_month,0,0,0,0.0,1500.0
Ozgen P.,Carpet,all,0,0,0,0.0,1500.0
Ozgen P.,Carpet,last_year,0,0,0,0.0,1500.0
Ozgen P.,Carpet,last_month,0,0,0,0.0,1500.0
Ozgen P.,Clay,all,8,1,7,0.875,1464.9227274622751
Ozgen P.,Clay,last_year,0,0,0,0.0,1500.0
Ozgen P.,Clay,last_month,0,0,0,0.0,1500.0
Ozgen P.,Grass,all,0,0,0,0.0,1500.0
Ozgen P.,Grass,last_year,0,0,0,0.0,1500.0
Ozgen P.,Grass,last_month,0,0,0,0.0,1500.0
Ozgen P.,Greenset,all,0,0,0,0.0,1500.0
Ozgen P.,Greenset,last_year,0,0,0,0.0,1500.0
Ozgen P.,Greenset,last_month,0,0,0,0.0,1500.0
Xun F.Y.,Hard,all,10,3,7,0.7,1492.3168838198023
Xun F.Y.,Hard,last_year,0,0,0,0.0,1500.0
Xun F.Y.,Hard,last_month,0,0,0,0.0,1500.0
Xun F.Y.,Carpet,all,0,0,0,0.0,1500.0
Xun F.Y.,Carpet,last_year,0,0,0,0.0,1500.0
Xun F.Y.,Carpet,last_month,0,0,0,0.0,1500.0
Xun F.Y.,Clay,all,0,0,0,0.0,1500.0
Xun F.Y.,Clay,last_year,0,0,0,0.0,1500.0
Xun F.Y.,Clay,last_month,0,0,0,0.0,1500.0
Xun F.Y.,Grass,all,0,0,0,0.0,1500.0
Xun F.Y.,Grass,last_year,0,0,0,0.0,1500.0
Xun F.Y.,Grass,last_month,0,0,0,0.0,1500.0
Xun F.Y.,Greenset,all,0,0,0,0.0,1500.0
Xun F.Y.,Greenset,last_year,0,0,0,0.0,1500.0
Xun F.Y.,Greenset,last_month,0,0,0,0.0,1500.0
Bara I.,Hard,all,10,2,8,0.8,1488.5005326673383
Bara I.,Hard,last_year,0,0,0,0.0,1500.0
Bara I.,Hard,last_month,0,0,0,0.0,1500.0
Bara I.,Carpet,all,0,0,0,0.0,1500.0
Bara I.,Carpet,last_year,0,0,0,0.0,1500.0
Bara I.,Carpet,last_month,0,0,0,0.0,1500.0
Bara I.,Clay,all,32,10,22,0.6875,1596.6441084139824
Bara I.,Clay,last_year,2,0,2,1.0,1529.925273169391
Bara I.,Clay,last_month,0,0,0,0.0,1500.0
Bara I.,Grass,all,2,1,1,0.5,1496.4041070140113
Bara I.,Grass,last_year,0,0,0,0.0,1500.0
Bara I.,Grass,last_month,0,0,0,0.0,1500.0
Bara I.,Greenset,all,0,0,0,0.0,1500.0
Bara I.,Greenset,last_year,0,0,0,0.0,1500.0
Bara I.,Greenset,last_month,0,0,0,0.0,1500.0
Olaru R.,Hard,all,0,0,0,0.0,1500.0
Olaru R.,Hard,last_year,0,0,0,0.0,1500.0
Olaru R.,Hard,last_month,0,0,0,0.0,1500.0
Olaru R.,Carpet,all,0,0,0,0.0,1500.0
Olaru R.,Carpet,last_year,0,0,0,0.0,1500.0
Olaru R.,Carpet,last_month,0,0,0,0.0,1500.0
Olaru R.,Clay,all,3,0,3,1.0,1516.9043982335284
Olaru R.,Clay,last_year,0,0,0,0.0,1500.0
Olaru R.,Clay,last_month,0,0,0,0.0,1500.0
Olaru R.,Grass,all,1,0,1,1.0,1484.025695322964
Olaru R.,Grass,last_year,0,0,0,0.0,1500.0
Olaru R.,Grass,last_month,0,0,0,0.0,1500.0
Olaru R.,Greenset,all,0,0,0,0.0,1500.0
Olaru R.,Greenset,last_year,0,0,0,0.0,1500.0
Olaru R.,Greenset,last_month,0,0,0,0.0,1500.0
Salkova D.,Hard,all,4,2,2,0.5,1470.385740765481
Salkova D.,Hard,last_year,2,1,1,0.5,1497.7484870611752
Salkova D.,Hard,last_month,0,0,0,0.0,1500.0
Salkova D.,Carpet,all,0,0,0,0.0,1500.0
Salkova D.,Carpet,last_year,0,0,0,0.0,1500.0
Salkova D.,Carpet,last_month,0,0,0,0.0,1500.0
Salkova D.,Clay,all,1,1,0,1.0,1517.281068445929
Salkova D.,Clay,last_year,1,1,0,1.0,1516.0
Salkova D.,Clay,last_month,0,0,0,0.0,1500.0
Salkova D.,Grass,all,0,0,0,0.0,1500.0
Salkova D.,Grass,last_year,0,0,0,0.0,1500.0
Salkova D.,Grass,last_month,0,0,0,0.0,1500.0
Salkova D.,Greenset,all,0,0,0,0.0,1500.0
Salkova D.,Greenset,last_year,0,0,0,0.0,1500.0
Salkova D.,Greenset,last_month,0,0,0,0.0,1500.0
Safina D.,Hard,all,145,93,52,0.3586206896551724,1510.7179098305226
Safina D.,Hard,last_year,0,0,0,0.0,1500.0
Safina D.,Hard,last_month,0,0,0,0.0,1500.0
Safina D.,Carpet,all,10,7,3,0.3,1552.0842115015337
Safina D.,Carpet,last_year,0,0,0,0.0,1500.0
Safina D.,Carpet,last_month,0,0,0,0.0,1500.0
Safina D.,Clay,all,67,52,15,0.22388059701492538,1526.0779566981898
Safina D.,Clay,last_year,0,0,0,0.0,1500.0
Safina D.,Clay,last_month,0,0,0,0.0,1500.0
Safina D.,Grass,all,24,17,7,0.2916666666666667,1447.7750373582446
Safina D.,Grass,last_year,0,0,0,0.0,1500.0
Safina D.,Grass,last_month,0,0,0,0.0,1500.0
Safina D.,Greenset,all,0,0,0,0.0,1500.0
Safina D.,Greenset,last_year,0,0,0,0.0,1500.0
Safina D.,Greenset,last_month,0,0,0,0.0,1500.0
Zanevska M.,Hard,all,28,8,20,0.7142857142857143,1533.0881857450347
Zanevska M.,Hard,last_year,0,0,0,0.0,1500.0
Zanevska M.,Hard,last_month,0,0,0,0.0,1500.0
Zanevska M.,Carpet,all,0,0,0,0.0,1500.0
Zanevska M.,Carpet,last_year,0,0,0,0.0,1500.0
Zanevska M.,Carpet,last_month,0,0,0,0.0,1500.0
Zanevska M.,Clay,all,45,21,24,0.5333333333333333,1483.5171537486276
Zanevska M.,Clay,last_year,0,0,0,0.0,1500.0
Zanevska M.,Clay,last_month,0,0,0,0.0,1500.0
Zanevska M.,Grass,all,6,0,6,1.0,1495.2817137253408
Zanevska M.,Grass,last_year,0,0,0,0.0,1500.0
Zanevska M.,Grass,last_month,0,0,0,0.0,1500.0
Zanevska M.,Greenset,all,0,0,0,0.0,1500.0
Zanevska M.,Greenset,last_year,0,0,0,0.0,1500.0
Zanevska M.,Greenset,last_month,0,0,0,0.0,1500.0
Pigossi L.,Hard,all,7,0,7,1.0,1513.3009469822023
Pigossi L.,Hard,last_year,0,0,0,0.0,1500.0
Pigossi L.,Hard,last_month,0,0,0,0.0,1500.0
Pigossi L.,Carpet,all,0,0,0,0.0,1500.0
Pigossi L.,Carpet,last_year,0,0,0,0.0,1500.0
Pigossi L.,Carpet,last_month,0,0,0,0.0,1500.0
Pigossi L.,Clay,all,23,12,11,0.4782608695652174,1445.508553961784
Pigossi L.,Clay,last_year,2,1,1,0.5,1468.0
Pigossi L.,Clay,last_month,0,0,0,0.0,1500.0
Pigossi L.,Grass,all,1,0,1,1.0,1483.9411331078866
Pigossi L.,Grass,last_year,0,0,0,0.0,1500.0
Pigossi L.,Grass,last_month,0,0,0,0.0,1500.0
Pigossi L.,Greenset,all,0,0,0,0.0,1500.0
Pigossi L.,Greenset,last_year,0,0,0,0.0,1500.0
Pigossi L.,Greenset,last_month,0,0,0,0.0,1500.0
Perebiynis T.,Hard,all,12,4,8,0.6666666666666666,1438.8626008529886
Perebiynis T.,Hard,last_year,0,0,0,0.0,1500.0
Perebiynis T.,Hard,last_month,0,0,0,0.0,1500.0
Perebiynis T.,Carpet,all,2,1,1,0.5,1531.9661669788793
Perebiynis T.,Carpet,last_year,0,0,0,0.0,1500.0
Perebiynis T.,Carpet,last_month,0,0,0,0.0,1500.0
Perebiynis T.,Clay,all,9,4,5,0.5555555555555556,1512.0888467271466
Perebiynis T.,Clay,last_year,0,0,0,0.0,1500.0
Perebiynis T.,Clay,last_month,0,0,0,0.0,1500.0
Perebiynis T.,Grass,all,5,2,3,0.6,1518.9005866103516
Perebiynis T.,Grass,last_year,0,0,0,0.0,1500.0
Perebiynis T.,Grass,last_month,0,0,0,0.0,1500.0
Perebiynis T.,Greenset,all,0,0,0,0.0,1500.0
Perebiynis T.,Greenset,last_year,0,0,0,0.0,1500.0
Perebiynis T.,Greenset,last_month,0,0,0,0.0,1500.0
Hu Y.Y.,Hard,all,2,0,2,1.0,1500.9225941571103
Hu Y.Y.,Hard,last_year,0,0,0,0.0,1500.0
Hu Y.Y.,Hard,last_month,0,0,0,0.0,1500.0
Hu Y.Y.,Carpet,all,0,0,0,0.0,1500.0
Hu Y.Y.,Carpet,last_year,0,0,0,0.0,1500.0
Hu Y.Y.,Carpet,last_month,0,0,0,0.0,1500.0
Hu Y.Y.,Clay,all,0,0,0,0.0,1500.0
Hu Y.Y.,Clay,last_year,0,0,0,0.0,1500.0
Hu Y.Y.,Clay,last_month,0,0,0,0.0,1500.0
Hu Y.Y.,Grass,all,0,0,0,0.0,1500.0
Hu Y.Y.,Grass,last_year,0,0,0,0.0,1500.0
Hu Y.Y.,Grass,last_month,0,0,0,0.0,1500.0
Hu Y.Y.,Greenset,all,0,0,0,0.0,1500.0
Hu Y.Y.,Greenset,last_year,0,0,0,0.0,1500.0
Hu Y.Y.,Greenset,last_month,0,0,0,0.0,1500.0
Stefanini L.,Hard,all,18,7,11,0.6111111111111112,1455.321600636763
Stefanini L.,Hard,last_year,6,2,4,0.6666666666666666,1469.1961289981539
Stefanini L.,Hard,last_month,0,0,0,0.0,1500.0
Stefanini L.,Carpet,all,0,0,0,0.0,1500.0
Stefanini L.,Carpet,last_year,0,0,0,0.0,1500.0
Stefanini L.,Carpet,last_month,0,0,0,0.0,1500.0
Stefanini L.,Clay,all,12,3,9,0.75,1585.1604092020475
Stefanini L.,Clay,last_year,2,0,2,1.0,1530.4130595534637
Stefanini L.,Clay,last_month,0,0,0,0.0,1500.0
Stefanini L.,Grass,all,4,1,3,0.75,1471.2131834492995
Stefanini L.,Grass,last_year,0,0,0,0.0,1500.0
Stefanini L.,Grass,last_month,0,0,0,0.0,1500.0
Stefanini L.,Greenset,all,0,0,0,0.0,1500.0
Stefanini L.,Greenset,last_year,0,0,0,0.0,1500.0
Stefanini L.,Greenset,last_month,0,0,0,0.0,1500.0
Hewitt D.,Hard,all,1,0,1,1.0,1514.3218986717084
Hewitt D.,Hard,last_year,0,0,0,0.0,1500.0
Hewitt D.,Hard,last_month,0,0,0,0.0,1500.0
Hewitt D.,Carpet,all,0,0,0,0.0,1500.0
Hewitt D.,Carpet,last_year,0,0,0,0.0,1500.0
Hewitt D.,Carpet,last_month,0,0,0,0.0,1500.0
Hewitt D.,Clay,all,0,0,0,0.0,1500.0
Hewitt D.,Clay,last_year,0,0,0,0.0,1500.0
Hewitt D.,Clay,last_month,0,0,0,0.0,1500.0
Hewitt D.,Grass,all,0,0,0,0.0,1500.0
Hewitt D.,Grass,last_year,0,0,0,0.0,1500.0
Hewitt D.,Grass,last_month,0,0,0,0.0,1500.0
Hewitt D.,Greenset,all,0,0,0,0.0,1500.0
Hewitt D.,Greenset,last_year,0,0,0,0.0,1500.0
Hewitt D.,Greenset,last_month,0,0,0,0.0,1500.0
Kulichkova E.,Hard,all,28,11,17,0.6071428571428571,1468.9261298959614
Kulichkova E.,Hard,last_year,0,0,0,0.0,1500.0
Kulichkova E.,Hard,last_month,0,0,0,0.0,1500.0
Kulichkova E.,Carpet,all,0,0,0,0.0,1500.0
Kulichkova E.,Carpet,last_year,0,0,0,0.0,1500.0
Kulichkova E.,Carpet,last_month,0,0,0,0.0,1500.0
Kulichkova E.,Clay,all,12,5,7,0.5833333333333334,1466.5125202676993
Kulichkova E.,Clay,last_year,0,0,0,0.0,1500.0
Kulichkova E.,Clay,last_month,0,0,0,0.0,1500.0
Kulichkova E.,Grass,all,4,1,3,0.75,1479.5213767238065
Kulichkova E.,Grass,last_year,0,0,0,0.0,1500.0
Kulichkova E.,Grass,last_month,0,0,0,0.0,1500.0
Kulichkova E.,Greenset,all,0,0,0,0.0,1500.0
Kulichkova E.,Greenset,last_year,0,0,0,0.0,1500.0
Kulichkova E.,Greenset,last_month,0,0,0,0.0,1500.0
Palkina K.,Hard,all,7,3,4,0.5714285714285714,1484.285169065089
Palkina K.,Hard,last_year,0,0,0,0.0,1500.0
Palkina K.,Hard,last_month,0,0,0,0.0,1500.0
Palkina K.,Carpet,all,0,0,0,0.0,1500.0
Palkina K.,Carpet,last_year,0,0,0,0.0,1500.0
Palkina K.,Carpet,last_month,0,0,0,0.0,1500.0
Palkina K.,Clay,all,0,0,0,0.0,1500.0
Palkina K.,Clay,last_year,0,0,0,0.0,1500.0
Palkina K.,Clay,last_month,0,0,0,0.0,1500.0
Palkina K.,Grass,all,0,0,0,0.0,1500.0
Palkina K.,Grass,last_year,0,0,0,0.0,1500.0
Palkina K.,Grass,last_month,0,0,0,0.0,1500.0
Palkina K.,Greenset,all,0,0,0,0.0,1500.0
Palkina K.,Greenset,last_year,0,0,0,0.0,1500.0
Palkina K.,Greenset,last_month,0,0,0,0.0,1500.0
Hantuchova D.,Hard,all,311,165,146,0.4694533762057878,1519.4641577947225
Hantuchova D.,Hard,last_year,0,0,0,0.0,1500.0
Hantuchova D.,Hard,last_month,0,0,0,0.0,1500.0
Hantuchova D.,Carpet,all,7,3,4,0.5714285714285714,1490.9250417351757
Hantuchova D.,Carpet,last_year,0,0,0,0.0,1500.0
Hantuchova D.,Carpet,last_month,0,0,0,0.0,1500.0
Hantuchova D.,Clay,all,81,43,38,0.4691358024691358,1511.0202250728616
Hantuchova D.,Clay,last_year,0,0,0,0.0,1500.0
Hantuchova D.,Clay,last_month,0,0,0,0.0,1500.0
Hantuchova D.,Grass,all,60,38,22,0.36666666666666664,1540.7465015512878
Hantuchova D.,Grass,last_year,0,0,0,0.0,1500.0
Hantuchova D.,Grass,last_month,0,0,0,0.0,1500.0
Hantuchova D.,Greenset,all,4,3,1,0.25,1468.604000487769
Hantuchova D.,Greenset,last_year,0,0,0,0.0,1500.0
Hantuchova D.,Greenset,last_month,0,0,0,0.0,1500.0
Teichmann J.B.,Hard,all,2,1,1,0.5,1492.9431890448031
Teichmann J.B.,Hard,last_year,0,0,0,0.0,1500.0
Teichmann J.B.,Hard,last_month,0,0,0,0.0,1500.0
Teichmann J.B.,Carpet,all,0,0,0,0.0,1500.0
Teichmann J.B.,Carpet,last_year,0,0,0,0.0,1500.0
Teichmann J.B.,Carpet,last_month,0,0,0,0.0,1500.0
Teichmann J.B.,Clay,all,6,2,4,0.6666666666666666,1445.3132945549478
Teichmann J.B.,Clay,last_year,0,0,0,0.0,1500.0
Teichmann J.B.,Clay,last_month,0,0,0,0.0,1500.0
Teichmann J.B.,Grass,all,0,0,0,0.0,1500.0
Teichmann J.B.,Grass,last_year,0,0,0,0.0,1500.0
Teichmann J.B.,Grass,last_month,0,0,0,0.0,1500.0
Teichmann J.B.,Greenset,all,0,0,0,0.0,1500.0
Teichmann J.B.,Greenset,last_year,0,0,0,0.0,1500.0
Teichmann J.B.,Greenset,last_month,0,0,0,0.0,1500.0
Beygelzimer Y.,Hard,all,11,3,8,0.7272727272727273,1438.9213696085908
Beygelzimer Y.,Hard,last_year,0,0,0,0.0,1500.0
Beygelzimer Y.,Hard,last_month,0,0,0,0.0,1500.0
Beygelzimer Y.,Carpet,all,0,0,0,0.0,1500.0
Beygelzimer Y.,Carpet,last_year,0,0,0,0.0,1500.0
Beygelzimer Y.,Carpet,last_month,0,0,0,0.0,1500.0
Beygelzimer Y.,Clay,all,15,4,11,0.7333333333333333,1543.4688957388303
Beygelzimer Y.,Clay,last_year,0,0,0,0.0,1500.0
Beygelzimer Y.,Clay,last_month,0,0,0,0.0,1500.0
Beygelzimer Y.,Grass,all,1,0,1,1.0,1516.010035891935
Beygelzimer Y.,Grass,last_year,0,0,0,0.0,1500.0
Beygelzimer Y.,Grass,last_month,0,0,0,0.0,1500.0
Beygelzimer Y.,Greenset,all,0,0,0,0.0,1500.0
Beygelzimer Y.,Greenset,last_year,0,0,0,0.0,1500.0
Beygelzimer Y.,Greenset,last_month,0,0,0,0.0,1500.0
Wang Y.,Hard,all,39,19,20,0.5128205128205128,1597.6082237746919
Wang Y.,Hard,last_year,12,5,7,0.5833333333333334,1564.4132930551607
Wang Y.,Hard,last_month,0,0,0,0.0,1500.0
Wang Y.,Carpet,all,0,0,0,0.0,1500.0
Wang Y.,Carpet,last_year,0,0,0,0.0,1500.0
Wang Y.,Carpet,last_month,0,0,0,0.0,1500.0
Wang Y.,Clay,all,9,3,6,0.6666666666666666,1459.7776569648188
Wang Y.,Clay,last_year,0,0,0,0.0,1500.0
Wang Y.,Clay,last_month,0,0,0,0.0,1500.0
Wang Y.,Grass,all,6,1,5,0.8333333333333334,1476.9169761376377
Wang Y.,Grass,last_year,2,1,1,0.5,1500.0
Wang Y.,Grass,last_month,0,0,0,0.0,1500.0
Wang Y.,Greenset,all,0,0,0,0.0,1500.0
Wang Y.,Greenset,last_year,0,0,0,0.0,1500.0
Wang Y.,Greenset,last_month,0,0,0,0.0,1500.0
Ruse E.G.,Hard,all,47,20,27,0.425531914893617,1574.4808289111913
Ruse E.G.,Hard,last_year,10,5,5,0.5,1548.7393867807184
Ruse E.G.,Hard,last_month,0,0,0,0.0,1500.0
Ruse E.G.,Carpet,all,0,0,0,0.0,1500.0
Ruse E.G.,Carpet,last_year,0,0,0,0.0,1500.0
Ruse E.G.,Carpet,last_month,0,0,0,0.0,1500.0
Ruse E.G.,Clay,all,39,20,19,0.48717948717948717,1506.7510183766958
Ruse E.G.,Clay,last_year,10,6,4,0.4,1465.7591974109182
Ruse E.G.,Clay,last_month,0,0,0,0.0,1500.0
Ruse E.G.,Grass,all,17,7,10,0.5882352941176471,1577.028182454112
Ruse E.G.,Grass,last_year,7,4,3,0.42857142857142855,1564.382529755669
Ruse E.G.,Grass,last_month,6,4,2,0.3333333333333333,1552.3140832613465
Ruse E.G.,Greenset,all,0,0,0,0.0,1500.0
Ruse E.G.,Greenset,last_year,0,0,0,0.0,1500.0
Ruse E.G.,Greenset,last_month,0,0,0,0.0,1500.0
Mattek B.,Hard,all,26,14,12,0.46153846153846156,1518.707033178865
Mattek B.,Hard,last_year,0,0,0,0.0,1500.0
Mattek B.,Hard,last_month,0,0,0,0.0,1500.0
Mattek B.,Carpet,all,1,0,1,1.0,1516.0
Mattek B.,Carpet,last_year,0,0,0,0.0,1500.0
Mattek B.,Carpet,last_month,0,0,0,0.0,1500.0
Mattek B.,Clay,all,7,2,5,0.7142857142857143,1450.3863223564856
Mattek B.,Clay,last_year,0,0,0,0.0,1500.0
Mattek B.,Clay,last_month,0,0,0,0.0,1500.0
Mattek B.,Grass,all,12,8,4,0.3333333333333333,1528.3384990724078
Mattek B.,Grass,last_year,0,0,0,0.0,1500.0
Mattek B.,Grass,last_month,0,0,0,0.0,1500.0
Mattek B.,Greenset,all,0,0,0,0.0,1500.0
Mattek B.,Greenset,last_year,0,0,0,0.0,1500.0
Mattek B.,Greenset,last_month,0,0,0,0.0,1500.0
Arango E.,Hard,all,18,11,7,0.3888888888888889,1564.4172467201677
Arango E.,Hard,last_year,4,3,1,0.25,1529.946989313521
Arango E.,Hard,last_month,0,0,0,0.0,1500.0
Arango E.,Carpet,all,0,0,0,0.0,1500.0
Arango E.,Carpet,last_year,0,0,0,0.0,1500.0
Arango E.,Carpet,last_month,0,0,0,0.0,1500.0
Arango E.,Clay,all,16,5,11,0.6875,1474.9496960870815
Arango E.,Clay,last_year,7,2,5,0.7142857142857143,1519.7591696398115
Arango E.,Clay,last_month,0,0,0,0.0,1500.0
Arango E.,Grass,all,2,0,2,1.0,1501.906340046166
Arango E.,Grass,last_year,1,0,1,1.0,1518.6481734993386
Arango E.,Grass,last_month,1,0,1,1.0,1516.766894868363
Arango E.,Greenset,all,0,0,0,0.0,1500.0
Arango E.,Greenset,last_year,0,0,0,0.0,1500.0
Arango E.,Greenset,last_month,0,0,0,0.0,1500.0
Sharma A.,Hard,all,27,6,21,0.7777777777777778,1449.5321340096366
Sharma A.,Hard,last_year,0,0,0,0.0,1500.0
Sharma A.,Hard,last_month,0,0,0,0.0,1500.0
Sharma A.,Carpet,all,0,0,0,0.0,1500.0
Sharma A.,Carpet,last_year,0,0,0,0.0,1500.0
Sharma A.,Carpet,last_month,0,0,0,0.0,1500.0
Sharma A.,Clay,all,39,22,17,0.4358974358974359,1532.6687095445086
Sharma A.,Clay,last_year,4,2,2,0.5,1500.6672913596508
Sharma A.,Clay,last_month,0,0,0,0.0,1500.0
Sharma A.,Grass,all,4,0,4,1.0,1533.422282730621
Sharma A.,Grass,last_year,0,0,0,0.0,1500.0
Sharma A.,Grass,last_month,0,0,0,0.0,1500.0
Sharma A.,Greenset,all,0,0,0,0.0,1500.0
Sharma A.,Greenset,last_year,0,0,0,0.0,1500.0
Sharma A.,Greenset,last_month,0,0,0,0.0,1500.0
Honcova M.,Hard,all,0,0,0,0.0,1500.0
Honcova M.,Hard,last_year,0,0,0,0.0,1500.0
Honcova M.,Hard,last_month,0,0,0,0.0,1500.0
Honcova M.,Carpet,all,0,0,0,0.0,1500.0
Honcova M.,Carpet,last_year,0,0,0,0.0,1500.0
Honcova M.,Carpet,last_month,0,0,0,0.0,1500.0
Honcova M.,Clay,all,3,0,3,1.0,1488.2659641288396
Honcova M.,Clay,last_year,0,0,0,0.0,1500.0
Honcova M.,Clay,last_month,0,0,0,0.0,1500.0
Honcova M.,Grass,all,0,0,0,0.0,1500.0
Honcova M.,Grass,last_year,0,0,0,0.0,1500.0
Honcova M.,Grass,last_month,0,0,0,0.0,1500.0
Honcova M.,Greenset,all,0,0,0,0.0,1500.0
Honcova M.,Greenset,last_year,0,0,0,0.0,1500.0
Honcova M.,Greenset,last_month,0,0,0,0.0,1500.0
Wongteanchai Vara.,Hard,all,1,0,1,1.0,1485.7755735572982
Wongteanchai Vara.,Hard,last_year,0,0,0,0.0,1500.0
Wongteanchai Vara.,Hard,last_month,0,0,0,0.0,1500.0
Wongteanchai Vara.,Carpet,all,0,0,0,0.0,1500.0
Wongteanchai Vara.,Carpet,last_year,0,0,0,0.0,1500.0
Wongteanchai Vara.,Carpet,last_month,0,0,0,0.0,1500.0
Wongteanchai Vara.,Clay,all,0,0,0,0.0,1500.0
Wongteanchai Vara.,Clay,last_year,0,0,0,0.0,1500.0
Wongteanchai Vara.,Clay,last_month,0,0,0,0.0,1500.0
Wongteanchai Vara.,Grass,all,0,0,0,0.0,1500.0
Wongteanchai Vara.,Grass,last_year,0,0,0,0.0,1500.0
Wongteanchai Vara.,Grass,last_month,0,0,0,0.0,1500.0
Wongteanchai Vara.,Greenset,all,0,0,0,0.0,1500.0
Wongteanchai Vara.,Greenset,last_year,0,0,0,0.0,1500.0
Wongteanchai Vara.,Greenset,last_month,0,0,0,0.0,1500.0
Dolonts V.,Hard,all,6,1,5,0.8333333333333334,1492.3001806159612
Dolonts V.,Hard,last_year,0,0,0,0.0,1500.0
Dolonts V.,Hard,last_month,0,0,0,0.0,1500.0
Dolonts V.,Carpet,all,0,0,0,0.0,1500.0
Dolonts V.,Carpet,last_year,0,0,0,0.0,1500.0
Dolonts V.,Carpet,last_month,0,0,0,0.0,1500.0
Dolonts V.,Clay,all,5,3,2,0.4,1492.3734952109785
Dolonts V.,Clay,last_year,0,0,0,0.0,1500.0
Dolonts V.,Clay,last_month,0,0,0,0.0,1500.0
Dolonts V.,Grass,all,1,0,1,1.0,1481.3935389309834
Dolonts V.,Grass,last_year,0,0,0,0.0,1500.0
Dolonts V.,Grass,last_month,0,0,0,0.0,1500.0
Dolonts V.,Greenset,all,0,0,0,0.0,1500.0
Dolonts V.,Greenset,last_year,0,0,0,0.0,1500.0
Dolonts V.,Greenset,last_month,0,0,0,0.0,1500.0
Fernandez-Brugues E.,Hard,all,0,0,0,0.0,1500.0
Fernandez-Brugues E.,Hard,last_year,0,0,0,0.0,1500.0
Fernandez-Brugues E.,Hard,last_month,0,0,0,0.0,1500.0
Fernandez-Brugues E.,Carpet,all,0,0,0,0.0,1500.0
Fernandez-Brugues E.,Carpet,last_year,0,0,0,0.0,1500.0
Fernandez-Brugues E.,Carpet,last_month,0,0,0,0.0,1500.0
Fernandez-Brugues E.,Clay,all,3,1,2,0.6666666666666666,1483.04454600028
Fernandez-Brugues E.,Clay,last_year,0,0,0,0.0,1500.0
Fernandez-Brugues E.,Clay,last_month,0,0,0,0.0,1500.0
Fernandez-Brugues E.,Grass,all,0,0,0,0.0,1500.0
Fernandez-Brugues E.,Grass,last_year,0,0,0,0.0,1500.0
Fernandez-Brugues E.,Grass,last_month,0,0,0,0.0,1500.0
Fernandez-Brugues E.,Greenset,all,0,0,0,0.0,1500.0
Fernandez-Brugues E.,Greenset,last_year,0,0,0,0.0,1500.0
Fernandez-Brugues E.,Greenset,last_month,0,0,0,0.0,1500.0
Morigami A.,Hard,all,32,12,20,0.625,1562.9532256342457
Morigami A.,Hard,last_year,0,0,0,0.0,1500.0
Morigami A.,Hard,last_month,0,0,0,0.0,1500.0
Morigami A.,Carpet,all,0,0,0,0.0,1500.0
Morigami A.,Carpet,last_year,0,0,0,0.0,1500.0
Morigami A.,Carpet,last_month,0,0,0,0.0,1500.0
Morigami A.,Clay,all,10,4,6,0.6,1483.2272148271295
Morigami A.,Clay,last_year,0,0,0,0.0,1500.0
Morigami A.,Clay,last_month,0,0,0,0.0,1500.0
Morigami A.,Grass,all,5,2,3,0.6,1540.8683779297698
Morigami A.,Grass,last_year,0,0,0,0.0,1500.0
Morigami A.,Grass,last_month,0,0,0,0.0,1500.0
Morigami A.,Greenset,all,0,0,0,0.0,1500.0
Morigami A.,Greenset,last_year,0,0,0,0.0,1500.0
Morigami A.,Greenset,last_month,0,0,0,0.0,1500.0
Cirstea S.,Hard,all,366,182,184,0.5027322404371585,1561.001439882223
Cirstea S.,Hard,last_year,15,8,7,0.4666666666666667,1513.1671471411512
Cirstea S.,Hard,last_month,0,0,0,0.0,1500.0
Cirstea S.,Carpet,all,1,0,1,1.0,1485.4578126340282
Cirstea S.,Carpet,last_year,0,0,0,0.0,1500.0
Cirstea S.,Carpet,last_month,0,0,0,0.0,1500.0
Cirstea S.,Clay,all,188,94,94,0.5,1435.8976566104452
Cirstea S.,Clay,last_year,1,0,1,1.0,1514.5962221767109
Cirstea S.,Clay,last_month,0,0,0,0.0,1500.0
Cirstea S.,Grass,all,64,28,36,0.5625,1525.9443756757714
Cirstea S.,Grass,last_year,2,0,2,1.0,1531.263693206478
Cirstea S.,Grass,last_month,1,0,1,1.0,1516.0
Cirstea S.,Greenset,all,0,0,0,0.0,1500.0
Cirstea S.,Greenset,last_year,0,0,0,0.0,1500.0
Cirstea S.,Greenset,last_month,0,0,0,0.0,1500.0
Lukacs V.,Hard,all,0,0,0,0.0,1500.0
Lukacs V.,Hard,last_year,0,0,0,0.0,1500.0
Lukacs V.,Hard,last_month,0,0,0,0.0,1500.0
Lukacs V.,Carpet,all,0,0,0,0.0,1500.0
Lukacs V.,Carpet,last_year,0,0,0,0.0,1500.0
Lukacs V.,Carpet,last_month,0,0,0,0.0,1500.0
Lukacs V.,Clay,all,3,0,3,1.0,1516.9507345933293
Lukacs V.,Clay,last_year,0,0,0,0.0,1500.0
Lukacs V.,Clay,last_month,0,0,0,0.0,1500.0
Lukacs V.,Grass,all,0,0,0,0.0,1500.0
Lukacs V.,Grass,last_year,0,0,0,0.0,1500.0
Lukacs V.,Grass,last_month,0,0,0,0.0,1500.0
Lukacs V.,Greenset,all,0,0,0,0.0,1500.0
Lukacs V.,Greenset,last_year,0,0,0,0.0,1500.0
Lukacs V.,Greenset,last_month,0,0,0,0.0,1500.0
Bains N.,Hard,all,1,0,1,1.0,1515.2900600146966
Bains N.,Hard,last_year,0,0,0,0.0,1500.0
Bains N.,Hard,last_month,0,0,0,0.0,1500.0
Bains N.,Carpet,all,0,0,0,0.0,1500.0
Bains N.,Carpet,last_year,0,0,0,0.0,1500.0
Bains N.,Carpet,last_month,0,0,0,0.0,1500.0
Bains N.,Clay,all,0,0,0,0.0,1500.0
Bains N.,Clay,last_year,0,0,0,0.0,1500.0
Bains N.,Clay,last_month,0,0,0,0.0,1500.0
Bains N.,Grass,all,1,0,1,1.0,1514.4069430362747
Bains N.,Grass,last_year,0,0,0,0.0,1500.0
Bains N.,Grass,last_month,0,0,0,0.0,1500.0
Bains N.,Greenset,all,0,0,0,0.0,1500.0
Bains N.,Greenset,last_year,0,0,0,0.0,1500.0
Bains N.,Greenset,last_month,0,0,0,0.0,1500.0
Azarenka V.,Hard,all,495,372,123,0.7515151515151515,1545.149907311048
Azarenka V.,Hard,last_year,17,10,7,0.5882352941176471,1532.3833326174326
Azarenka V.,Hard,last_month,0,0,0,0.0,1500.0
Azarenka V.,Carpet,all,5,2,3,0.6,1549.551976942434
Azarenka V.,Carpet,last_year,0,0,0,0.0,1500.0
Azarenka V.,Carpet,last_month,0,0,0,0.0,1500.0
Azarenka V.,Clay,all,167,116,51,0.30538922155688625,1521.9238394572317
Azarenka V.,Clay,last_year,5,2,3,0.6,1514.8337090743714
Azarenka V.,Clay,last_month,0,0,0,0.0,1500.0
Azarenka V.,Grass,all,75,51,24,0.32,1516.995409522729
Azarenka V.,Grass,last_year,3,1,2,0.6666666666666666,1516.624334245675
Azarenka V.,Grass,last_month,3,1,2,0.6666666666666666,1514.6585606439921
Azarenka V.,Greenset,all,0,0,0,0.0,1500.0
Azarenka V.,Greenset,last_year,0,0,0,0.0,1500.0
Azarenka V.,Greenset,last_month,0,0,0,0.0,1500.0
Jani R.L.,Hard,all,2,0,2,1.0,1467.2312831419451
Jani R.L.,Hard,last_year,0,0,0,0.0,1500.0
Jani R.L.,Hard,last_month,0,0,0,0.0,1500.0
Jani R.L.,Carpet,all,0,0,0,0.0,1500.0
Jani R.L.,Carpet,last_year,0,0,0,0.0,1500.0
Jani R.L.,Carpet,last_month,0,0,0,0.0,1500.0
Jani R.L.,Clay,all,19,5,14,0.7368421052631579,1520.568788065127
Jani R.L.,Clay,last_year,0,0,0,0.0,1500.0
Jani R.L.,Clay,last_month,0,0,0,0.0,1500.0
Jani R.L.,Grass,all,0,0,0,0.0,1500.0
Jani R.L.,Grass,last_year,0,0,0,0.0,1500.0
Jani R.L.,Grass,last_month,0,0,0,0.0,1500.0
Jani R.L.,Greenset,all,0,0,0,0.0,1500.0
Jani R.L.,Greenset,last_year,0,0,0,0.0,1500.0
Jani R.L.,Greenset,last_month,0,0,0,0.0,1500.0
Di Giuseppe M.,Hard,all,1,0,1,1.0,1515.8530993128084
Di Giuseppe M.,Hard,last_year,0,0,0,0.0,1500.0
Di Giuseppe M.,Hard,last_month,0,0,0,0.0,1500.0
Di Giuseppe M.,Carpet,all,0,0,0,0.0,1500.0
Di Giuseppe M.,Carpet,last_year,0,0,0,0.0,1500.0
Di Giuseppe M.,Carpet,last_month,0,0,0,0.0,1500.0
Di Giuseppe M.,Clay,all,6,3,3,0.5,1524.7855207882087
Di Giuseppe M.,Clay,last_year,0,0,0,0.0,1500.0
Di Giuseppe M.,Clay,last_month,0,0,0,0.0,1500.0
Di Giuseppe M.,Grass,all,1,0,1,1.0,1516.0
Di Giuseppe M.,Grass,last_year,0,0,0,0.0,1500.0
Di Giuseppe M.,Grass,last_month,0,0,0,0.0,1500.0
Di Giuseppe M.,Greenset,all,0,0,0,0.0,1500.0
Di Giuseppe M.,Greenset,last_year,0,0,0,0.0,1500.0
Di Giuseppe M.,Greenset,last_month,0,0,0,0.0,1500.0
Kirilenko M.,Hard,all,241,142,99,0.4107883817427386,1532.9853103515418
Kirilenko M.,Hard,last_year,0,0,0,0.0,1500.0
Kirilenko M.,Hard,last_month,0,0,0,0.0,1500.0
Kirilenko M.,Carpet,all,4,1,3,0.75,1438.9592615955648
Kirilenko M.,Carpet,last_year,0,0,0,0.0,1500.0
Kirilenko M.,Carpet,last_month,0,0,0,0.0,1500.0
Kirilenko M.,Clay,all,80,47,33,0.4125,1397.9585801513506
Kirilenko M.,Clay,last_year,0,0,0,0.0,1500.0
Kirilenko M.,Clay,last_month,0,0,0,0.0,1500.0
Kirilenko M.,Grass,all,32,15,17,0.53125,1544.7377918134844
Kirilenko M.,Grass,last_year,0,0,0,0.0,1500.0
Kirilenko M.,Grass,last_month,0,0,0,0.0,1500.0
Kirilenko M.,Greenset,all,5,5,0,1.0,1482.7244567401547
Kirilenko M.,Greenset,last_year,0,0,0,0.0,1500.0
Kirilenko M.,Greenset,last_month,0,0,0,0.0,1500.0
Ku Y.,Hard,all,1,0,1,1.0,1517.8193272675258
Ku Y.,Hard,last_year,0,0,0,0.0,1500.0
Ku Y.,Hard,last_month,0,0,0,0.0,1500.0
Ku Y.,Carpet,all,0,0,0,0.0,1500.0
Ku Y.,Carpet,last_year,0,0,0,0.0,1500.0
Ku Y.,Carpet,last_month,0,0,0,0.0,1500.0
Ku Y.,Clay,all,0,0,0,0.0,1500.0
Ku Y.,Clay,last_year,0,0,0,0.0,1500.0
Ku Y.,Clay,last_month,0,0,0,0.0,1500.0
Ku Y.,Grass,all,0,0,0,0.0,1500.0
Ku Y.,Grass,last_year,0,0,0,0.0,1500.0
Ku Y.,Grass,last_month,0,0,0,0.0,1500.0
Ku Y.,Greenset,all,0,0,0,0.0,1500.0
Ku Y.,Greenset,last_year,0,0,0,0.0,1500.0
Ku Y.,Greenset,last_month,0,0,0,0.0,1500.0
Liu C.,Hard,all,55,18,37,0.6727272727272727,1506.6617608654367
Liu C.,Hard,last_year,2,0,2,1.0,1500.7773252920722
Liu C.,Hard,last_month,0,0,0,0.0,1500.0
Liu C.,Carpet,all,0,0,0,0.0,1500.0
Liu C.,Carpet,last_year,0,0,0,0.0,1500.0
Liu C.,Carpet,last_month,0,0,0,0.0,1500.0
Liu C.,Clay,all,27,14,13,0.48148148148148145,1431.6989620920654
Liu C.,Clay,last_year,0,0,0,0.0,1500.0
Liu C.,Clay,last_month,0,0,0,0.0,1500.0
Liu C.,Grass,all,9,3,6,0.6666666666666666,1543.1610641411326
Liu C.,Grass,last_year,0,0,0,0.0,1500.0
Liu C.,Grass,last_month,0,0,0,0.0,1500.0
Liu C.,Greenset,all,0,0,0,0.0,1500.0
Liu C.,Greenset,last_year,0,0,0,0.0,1500.0
Liu C.,Greenset,last_month,0,0,0,0.0,1500.0
Kim S.J.,Hard,all,4,0,4,1.0,1469.6646678757518
Kim S.J.,Hard,last_year,0,0,0,0.0,1500.0
Kim S.J.,Hard,last_month,0,0,0,0.0,1500.0
Kim S.J.,Carpet,all,0,0,0,0.0,1500.0
Kim S.J.,Carpet,last_year,0,0,0,0.0,1500.0
Kim S.J.,Carpet,last_month,0,0,0,0.0,1500.0
Kim S.J.,Clay,all,0,0,0,0.0,1500.0
Kim S.J.,Clay,last_year,0,0,0,0.0,1500.0
Kim S.J.,Clay,last_month,0,0,0,0.0,1500.0
Kim S.J.,Grass,all,0,0,0,0.0,1500.0
Kim S.J.,Grass,last_year,0,0,0,0.0,1500.0
Kim S.J.,Grass,last_month,0,0,0,0.0,1500.0
Kim S.J.,Greenset,all,0,0,0,0.0,1500.0
Kim S.J.,Greenset,last_year,0,0,0,0.0,1500.0
Kim S.J.,Greenset,last_month,0,0,0,0.0,1500.0
Grey S.,Hard,all,0,0,0,0.0,1500.0
Grey S.,Hard,last_year,0,0,0,0.0,1500.0
Grey S.,Hard,last_month,0,0,0,0.0,1500.0
Grey S.,Carpet,all,0,0,0,0.0,1500.0
Grey S.,Carpet,last_year,0,0,0,0.0,1500.0
Grey S.,Carpet,last_month,0,0,0,0.0,1500.0
Grey S.,Clay,all,0,0,0,0.0,1500.0
Grey S.,Clay,last_year,0,0,0,0.0,1500.0
Grey S.,Clay,last_month,0,0,0,0.0,1500.0
Grey S.,Grass,all,1,0,1,1.0,1516.0
Grey S.,Grass,last_year,0,0,0,0.0,1500.0
Grey S.,Grass,last_month,0,0,0,0.0,1500.0
Grey S.,Greenset,all,0,0,0,0.0,1500.0
Grey S.,Greenset,last_year,0,0,0,0.0,1500.0
Grey S.,Greenset,last_month,0,0,0,0.0,1500.0
Bjorklund M.,Hard,all,9,3,6,0.6666666666666666,1451.2408603307053
Bjorklund M.,Hard,last_year,0,0,0,0.0,1500.0
Bjorklund M.,Hard,last_month,0,0,0,0.0,1500.0
Bjorklund M.,Carpet,all,0,0,0,0.0,1500.0
Bjorklund M.,Carpet,last_year,0,0,0,0.0,1500.0
Bjorklund M.,Carpet,last_month,0,0,0,0.0,1500.0
Bjorklund M.,Clay,all,7,3,4,0.5714285714285714,1484.0133587868288
Bjorklund M.,Clay,last_year,0,0,0,0.0,1500.0
Bjorklund M.,Clay,last_month,0,0,0,0.0,1500.0
Bjorklund M.,Grass,all,1,0,1,1.0,1517.8055850998576
Bjorklund M.,Grass,last_year,0,0,0,0.0,1500.0
Bjorklund M.,Grass,last_month,0,0,0,0.0,1500.0
Bjorklund M.,Greenset,all,0,0,0,0.0,1500.0
Bjorklund M.,Greenset,last_year,0,0,0,0.0,1500.0
Bjorklund M.,Greenset,last_month,0,0,0,0.0,1500.0
Brandi K.,Hard,all,1,0,1,1.0,1515.3600359812726
Brandi K.,Hard,last_year,0,0,0,0.0,1500.0
Brandi K.,Hard,last_month,0,0,0,0.0,1500.0
Brandi K.,Carpet,all,0,0,0,0.0,1500.0
Brandi K.,Carpet,last_year,0,0,0,0.0,1500.0
Brandi K.,Carpet,last_month,0,0,0,0.0,1500.0
Brandi K.,Clay,all,0,0,0,0.0,1500.0
Brandi K.,Clay,last_year,0,0,0,0.0,1500.0
Brandi K.,Clay,last_month,0,0,0,0.0,1500.0
Brandi K.,Grass,all,1,0,1,1.0,1483.263693206478
Brandi K.,Grass,last_year,0,0,0,0.0,1500.0
Brandi K.,Grass,last_month,0,0,0,0.0,1500.0
Brandi K.,Greenset,all,0,0,0,0.0,1500.0
Brandi K.,Greenset,last_year,0,0,0,0.0,1500.0
Brandi K.,Greenset,last_month,0,0,0,0.0,1500.0
Shulaeva E.,Hard,all,1,0,1,1.0,1516.0
Shulaeva E.,Hard,last_year,0,0,0,0.0,1500.0
Shulaeva E.,Hard,last_month,0,0,0,0.0,1500.0
Shulaeva E.,Carpet,all,0,0,0,0.0,1500.0
Shulaeva E.,Carpet,last_year,0,0,0,0.0,1500.0
Shulaeva E.,Carpet,last_month,0,0,0,0.0,1500.0
Shulaeva E.,Clay,all,0,0,0,0.0,1500.0
Shulaeva E.,Clay,last_year,0,0,0,0.0,1500.0
Shulaeva E.,Clay,last_month,0,0,0,0.0,1500.0
Shulaeva E.,Grass,all,0,0,0,0.0,1500.0
Shulaeva E.,Grass,last_year,0,0,0,0.0,1500.0
Shulaeva E.,Grass,last_month,0,0,0,0.0,1500.0
Shulaeva E.,Greenset,all,0,0,0,0.0,1500.0
Shulaeva E.,Greenset,last_year,0,0,0,0.0,1500.0
Shulaeva E.,Greenset,last_month,0,0,0,0.0,1500.0
Marcinkevica D.,Hard,all,0,0,0,0.0,1500.0
Marcinkevica D.,Hard,last_year,0,0,0,0.0,1500.0
Marcinkevica D.,Hard,last_month,0,0,0,0.0,1500.0
Marcinkevica D.,Carpet,all,0,0,0,0.0,1500.0
Marcinkevica D.,Carpet,last_year,0,0,0,0.0,1500.0
Marcinkevica D.,Carpet,last_month,0,0,0,0.0,1500.0
Marcinkevica D.,Clay,all,4,1,3,0.75,1466.5172452842967
Marcinkevica D.,Clay,last_year,0,0,0,0.0,1500.0
Marcinkevica D.,Clay,last_month,0,0,0,0.0,1500.0
Marcinkevica D.,Grass,all,0,0,0,0.0,1500.0
Marcinkevica D.,Grass,last_year,0,0,0,0.0,1500.0
Marcinkevica D.,Grass,last_month,0,0,0,0.0,1500.0
Marcinkevica D.,Greenset,all,0,0,0,0.0,1500.0
Marcinkevica D.,Greenset,last_year,0,0,0,0.0,1500.0
Marcinkevica D.,Greenset,last_month,0,0,0,0.0,1500.0
Neuwirth Y.,Hard,all,0,0,0,0.0,1500.0
Neuwirth Y.,Hard,last_year,0,0,0,0.0,1500.0
Neuwirth Y.,Hard,last_month,0,0,0,0.0,1500.0
Neuwirth Y.,Carpet,all,0,0,0,0.0,1500.0
Neuwirth Y.,Carpet,last_year,0,0,0,0.0,1500.0
Neuwirth Y.,Carpet,last_month,0,0,0,0.0,1500.0
Neuwirth Y.,Clay,all,1,0,1,1.0,1516.9427441189853
Neuwirth Y.,Clay,last_year,0,0,0,0.0,1500.0
Neuwirth Y.,Clay,last_month,0,0,0,0.0,1500.0
Neuwirth Y.,Grass,all,0,0,0,0.0,1500.0
Neuwirth Y.,Grass,last_year,0,0,0,0.0,1500.0
Neuwirth Y.,Grass,last_month,0,0,0,0.0,1500.0
Neuwirth Y.,Greenset,all,0,0,0,0.0,1500.0
Neuwirth Y.,Greenset,last_year,0,0,0,0.0,1500.0
Neuwirth Y.,Greenset,last_month,0,0,0,0.0,1500.0
Chuang C.J.,Hard,all,0,0,0,0.0,1500.0
Chuang C.J.,Hard,last_year,0,0,0,0.0,1500.0
Chuang C.J.,Hard,last_month,0,0,0,0.0,1500.0
Chuang C.J.,Carpet,all,0,0,0,0.0,1500.0
Chuang C.J.,Carpet,last_year,0,0,0,0.0,1500.0
Chuang C.J.,Carpet,last_month,0,0,0,0.0,1500.0
Chuang C.J.,Clay,all,1,0,1,1.0,1516.034285825572
Chuang C.J.,Clay,last_year,0,0,0,0.0,1500.0
Chuang C.J.,Clay,last_month,0,0,0,0.0,1500.0
Chuang C.J.,Grass,all,0,0,0,0.0,1500.0
Chuang C.J.,Grass,last_year,0,0,0,0.0,1500.0
Chuang C.J.,Grass,last_month,0,0,0,0.0,1500.0
Chuang C.J.,Greenset,all,0,0,0,0.0,1500.0
Chuang C.J.,Greenset,last_year,0,0,0,0.0,1500.0
Chuang C.J.,Greenset,last_month,0,0,0,0.0,1500.0
Pigato L.,Hard,all,0,0,0,0.0,1500.0
Pigato L.,Hard,last_year,0,0,0,0.0,1500.0
Pigato L.,Hard,last_month,0,0,0,0.0,1500.0
Pigato L.,Carpet,all,0,0,0,0.0,1500.0
Pigato L.,Carpet,last_year,0,0,0,0.0,1500.0
Pigato L.,Carpet,last_month,0,0,0,0.0,1500.0
Pigato L.,Clay,all,4,1,3,0.75,1466.701244242853
Pigato L.,Clay,last_year,0,0,0,0.0,1500.0
Pigato L.,Clay,last_month,0,0,0,0.0,1500.0
Pigato L.,Grass,all,0,0,0,0.0,1500.0
Pigato L.,Grass,last_year,0,0,0,0.0,1500.0
Pigato L.,Grass,last_month,0,0,0,0.0,1500.0
Pigato L.,Greenset,all,0,0,0,0.0,1500.0
Pigato L.,Greenset,last_year,0,0,0,0.0,1500.0
Pigato L.,Greenset,last_month,0,0,0,0.0,1500.0
Alves M.F.,Hard,all,3,0,3,1.0,1454.7739375265717
Alves M.F.,Hard,last_year,0,0,0,0.0,1500.0
Alves M.F.,Hard,last_month,0,0,0,0.0,1500.0
Alves M.F.,Carpet,all,0,0,0,0.0,1500.0
Alves M.F.,Carpet,last_year,0,0,0,0.0,1500.0
Alves M.F.,Carpet,last_month,0,0,0,0.0,1500.0
Alves M.F.,Clay,all,0,0,0,0.0,1500.0
Alves M.F.,Clay,last_year,0,0,0,0.0,1500.0
Alves M.F.,Clay,last_month,0,0,0,0.0,1500.0
Alves M.F.,Grass,all,0,0,0,0.0,1500.0
Alves M.F.,Grass,last_year,0,0,0,0.0,1500.0
Alves M.F.,Grass,last_month,0,0,0,0.0,1500.0
Alves M.F.,Greenset,all,0,0,0,0.0,1500.0
Alves M.F.,Greenset,last_year,0,0,0,0.0,1500.0
Alves M.F.,Greenset,last_month,0,0,0,0.0,1500.0
Niculescu M.,Hard,all,268,130,138,0.5149253731343284,1471.6209292332242
Niculescu M.,Hard,last_year,0,0,0,0.0,1500.0
Niculescu M.,Hard,last_month,0,0,0,0.0,1500.0
Niculescu M.,Carpet,all,2,1,1,0.5,1469.5522800483309
Niculescu M.,Carpet,last_year,0,0,0,0.0,1500.0
Niculescu M.,Carpet,last_month,0,0,0,0.0,1500.0
Niculescu M.,Clay,all,62,21,41,0.6612903225806451,1509.3022496182095
Niculescu M.,Clay,last_year,0,0,0,0.0,1500.0
Niculescu M.,Clay,last_month,0,0,0,0.0,1500.0
Niculescu M.,Grass,all,37,14,23,0.6216216216216216,1402.413085705148
Niculescu M.,Grass,last_year,0,0,0,0.0,1500.0
Niculescu M.,Grass,last_month,0,0,0,0.0,1500.0
Niculescu M.,Greenset,all,0,0,0,0.0,1500.0
Niculescu M.,Greenset,last_year,0,0,0,0.0,1500.0
Niculescu M.,Greenset,last_month,0,0,0,0.0,1500.0
Yonemura T.,Hard,all,3,0,3,1.0,1513.4300973038821
Yonemura T.,Hard,last_year,0,0,0,0.0,1500.0
Yonemura T.,Hard,last_month,0,0,0,0.0,1500.0
Yonemura T.,Carpet,all,0,0,0,0.0,1500.0
Yonemura T.,Carpet,last_year,0,0,0,0.0,1500.0
Yonemura T.,Carpet,last_month,0,0,0,0.0,1500.0
Yonemura T.,Clay,all,0,0,0,0.0,1500.0
Yonemura T.,Clay,last_year,0,0,0,0.0,1500.0
Yonemura T.,Clay,last_month,0,0,0,0.0,1500.0
Yonemura T.,Grass,all,0,0,0,0.0,1500.0
Yonemura T.,Grass,last_year,0,0,0,0.0,1500.0
Yonemura T.,Grass,last_month,0,0,0,0.0,1500.0
Yonemura T.,Greenset,all,0,0,0,0.0,1500.0
Yonemura T.,Greenset,last_year,0,0,0,0.0,1500.0
Yonemura T.,Greenset,last_month,0,0,0,0.0,1500.0
Topalova G.,Hard,all,0,0,0,0.0,1500.0
Topalova G.,Hard,last_year,0,0,0,0.0,1500.0
Topalova G.,Hard,last_month,0,0,0,0.0,1500.0
Topalova G.,Carpet,all,0,0,0,0.0,1500.0
Topalova G.,Carpet,last_year,0,0,0,0.0,1500.0
Topalova G.,Carpet,last_month,0,0,0,0.0,1500.0
Topalova G.,Clay,all,2,0,2,1.0,1499.8754883254182
Topalova G.,Clay,last_year,2,0,2,1.0,1500.736306793522
Topalova G.,Clay,last_month,0,0,0,0.0,1500.0
Topalova G.,Grass,all,0,0,0,0.0,1500.0
Topalova G.,Grass,last_year,0,0,0,0.0,1500.0
Topalova G.,Grass,last_month,0,0,0,0.0,1500.0
Topalova G.,Greenset,all,0,0,0,0.0,1500.0
Topalova G.,Greenset,last_year,0,0,0,0.0,1500.0
Topalova G.,Greenset,last_month,0,0,0,0.0,1500.0
Kuzmova V.,Hard,all,73,32,41,0.5616438356164384,1550.4394921290768
Kuzmova V.,Hard,last_year,0,0,0,0.0,1500.0
Kuzmova V.,Hard,last_month,0,0,0,0.0,1500.0
Kuzmova V.,Carpet,all,0,0,0,0.0,1500.0
Kuzmova V.,Carpet,last_year,0,0,0,0.0,1500.0
Kuzmova V.,Carpet,last_month,0,0,0,0.0,1500.0
Kuzmova V.,Clay,all,26,11,15,0.5769230769230769,1495.1129120544658
Kuzmova V.,Clay,last_year,0,0,0,0.0,1500.0
Kuzmova V.,Clay,last_month,0,0,0,0.0,1500.0
Kuzmova V.,Grass,all,9,3,6,0.6666666666666666,1476.345945446846
Kuzmova V.,Grass,last_year,0,0,0,0.0,1500.0
Kuzmova V.,Grass,last_month,0,0,0,0.0,1500.0
Kuzmova V.,Greenset,all,0,0,0,0.0,1500.0
Kuzmova V.,Greenset,last_year,0,0,0,0.0,1500.0
Kuzmova V.,Greenset,last_month,0,0,0,0.0,1500.0
Zakopalova K.,Hard,all,162,78,84,0.5185185185185185,1567.8091771932736
Zakopalova K.,Hard,last_year,0,0,0,0.0,1500.0
Zakopalova K.,Hard,last_month,0,0,0,0.0,1500.0
Zakopalova K.,Carpet,all,1,0,1,1.0,1483.263693206478
Zakopalova K.,Carpet,last_year,0,0,0,0.0,1500.0
Zakopalova K.,Carpet,last_month,0,0,0,0.0,1500.0
Zakopalova K.,Clay,all,115,64,51,0.4434782608695652,1563.9006004178727
Zakopalova K.,Clay,last_year,0,0,0,0.0,1500.0
Zakopalova K.,Clay,last_month,0,0,0,0.0,1500.0
Zakopalova K.,Grass,all,22,12,10,0.45454545454545453,1540.3840155020857
Zakopalova K.,Grass,last_year,0,0,0,0.0,1500.0
Zakopalova K.,Grass,last_month,0,0,0,0.0,1500.0
Zakopalova K.,Greenset,all,0,0,0,0.0,1500.0
Zakopalova K.,Greenset,last_year,0,0,0,0.0,1500.0
Zakopalova K.,Greenset,last_month,0,0,0,0.0,1500.0
Bolsova A.,Hard,all,14,4,10,0.7142857142857143,1520.7624224026656
Bolsova A.,Hard,last_year,0,0,0,0.0,1500.0
Bolsova A.,Hard,last_month,0,0,0,0.0,1500.0
Bolsova A.,Carpet,all,0,0,0,0.0,1500.0
Bolsova A.,Carpet,last_year,0,0,0,0.0,1500.0
Bolsova A.,Carpet,last_month,0,0,0,0.0,1500.0
Bolsova A.,Clay,all,16,7,9,0.5625,1473.7161854354397
Bolsova A.,Clay,last_year,0,0,0,0.0,1500.0
Bolsova A.,Clay,last_month,0,0,0,0.0,1500.0
Bolsova A.,Grass,all,1,0,1,1.0,1483.7684503318048
Bolsova A.,Grass,last_year,0,0,0,0.0,1500.0
Bolsova A.,Grass,last_month,0,0,0,0.0,1500.0
Bolsova A.,Greenset,all,0,0,0,0.0,1500.0
Bolsova A.,Greenset,last_year,0,0,0,0.0,1500.0
Bolsova A.,Greenset,last_month,0,0,0,0.0,1500.0
Toth A.,Hard,all,0,0,0,0.0,1500.0
Toth A.,Hard,last_year,0,0,0,0.0,1500.0
Toth A.,Hard,last_month,0,0,0,0.0,1500.0
Toth A.,Carpet,all,0,0,0,0.0,1500.0
Toth A.,Carpet,last_year,0,0,0,0.0,1500.0
Toth A.,Carpet,last_month,0,0,0,0.0,1500.0
Toth A.,Clay,all,2,0,2,1.0,1496.8763188797943
Toth A.,Clay,last_year,1,0,1,1.0,1516.0
Toth A.,Clay,last_month,0,0,0,0.0,1500.0
Toth A.,Grass,all,0,0,0,0.0,1500.0
Toth A.,Grass,last_year,0,0,0,0.0,1500.0
Toth A.,Grass,last_month,0,0,0,0.0,1500.0
Toth A.,Greenset,all,0,0,0,0.0,1500.0
Toth A.,Greenset,last_year,0,0,0,0.0,1500.0
Toth A.,Greenset,last_month,0,0,0,0.0,1500.0
Rapolu M.,Hard,all,1,0,1,1.0,1484.4239635396941
Rapolu M.,Hard,last_year,1,0,1,1.0,1483.5296182827396
Rapolu M.,Hard,last_month,0,0,0,0.0,1500.0
Rapolu M.,Carpet,all,0,0,0,0.0,1500.0
Rapolu M.,Carpet,last_year,0,0,0,0.0,1500.0
Rapolu M.,Carpet,last_month,0,0,0,0.0,1500.0
Rapolu M.,Clay,all,0,0,0,0.0,1500.0
Rapolu M.,Clay,last_year,0,0,0,0.0,1500.0
Rapolu M.,Clay,last_month,0,0,0,0.0,1500.0
Rapolu M.,Grass,all,0,0,0,0.0,1500.0
Rapolu M.,Grass,last_year,0,0,0,0.0,1500.0
Rapolu M.,Grass,last_month,0,0,0,0.0,1500.0
Rapolu M.,Greenset,all,0,0,0,0.0,1500.0
Rapolu M.,Greenset,last_year,0,0,0,0.0,1500.0
Rapolu M.,Greenset,last_month,0,0,0,0.0,1500.0
Roesch A.,Hard,all,0,0,0,0.0,1500.0
Roesch A.,Hard,last_year,0,0,0,0.0,1500.0
Roesch A.,Hard,last_month,0,0,0,0.0,1500.0
Roesch A.,Carpet,all,0,0,0,0.0,1500.0
Roesch A.,Carpet,last_year,0,0,0,0.0,1500.0
Roesch A.,Carpet,last_month,0,0,0,0.0,1500.0
Roesch A.,Clay,all,1,0,1,1.0,1519.7842088714215
Roesch A.,Clay,last_year,0,0,0,0.0,1500.0
Roesch A.,Clay,last_month,0,0,0,0.0,1500.0
Roesch A.,Grass,all,0,0,0,0.0,1500.0
Roesch A.,Grass,last_year,0,0,0,0.0,1500.0
Roesch A.,Grass,last_month,0,0,0,0.0,1500.0
Roesch A.,Greenset,all,0,0,0,0.0,1500.0
Roesch A.,Greenset,last_year,0,0,0,0.0,1500.0
Roesch A.,Greenset,last_month,0,0,0,0.0,1500.0
Marosi K.,Hard,all,1,0,1,1.0,1510.6259049120279
Marosi K.,Hard,last_year,0,0,0,0.0,1500.0
Marosi K.,Hard,last_month,0,0,0,0.0,1500.0
Marosi K.,Carpet,all,0,0,0,0.0,1500.0
Marosi K.,Carpet,last_year,0,0,0,0.0,1500.0
Marosi K.,Carpet,last_month,0,0,0,0.0,1500.0
Marosi K.,Clay,all,8,4,4,0.5,1500.7895295764708
Marosi K.,Clay,last_year,0,0,0,0.0,1500.0
Marosi K.,Clay,last_month,0,0,0,0.0,1500.0
Marosi K.,Grass,all,0,0,0,0.0,1500.0
Marosi K.,Grass,last_year,0,0,0,0.0,1500.0
Marosi K.,Grass,last_month,0,0,0,0.0,1500.0
Marosi K.,Greenset,all,0,0,0,0.0,1500.0
Marosi K.,Greenset,last_year,0,0,0,0.0,1500.0
Marosi K.,Greenset,last_month,0,0,0,0.0,1500.0
Gehrlein S.,Hard,all,2,0,2,1.0,1508.4958419909738
Gehrlein S.,Hard,last_year,0,0,0,0.0,1500.0
Gehrlein S.,Hard,last_month,0,0,0,0.0,1500.0
Gehrlein S.,Carpet,all,0,0,0,0.0,1500.0
Gehrlein S.,Carpet,last_year,0,0,0,0.0,1500.0
Gehrlein S.,Carpet,last_month,0,0,0,0.0,1500.0
Gehrlein S.,Clay,all,0,0,0,0.0,1500.0
Gehrlein S.,Clay,last_year,0,0,0,0.0,1500.0
Gehrlein S.,Clay,last_month,0,0,0,0.0,1500.0
Gehrlein S.,Grass,all,0,0,0,0.0,1500.0
Gehrlein S.,Grass,last_year,0,0,0,0.0,1500.0
Gehrlein S.,Grass,last_month,0,0,0,0.0,1500.0
Gehrlein S.,Greenset,all,0,0,0,0.0,1500.0
Gehrlein S.,Greenset,last_year,0,0,0,0.0,1500.0
Gehrlein S.,Greenset,last_month,0,0,0,0.0,1500.0
Arruabarrena L.,Hard,all,69,22,47,0.6811594202898551,1451.8702512658879
Arruabarrena L.,Hard,last_year,0,0,0,0.0,1500.0
Arruabarrena L.,Hard,last_month,0,0,0,0.0,1500.0
Arruabarrena L.,Carpet,all,0,0,0,0.0,1500.0
Arruabarrena L.,Carpet,last_year,0,0,0,0.0,1500.0
Arruabarrena L.,Carpet,last_month,0,0,0,0.0,1500.0
Arruabarrena L.,Clay,all,91,46,45,0.4945054945054945,1523.1385452601842
Arruabarrena L.,Clay,last_year,0,0,0,0.0,1500.0
Arruabarrena L.,Clay,last_month,0,0,0,0.0,1500.0
Arruabarrena L.,Grass,all,12,5,7,0.5833333333333334,1495.0470477703327
Arruabarrena L.,Grass,last_year,0,0,0,0.0,1500.0
Arruabarrena L.,Grass,last_month,0,0,0,0.0,1500.0
Arruabarrena L.,Greenset,all,0,0,0,0.0,1500.0
Arruabarrena L.,Greenset,last_year,0,0,0,0.0,1500.0
Arruabarrena L.,Greenset,last_month,0,0,0,0.0,1500.0
Abdala N.,Hard,all,0,0,0,0.0,1500.0
Abdala N.,Hard,last_year,0,0,0,0.0,1500.0
Abdala N.,Hard,last_month,0,0,0,0.0,1500.0
Abdala N.,Carpet,all,0,0,0,0.0,1500.0
Abdala N.,Carpet,last_year,0,0,0,0.0,1500.0
Abdala N.,Carpet,last_month,0,0,0,0.0,1500.0
Abdala N.,Clay,all,1,0,1,1.0,1481.4708704683355
Abdala N.,Clay,last_year,0,0,0,0.0,1500.0
Abdala N.,Clay,last_month,0,0,0,0.0,1500.0
Abdala N.,Grass,all,0,0,0,0.0,1500.0
Abdala N.,Grass,last_year,0,0,0,0.0,1500.0
Abdala N.,Grass,last_month,0,0,0,0.0,1500.0
Abdala N.,Greenset,all,0,0,0,0.0,1500.0
Abdala N.,Greenset,last_year,0,0,0,0.0,1500.0
Abdala N.,Greenset,last_month,0,0,0,0.0,1500.0
Gasanova A.,Hard,all,19,11,8,0.42105263157894735,1552.9089520362045
Gasanova A.,Hard,last_year,0,0,0,0.0,1500.0
Gasanova A.,Hard,last_month,0,0,0,0.0,1500.0
Gasanova A.,Carpet,all,0,0,0,0.0,1500.0
Gasanova A.,Carpet,last_year,0,0,0,0.0,1500.0
Gasanova A.,Carpet,last_month,0,0,0,0.0,1500.0
Gasanova A.,Clay,all,3,0,3,1.0,1546.314735697882
Gasanova A.,Clay,last_year,0,0,0,0.0,1500.0
Gasanova A.,Clay,last_month,0,0,0,0.0,1500.0
Gasanova A.,Grass,all,3,0,3,1.0,1484.5858282480326
Gasanova A.,Grass,last_year,0,0,0,0.0,1500.0
Gasanova A.,Grass,last_month,0,0,0,0.0,1500.0
Gasanova A.,Greenset,all,0,0,0,0.0,1500.0
Gasanova A.,Greenset,last_year,0,0,0,0.0,1500.0
Gasanova A.,Greenset,last_month,0,0,0,0.0,1500.0
Barthel M.,Hard,all,201,102,99,0.4925373134328358,1498.552410925048
Barthel M.,Hard,last_year,0,0,0,0.0,1500.0
Barthel M.,Hard,last_month,0,0,0,0.0,1500.0
Barthel M.,Carpet,all,0,0,0,0.0,1500.0
Barthel M.,Carpet,last_year,0,0,0,0.0,1500.0
Barthel M.,Carpet,last_month,0,0,0,0.0,1500.0
Barthel M.,Clay,all,84,36,48,0.5714285714285714,1474.9104475646038
Barthel M.,Clay,last_year,2,0,2,1.0,1468.736306793522
Barthel M.,Clay,last_month,0,0,0,0.0,1500.0
Barthel M.,Grass,all,33,9,24,0.7272727272727273,1395.2196176432367
Barthel M.,Grass,last_year,0,0,0,0.0,1500.0
Barthel M.,Grass,last_month,0,0,0,0.0,1500.0
Barthel M.,Greenset,all,0,0,0,0.0,1500.0
Barthel M.,Greenset,last_year,0,0,0,0.0,1500.0
Barthel M.,Greenset,last_month,0,0,0,0.0,1500.0
Ormaechea P.,Hard,all,18,4,14,0.7777777777777778,1566.2393121062391
Ormaechea P.,Hard,last_year,0,0,0,0.0,1500.0
Ormaechea P.,Hard,last_month,0,0,0,0.0,1500.0
Ormaechea P.,Carpet,all,0,0,0,0.0,1500.0
Ormaechea P.,Carpet,last_year,0,0,0,0.0,1500.0
Ormaechea P.,Carpet,last_month,0,0,0,0.0,1500.0
Ormaechea P.,Clay,all,39,19,20,0.5128205128205128,1575.7409780349483
Ormaechea P.,Clay,last_year,0,0,0,0.0,1500.0
Ormaechea P.,Clay,last_month,0,0,0,0.0,1500.0
Ormaechea P.,Grass,all,3,0,3,1.0,1456.9627978004858
Ormaechea P.,Grass,last_year,0,0,0,0.0,1500.0
Ormaechea P.,Grass,last_month,0,0,0,0.0,1500.0
Ormaechea P.,Greenset,all,0,0,0,0.0,1500.0
Ormaechea P.,Greenset,last_year,0,0,0,0.0,1500.0
Ormaechea P.,Greenset,last_month,0,0,0,0.0,1500.0
Romero Gormaz L.,Hard,all,1,0,1,1.0,1486.600803488537
Romero Gormaz L.,Hard,last_year,1,0,1,1.0,1484.736306793522
Romero Gormaz L.,Hard,last_month,0,0,0,0.0,1500.0
Romero Gormaz L.,Carpet,all,0,0,0,0.0,1500.0
Romero Gormaz L.,Carpet,last_year,0,0,0,0.0,1500.0
Romero Gormaz L.,Carpet,last_month,0,0,0,0.0,1500.0
Romero Gormaz L.,Clay,all,3,1,2,0.6666666666666666,1518.125444809328
Romero Gormaz L.,Clay,last_year,3,1,2,0.6666666666666666,1517.0211738646299
Romero Gormaz L.,Clay,last_month,0,0,0,0.0,1500.0
Romero Gormaz L.,Grass,all,0,0,0,0.0,1500.0
Romero Gormaz L.,Grass,last_year,0,0,0,0.0,1500.0
Romero Gormaz L.,Grass,last_month,0,0,0,0.0,1500.0
Romero Gormaz L.,Greenset,all,0,0,0,0.0,1500.0
Romero Gormaz L.,Greenset,last_year,0,0,0,0.0,1500.0
Romero Gormaz L.,Greenset,last_month,0,0,0,0.0,1500.0
Pavlyuchenkova A.,Hard,all,481,281,200,0.4158004158004158,1572.1434335874228
Pavlyuchenkova A.,Hard,last_year,19,11,8,0.42105263157894735,1559.8149438033615
Pavlyuchenkova A.,Hard,last_month,0,0,0,0.0,1500.0
Pavlyuchenkova A.,Carpet,all,2,1,1,0.5,1497.7727799351394
Pavlyuchenkova A.,Carpet,last_year,0,0,0,0.0,1500.0
Pavlyuchenkova A.,Carpet,last_month,0,0,0,0.0,1500.0
Pavlyuchenkova A.,Clay,all,163,92,71,0.43558282208588955,1409.5048143429237
Pavlyuchenkova A.,Clay,last_year,3,1,2,0.6666666666666666,1453.58864547249
Pavlyuchenkova A.,Clay,last_month,0,0,0,0.0,1500.0
Pavlyuchenkova A.,Grass,all,60,29,31,0.5166666666666667,1561.7018038031654
Pavlyuchenkova A.,Grass,last_year,11,8,3,0.2727272727272727,1505.5305644638545
Pavlyuchenkova A.,Grass,last_month,9,7,2,0.2222222222222222,1506.6509533485112
Pavlyuchenkova A.,Greenset,all,0,0,0,0.0,1500.0
Pavlyuchenkova A.,Greenset,last_year,0,0,0,0.0,1500.0
Pavlyuchenkova A.,Greenset,last_month,0,0,0,0.0,1500.0
Schiavone F.,Hard,all,248,114,134,0.5403225806451613,1538.640769665275
Schiavone F.,Hard,last_year,0,0,0,0.0,1500.0
Schiavone F.,Hard,last_month,0,0,0,0.0,1500.0
Schiavone F.,Carpet,all,4,1,3,0.75,1531.2510446570343
Schiavone F.,Carpet,last_year,0,0,0,0.0,1500.0
Schiavone F.,Carpet,last_month,0,0,0,0.0,1500.0
Schiavone F.,Clay,all,150,92,58,0.38666666666666666,1467.8462917545799
Schiavone F.,Clay,last_year,0,0,0,0.0,1500.0
Schiavone F.,Clay,last_month,0,0,0,0.0,1500.0
Schiavone F.,Grass,all,54,26,28,0.5185185185185185,1506.2945568989007
Schiavone F.,Grass,last_year,0,0,0,0.0,1500.0
Schiavone F.,Grass,last_month,0,0,0,0.0,1500.0
Schiavone F.,Greenset,all,0,0,0,0.0,1500.0
Schiavone F.,Greenset,last_year,0,0,0,0.0,1500.0
Schiavone F.,Greenset,last_month,0,0,0,0.0,1500.0
Ozaki R.,Hard,all,48,17,31,0.6458333333333334,1480.4788029762392
Ozaki R.,Hard,last_year,0,0,0,0.0,1500.0
Ozaki R.,Hard,last_month,0,0,0,0.0,1500.0
Ozaki R.,Carpet,all,0,0,0,0.0,1500.0
Ozaki R.,Carpet,last_year,0,0,0,0.0,1500.0
Ozaki R.,Carpet,last_month,0,0,0,0.0,1500.0
Ozaki R.,Clay,all,3,0,3,1.0,1448.7496827557795
Ozaki R.,Clay,last_year,0,0,0,0.0,1500.0
Ozaki R.,Clay,last_month,0,0,0,0.0,1500.0
Ozaki R.,Grass,all,5,1,4,0.8,1456.3051932847743
Ozaki R.,Grass,last_year,0,0,0,0.0,1500.0
Ozaki R.,Grass,last_month,0,0,0,0.0,1500.0
Ozaki R.,Greenset,all,0,0,0,0.0,1500.0
Ozaki R.,Greenset,last_year,0,0,0,0.0,1500.0
Ozaki R.,Greenset,last_month,0,0,0,0.0,1500.0
Ivanovic A.,Hard,all,346,228,118,0.34104046242774566,1444.2068519201928
Ivanovic A.,Hard,last_year,0,0,0,0.0,1500.0
Ivanovic A.,Hard,last_month,0,0,0,0.0,1500.0
Ivanovic A.,Carpet,all,5,3,2,0.4,1456.9404965798105
Ivanovic A.,Carpet,last_year,0,0,0,0.0,1500.0
Ivanovic A.,Carpet,last_month,0,0,0,0.0,1500.0
Ivanovic A.,Clay,all,106,72,34,0.32075471698113206,1425.4465953093302
Ivanovic A.,Clay,last_year,0,0,0,0.0,1500.0
Ivanovic A.,Clay,last_month,0,0,0,0.0,1500.0
Ivanovic A.,Grass,all,49,32,17,0.3469387755102041,1538.1264354345005
Ivanovic A.,Grass,last_year,0,0,0,0.0,1500.0
Ivanovic A.,Grass,last_month,0,0,0,0.0,1500.0
Ivanovic A.,Greenset,all,0,0,0,0.0,1500.0
Ivanovic A.,Greenset,last_year,0,0,0,0.0,1500.0
Ivanovic A.,Greenset,last_month,0,0,0,0.0,1500.0
Hontama M.,Hard,all,33,12,21,0.6363636363636364,1479.057950179316
Hontama M.,Hard,last_year,11,3,8,0.7272727272727273,1509.2059513873241
Hontama M.,Hard,last_month,0,0,0,0.0,1500.0
Hontama M.,Carpet,all,0,0,0,0.0,1500.0
Hontama M.,Carpet,last_year,0,0,0,0.0,1500.0
Hontama M.,Carpet,last_month,0,0,0,0.0,1500.0
Hontama M.,Clay,all,0,0,0,0.0,1500.0
Hontama M.,Clay,last_year,0,0,0,0.0,1500.0
Hontama M.,Clay,last_month,0,0,0,0.0,1500.0
Hontama M.,Grass,all,1,0,1,1.0,1515.3653887907928
Hontama M.,Grass,last_year,0,0,0,0.0,1500.0
Hontama M.,Grass,last_month,0,0,0,0.0,1500.0
Hontama M.,Greenset,all,0,0,0,0.0,1500.0
Hontama M.,Greenset,last_year,0,0,0,0.0,1500.0
Hontama M.,Greenset,last_month,0,0,0,0.0,1500.0
Badosa P.,Hard,all,125,82,43,0.656,1493.3248232901012
Badosa P.,Hard,last_year,42,32,10,0.7619047619047619,1472.364611154781
Badosa P.,Hard,last_month,0,0,0,0.0,1500.0
Badosa P.,Carpet,all,0,0,0,0.0,1500.0
Badosa P.,Carpet,last_year,0,0,0,0.0,1500.0
Badosa P.,Carpet,last_month,0,0,0,0.0,1500.0
Badosa P.,Clay,all,75,53,22,0.29333333333333333,1537.8001798991193
Badosa P.,Clay,last_year,4,2,2,0.5,1498.9212848319225
Badosa P.,Clay,last_month,0,0,0,0.0,1500.0
Badosa P.,Grass,all,24,15,9,0.375,1426.5633979670904
Badosa P.,Grass,last_year,7,5,2,0.2857142857142857,1461.8089136683705
Badosa P.,Grass,last_month,3,2,1,0.3333333333333333,1486.071251569461
Badosa P.,Greenset,all,0,0,0,0.0,1500.0
Badosa P.,Greenset,last_year,0,0,0,0.0,1500.0
Badosa P.,Greenset,last_month,0,0,0,0.0,1500.0
Luzhanska T.,Hard,all,5,2,3,0.6,1511.312859207636
Luzhanska T.,Hard,last_year,0,0,0,0.0,1500.0
Luzhanska T.,Hard,last_month,0,0,0,0.0,1500.0
Luzhanska T.,Carpet,all,0,0,0,0.0,1500.0
Luzhanska T.,Carpet,last_year,0,0,0,0.0,1500.0
Luzhanska T.,Carpet,last_month,0,0,0,0.0,1500.0
Luzhanska T.,Clay,all,1,0,1,1.0,1512.0636635243843
Luzhanska T.,Clay,last_year,0,0,0,0.0,1500.0
Luzhanska T.,Clay,last_month,0,0,0,0.0,1500.0
Luzhanska T.,Grass,all,0,0,0,0.0,1500.0
Luzhanska T.,Grass,last_year,0,0,0,0.0,1500.0
Luzhanska T.,Grass,last_month,0,0,0,0.0,1500.0
Luzhanska T.,Greenset,all,0,0,0,0.0,1500.0
Luzhanska T.,Greenset,last_year,0,0,0,0.0,1500.0
Luzhanska T.,Greenset,last_month,0,0,0,0.0,1500.0
Martinez-Sanchez M.J. ,Hard,all,3,2,1,0.3333333333333333,1454.2349189265296
Martinez-Sanchez M.J. ,Hard,last_year,0,0,0,0.0,1500.0
Martinez-Sanchez M.J. ,Hard,last_month,0,0,0,0.0,1500.0
Martinez-Sanchez M.J. ,Carpet,all,0,0,0,0.0,1500.0
Martinez-Sanchez M.J. ,Carpet,last_year,0,0,0,0.0,1500.0
Martinez-Sanchez M.J. ,Carpet,last_month,0,0,0,0.0,1500.0
Martinez-Sanchez M.J. ,Clay,all,0,0,0,0.0,1500.0
Martinez-Sanchez M.J. ,Clay,last_year,0,0,0,0.0,1500.0
Martinez-Sanchez M.J. ,Clay,last_month,0,0,0,0.0,1500.0
Martinez-Sanchez M.J. ,Grass,all,0,0,0,0.0,1500.0
Martinez-Sanchez M.J. ,Grass,last_year,0,0,0,0.0,1500.0
Martinez-Sanchez M.J. ,Grass,last_month,0,0,0,0.0,1500.0
Martinez-Sanchez M.J. ,Greenset,all,0,0,0,0.0,1500.0
Martinez-Sanchez M.J. ,Greenset,last_year,0,0,0,0.0,1500.0
Martinez-Sanchez M.J. ,Greenset,last_month,0,0,0,0.0,1500.0
Kang J.,Hard,all,1,0,1,1.0,1481.7737855236348
Kang J.,Hard,last_year,0,0,0,0.0,1500.0
Kang J.,Hard,last_month,0,0,0,0.0,1500.0
Kang J.,Carpet,all,0,0,0,0.0,1500.0
Kang J.,Carpet,last_year,0,0,0,0.0,1500.0
Kang J.,Carpet,last_month,0,0,0,0.0,1500.0
Kang J.,Clay,all,0,0,0,0.0,1500.0
Kang J.,Clay,last_year,0,0,0,0.0,1500.0
Kang J.,Clay,last_month,0,0,0,0.0,1500.0
Kang J.,Grass,all,0,0,0,0.0,1500.0
Kang J.,Grass,last_year,0,0,0,0.0,1500.0
Kang J.,Grass,last_month,0,0,0,0.0,1500.0
Kang J.,Greenset,all,0,0,0,0.0,1500.0
Kang J.,Greenset,last_year,0,0,0,0.0,1500.0
Kang J.,Greenset,last_month,0,0,0,0.0,1500.0
Zavatska K.,Hard,all,16,4,12,0.75,1462.0532986337964
Zavatska K.,Hard,last_year,0,0,0,0.0,1500.0
Zavatska K.,Hard,last_month,0,0,0,0.0,1500.0
Zavatska K.,Carpet,all,0,0,0,0.0,1500.0
Zavatska K.,Carpet,last_year,0,0,0,0.0,1500.0
Zavatska K.,Carpet,last_month,0,0,0,0.0,1500.0
Zavatska K.,Clay,all,15,3,12,0.8,1520.6047819829557
Zavatska K.,Clay,last_year,1,0,1,1.0,1484.0
Zavatska K.,Clay,last_month,0,0,0,0.0,1500.0
Zavatska K.,Grass,all,0,0,0,0.0,1500.0
Zavatska K.,Grass,last_year,0,0,0,0.0,1500.0
Zavatska K.,Grass,last_month,0,0,0,0.0,1500.0
Zavatska K.,Greenset,all,0,0,0,0.0,1500.0
Zavatska K.,Greenset,last_year,0,0,0,0.0,1500.0
Zavatska K.,Greenset,last_month,0,0,0,0.0,1500.0
Fernandez L.A.,Hard,all,122,69,53,0.4344262295081967,1517.320489689618
Fernandez L.A.,Hard,last_year,32,17,15,0.46875,1535.0250166847795
Fernandez L.A.,Hard,last_month,0,0,0,0.0,1500.0
Fernandez L.A.,Carpet,all,0,0,0,0.0,1500.0
Fernandez L.A.,Carpet,last_year,0,0,0,0.0,1500.0
Fernandez L.A.,Carpet,last_month,0,0,0,0.0,1500.0
Fernandez L.A.,Clay,all,46,23,23,0.5,1395.1273585083484
Fernandez L.A.,Clay,last_year,5,1,4,0.8,1453.3944967166767
Fernandez L.A.,Clay,last_month,0,0,0,0.0,1500.0
Fernandez L.A.,Grass,all,25,14,11,0.44,1527.0332364259023
Fernandez L.A.,Grass,last_year,10,5,5,0.5,1532.853730865607
Fernandez L.A.,Grass,last_month,8,4,4,0.5,1555.3303352456999
Fernandez L.A.,Greenset,all,0,0,0,0.0,1500.0
Fernandez L.A.,Greenset,last_year,0,0,0,0.0,1500.0
Fernandez L.A.,Greenset,last_month,0,0,0,0.0,1500.0
Bertens K.,Hard,all,191,94,97,0.5078534031413613,1440.9914242693344
Bertens K.,Hard,last_year,0,0,0,0.0,1500.0
Bertens K.,Hard,last_month,0,0,0,0.0,1500.0
Bertens K.,Carpet,all,0,0,0,0.0,1500.0
Bertens K.,Carpet,last_year,0,0,0,0.0,1500.0
Bertens K.,Carpet,last_month,0,0,0,0.0,1500.0
Bertens K.,Clay,all,133,89,44,0.3308270676691729,1453.5647745413874
Bertens K.,Clay,last_year,0,0,0,0.0,1500.0
Bertens K.,Clay,last_month,0,0,0,0.0,1500.0
Bertens K.,Grass,all,38,20,18,0.47368421052631576,1513.8096263765322
Bertens K.,Grass,last_year,0,0,0,0.0,1500.0
Bertens K.,Grass,last_month,0,0,0,0.0,1500.0
Bertens K.,Greenset,all,0,0,0,0.0,1500.0
Bertens K.,Greenset,last_year,0,0,0,0.0,1500.0
Bertens K.,Greenset,last_month,0,0,0,0.0,1500.0
Kudermetova P.,Hard,all,24,14,10,0.4166666666666667,1553.6553184780878
Kudermetova P.,Hard,last_year,20,12,8,0.4,1560.138099060542
Kudermetova P.,Hard,last_month,0,0,0,0.0,1500.0
Kudermetova P.,Carpet,all,0,0,0,0.0,1500.0
Kudermetova P.,Carpet,last_year,0,0,0,0.0,1500.0
Kudermetova P.,Carpet,last_month,0,0,0,0.0,1500.0
Kudermetova P.,Clay,all,8,1,7,0.875,1498.25339094669
Kudermetova P.,Clay,last_year,5,1,4,0.8,1479.3513204589553
Kudermetova P.,Clay,last_month,0,0,0,0.0,1500.0
Kudermetova P.,Grass,all,5,1,4,0.8,1481.4004549738202
Kudermetova P.,Grass,last_year,2,0,2,1.0,1469.8945461846954
Kudermetova P.,Grass,last_month,2,0,2,1.0,1468.7875583843934
Kudermetova P.,Greenset,all,0,0,0,0.0,1500.0
Kudermetova P.,Greenset,last_year,0,0,0,0.0,1500.0
Kudermetova P.,Greenset,last_month,0,0,0,0.0,1500.0
Aoyama S.,Hard,all,4,1,3,0.75,1493.7276909256873
Aoyama S.,Hard,last_year,0,0,0,0.0,1500.0
Aoyama S.,Hard,last_month,0,0,0,0.0,1500.0
Aoyama S.,Carpet,all,0,0,0,0.0,1500.0
Aoyama S.,Carpet,last_year,0,0,0,0.0,1500.0
Aoyama S.,Carpet,last_month,0,0,0,0.0,1500.0
Aoyama S.,Clay,all,0,0,0,0.0,1500.0
Aoyama S.,Clay,last_year,0,0,0,0.0,1500.0
Aoyama S.,Clay,last_month,0,0,0,0.0,1500.0
Aoyama S.,Grass,all,1,0,1,1.0,1516.0
Aoyama S.,Grass,last_year,0,0,0,0.0,1500.0
Aoyama S.,Grass,last_month,0,0,0,0.0,1500.0
Aoyama S.,Greenset,all,0,0,0,0.0,1500.0
Aoyama S.,Greenset,last_year,0,0,0,0.0,1500.0
Aoyama S.,Greenset,last_month,0,0,0,0.0,1500.0
Seguel D.,Hard,all,0,0,0,0.0,1500.0
Seguel D.,Hard,last_year,0,0,0,0.0,1500.0
Seguel D.,Hard,last_month,0,0,0,0.0,1500.0
Seguel D.,Carpet,all,0,0,0,0.0,1500.0
Seguel D.,Carpet,last_year,0,0,0,0.0,1500.0
Seguel D.,Carpet,last_month,0,0,0,0.0,1500.0
Seguel D.,Clay,all,7,3,4,0.5714285714285714,1488.9792005066593
Seguel D.,Clay,last_year,0,0,0,0.0,1500.0
Seguel D.,Clay,last_month,0,0,0,0.0,1500.0
Seguel D.,Grass,all,0,0,0,0.0,1500.0
Seguel D.,Grass,last_year,0,0,0,0.0,1500.0
Seguel D.,Grass,last_month,0,0,0,0.0,1500.0
Seguel D.,Greenset,all,0,0,0,0.0,1500.0
Seguel D.,Greenset,last_year,0,0,0,0.0,1500.0
Seguel D.,Greenset,last_month,0,0,0,0.0,1500.0
Miranda Otarola M.,Hard,all,0,0,0,0.0,1500.0
Miranda Otarola M.,Hard,last_year,0,0,0,0.0,1500.0
Miranda Otarola M.,Hard,last_month,0,0,0,0.0,1500.0
Miranda Otarola M.,Carpet,all,0,0,0,0.0,1500.0
Miranda Otarola M.,Carpet,last_year,0,0,0,0.0,1500.0
Miranda Otarola M.,Carpet,last_month,0,0,0,0.0,1500.0
Miranda Otarola M.,Clay,all,1,0,1,1.0,1484.0
Miranda Otarola M.,Clay,last_year,0,0,0,0.0,1500.0
Miranda Otarola M.,Clay,last_month,0,0,0,0.0,1500.0
Miranda Otarola M.,Grass,all,0,0,0,0.0,1500.0
Miranda Otarola M.,Grass,last_year,0,0,0,0.0,1500.0
Miranda Otarola M.,Grass,last_month,0,0,0,0.0,1500.0
Miranda Otarola M.,Greenset,all,0,0,0,0.0,1500.0
Miranda Otarola M.,Greenset,last_year,0,0,0,0.0,1500.0
Miranda Otarola M.,Greenset,last_month,0,0,0,0.0,1500.0
Zhang Yux.,Hard,all,9,2,7,0.7777777777777778,1482.9483670029208
Zhang Yux.,Hard,last_year,0,0,0,0.0,1500.0
Zhang Yux.,Hard,last_month,0,0,0,0.0,1500.0
Zhang Yux.,Carpet,all,0,0,0,0.0,1500.0
Zhang Yux.,Carpet,last_year,0,0,0,0.0,1500.0
Zhang Yux.,Carpet,last_month,0,0,0,0.0,1500.0
Zhang Yux.,Clay,all,0,0,0,0.0,1500.0
Zhang Yux.,Clay,last_year,0,0,0,0.0,1500.0
Zhang Yux.,Clay,last_month,0,0,0,0.0,1500.0
Zhang Yux.,Grass,all,0,0,0,0.0,1500.0
Zhang Yux.,Grass,last_year,0,0,0,0.0,1500.0
Zhang Yux.,Grass,last_month,0,0,0,0.0,1500.0
Zhang Yux.,Greenset,all,0,0,0,0.0,1500.0
Zhang Yux.,Greenset,last_year,0,0,0,0.0,1500.0
Zhang Yux.,Greenset,last_month,0,0,0,0.0,1500.0
Lu J.J,Hard,all,5,2,3,0.6,1561.7526377426618
Lu J.J,Hard,last_year,0,0,0,0.0,1500.0
Lu J.J,Hard,last_month,0,0,0,0.0,1500.0
Lu J.J,Carpet,all,0,0,0,0.0,1500.0
Lu J.J,Carpet,last_year,0,0,0,0.0,1500.0
Lu J.J,Carpet,last_month,0,0,0,0.0,1500.0
Lu J.J,Clay,all,0,0,0,0.0,1500.0
Lu J.J,Clay,last_year,0,0,0,0.0,1500.0
Lu J.J,Clay,last_month,0,0,0,0.0,1500.0
Lu J.J,Grass,all,0,0,0,0.0,1500.0
Lu J.J,Grass,last_year,0,0,0,0.0,1500.0
Lu J.J,Grass,last_month,0,0,0,0.0,1500.0
Lu J.J,Greenset,all,0,0,0,0.0,1500.0
Lu J.J,Greenset,last_year,0,0,0,0.0,1500.0
Lu J.J,Greenset,last_month,0,0,0,0.0,1500.0
Capra B.,Hard,all,4,2,2,0.5,1476.9059289373295
Capra B.,Hard,last_year,0,0,0,0.0,1500.0
Capra B.,Hard,last_month,0,0,0,0.0,1500.0
Capra B.,Carpet,all,0,0,0,0.0,1500.0
Capra B.,Carpet,last_year,0,0,0,0.0,1500.0
Capra B.,Carpet,last_month,0,0,0,0.0,1500.0
Capra B.,Clay,all,0,0,0,0.0,1500.0
Capra B.,Clay,last_year,0,0,0,0.0,1500.0
Capra B.,Clay,last_month,0,0,0,0.0,1500.0
Capra B.,Grass,all,0,0,0,0.0,1500.0
Capra B.,Grass,last_year,0,0,0,0.0,1500.0
Capra B.,Grass,last_month,0,0,0,0.0,1500.0
Capra B.,Greenset,all,0,0,0,0.0,1500.0
Capra B.,Greenset,last_year,0,0,0,0.0,1500.0
Capra B.,Greenset,last_month,0,0,0,0.0,1500.0
Svitolina E.,Hard,all,393,255,138,0.3511450381679389,1525.979412776826
Svitolina E.,Hard,last_year,27,17,10,0.37037037037037035,1521.8395518779507
Svitolina E.,Hard,last_month,0,0,0,0.0,1500.0
Svitolina E.,Carpet,all,0,0,0,0.0,1500.0
Svitolina E.,Carpet,last_year,0,0,0,0.0,1500.0
Svitolina E.,Carpet,last_month,0,0,0,0.0,1500.0
Svitolina E.,Clay,all,143,97,46,0.32167832167832167,1573.0006246111332
Svitolina E.,Clay,last_year,19,16,3,0.15789473684210525,1523.5735922213134
Svitolina E.,Clay,last_month,2,1,1,0.5,1532.0
Svitolina E.,Grass,all,52,28,24,0.46153846153846156,1462.611262721157
Svitolina E.,Grass,last_year,10,7,3,0.3,1480.2399882597945
Svitolina E.,Grass,last_month,5,3,2,0.4,1513.2773555514868
Svitolina E.,Greenset,all,0,0,0,0.0,1500.0
Svitolina E.,Greenset,last_year,0,0,0,0.0,1500.0
Svitolina E.,Greenset,last_month,0,0,0,0.0,1500.0
Ferro F.,Hard,all,48,16,32,0.6666666666666666,1618.7959003853657
Ferro F.,Hard,last_year,0,0,0,0.0,1500.0
Ferro F.,Hard,last_month,0,0,0,0.0,1500.0
Ferro F.,Carpet,all,0,0,0,0.0,1500.0
Ferro F.,Carpet,last_year,0,0,0,0.0,1500.0
Ferro F.,Carpet,last_month,0,0,0,0.0,1500.0
Ferro F.,Clay,all,57,29,28,0.49122807017543857,1452.1930319276607
Ferro F.,Clay,last_year,2,1,1,0.5,1498.5304984710244
Ferro F.,Clay,last_month,0,0,0,0.0,1500.0
Ferro F.,Grass,all,5,0,5,1.0,1510.499614739067
Ferro F.,Grass,last_year,0,0,0,0.0,1500.0
Ferro F.,Grass,last_month,0,0,0,0.0,1500.0
Ferro F.,Greenset,all,0,0,0,0.0,1500.0
Ferro F.,Greenset,last_year,0,0,0,0.0,1500.0
Ferro F.,Greenset,last_month,0,0,0,0.0,1500.0
Elie J.,Hard,all,1,0,1,1.0,1515.9174177864597
Elie J.,Hard,last_year,0,0,0,0.0,1500.0
Elie J.,Hard,last_month,0,0,0,0.0,1500.0
Elie J.,Carpet,all,0,0,0,0.0,1500.0
Elie J.,Carpet,last_year,0,0,0,0.0,1500.0
Elie J.,Carpet,last_month,0,0,0,0.0,1500.0
Elie J.,Clay,all,0,0,0,0.0,1500.0
Elie J.,Clay,last_year,0,0,0,0.0,1500.0
Elie J.,Clay,last_month,0,0,0,0.0,1500.0
Elie J.,Grass,all,0,0,0,0.0,1500.0
Elie J.,Grass,last_year,0,0,0,0.0,1500.0
Elie J.,Grass,last_month,0,0,0,0.0,1500.0
Elie J.,Greenset,all,0,0,0,0.0,1500.0
Elie J.,Greenset,last_year,0,0,0,0.0,1500.0
Elie J.,Greenset,last_month,0,0,0,0.0,1500.0
Glushko J.,Hard,all,22,6,16,0.7272727272727273,1465.0957466503507
Glushko J.,Hard,last_year,0,0,0,0.0,1500.0
Glushko J.,Hard,last_month,0,0,0,0.0,1500.0
Glushko J.,Carpet,all,0,0,0,0.0,1500.0
Glushko J.,Carpet,last_year,0,0,0,0.0,1500.0
Glushko J.,Carpet,last_month,0,0,0,0.0,1500.0
Glushko J.,Clay,all,20,7,13,0.65,1461.6597488192692
Glushko J.,Clay,last_year,0,0,0,0.0,1500.0
Glushko J.,Clay,last_month,0,0,0,0.0,1500.0
Glushko J.,Grass,all,2,0,2,1.0,1530.5490590341476
Glushko J.,Grass,last_year,0,0,0,0.0,1500.0
Glushko J.,Grass,last_month,0,0,0,0.0,1500.0
Glushko J.,Greenset,all,0,0,0,0.0,1500.0
Glushko J.,Greenset,last_year,0,0,0,0.0,1500.0
Glushko J.,Greenset,last_month,0,0,0,0.0,1500.0
Mamic S.,Hard,all,1,0,1,1.0,1514.3161259652838
Mamic S.,Hard,last_year,0,0,0,0.0,1500.0
Mamic S.,Hard,last_month,0,0,0,0.0,1500.0
Mamic S.,Carpet,all,0,0,0,0.0,1500.0
Mamic S.,Carpet,last_year,0,0,0,0.0,1500.0
Mamic S.,Carpet,last_month,0,0,0,0.0,1500.0
Mamic S.,Clay,all,6,2,4,0.6666666666666666,1412.1238288111915
Mamic S.,Clay,last_year,0,0,0,0.0,1500.0
Mamic S.,Clay,last_month,0,0,0,0.0,1500.0
Mamic S.,Grass,all,0,0,0,0.0,1500.0
Mamic S.,Grass,last_year,0,0,0,0.0,1500.0
Mamic S.,Grass,last_month,0,0,0,0.0,1500.0
Mamic S.,Greenset,all,0,0,0,0.0,1500.0
Mamic S.,Greenset,last_year,0,0,0,0.0,1500.0
Mamic S.,Greenset,last_month,0,0,0,0.0,1500.0
Wozniacki C.,Hard,all,589,424,165,0.2801358234295416,1516.3292820070496
Wozniacki C.,Hard,last_year,6,4,2,0.3333333333333333,1557.4142002155268
Wozniacki C.,Hard,last_month,0,0,0,0.0,1500.0
Wozniacki C.,Carpet,all,1,1,0,1.0,1482.7382830629522
Wozniacki C.,Carpet,last_year,0,0,0,0.0,1500.0
Wozniacki C.,Carpet,last_month,0,0,0,0.0,1500.0
Wozniacki C.,Clay,all,156,106,50,0.32051282051282054,1536.2238057595334
Wozniacki C.,Clay,last_year,0,0,0,0.0,1500.0
Wozniacki C.,Clay,last_month,0,0,0,0.0,1500.0
Wozniacki C.,Grass,all,82,57,25,0.3048780487804878,1502.5003785827073
Wozniacki C.,Grass,last_year,3,2,1,0.3333333333333333,1514.597626351594
Wozniacki C.,Grass,last_month,0,0,0,0.0,1500.0
Wozniacki C.,Greenset,all,0,0,0,0.0,1500.0
Wozniacki C.,Greenset,last_year,0,0,0,0.0,1500.0
Wozniacki C.,Greenset,last_month,0,0,0,0.0,1500.0
Cherubini D.,Hard,all,0,0,0,0.0,1500.0
Cherubini D.,Hard,last_year,0,0,0,0.0,1500.0
Cherubini D.,Hard,last_month,0,0,0,0.0,1500.0
Cherubini D.,Carpet,all,0,0,0,0.0,1500.0
Cherubini D.,Carpet,last_year,0,0,0,0.0,1500.0
Cherubini D.,Carpet,last_month,0,0,0,0.0,1500.0
Cherubini D.,Clay,all,1,0,1,1.0,1515.322571754175
Cherubini D.,Clay,last_year,0,0,0,0.0,1500.0
Cherubini D.,Clay,last_month,0,0,0,0.0,1500.0
Cherubini D.,Grass,all,0,0,0,0.0,1500.0
Cherubini D.,Grass,last_year,0,0,0,0.0,1500.0
Cherubini D.,Grass,last_month,0,0,0,0.0,1500.0
Cherubini D.,Greenset,all,0,0,0,0.0,1500.0
Cherubini D.,Greenset,last_year,0,0,0,0.0,1500.0
Cherubini D.,Greenset,last_month,0,0,0,0.0,1500.0
Baker L.,Hard,all,1,0,1,1.0,1484.0
Baker L.,Hard,last_year,0,0,0,0.0,1500.0
Baker L.,Hard,last_month,0,0,0,0.0,1500.0
Baker L.,Carpet,all,0,0,0,0.0,1500.0
Baker L.,Carpet,last_year,0,0,0,0.0,1500.0
Baker L.,Carpet,last_month,0,0,0,0.0,1500.0
Baker L.,Clay,all,1,0,1,1.0,1516.0862406903464
Baker L.,Clay,last_year,0,0,0,0.0,1500.0
Baker L.,Clay,last_month,0,0,0,0.0,1500.0
Baker L.,Grass,all,0,0,0,0.0,1500.0
Baker L.,Grass,last_year,0,0,0,0.0,1500.0
Baker L.,Grass,last_month,0,0,0,0.0,1500.0
Baker L.,Greenset,all,0,0,0,0.0,1500.0
Baker L.,Greenset,last_year,0,0,0,0.0,1500.0
Baker L.,Greenset,last_month,0,0,0,0.0,1500.0
Blinkova A.,Hard,all,136,54,82,0.6029411764705882,1392.9781741969225
Blinkova A.,Hard,last_year,24,10,14,0.5833333333333334,1389.0647224386753
Blinkova A.,Hard,last_month,0,0,0,0.0,1500.0
Blinkova A.,Carpet,all,0,0,0,0.0,1500.0
Blinkova A.,Carpet,last_year,0,0,0,0.0,1500.0
Blinkova A.,Carpet,last_month,0,0,0,0.0,1500.0
Blinkova A.,Clay,all,50,19,31,0.62,1423.9021097541972
Blinkova A.,Clay,last_year,10,2,8,0.8,1466.4299077896214
Blinkova A.,Clay,last_month,0,0,0,0.0,1500.0
Blinkova A.,Grass,all,31,15,16,0.5161290322580645,1460.8351115252453
Blinkova A.,Grass,last_year,9,4,5,0.5555555555555556,1466.9400978330495
Blinkova A.,Grass,last_month,8,4,4,0.5,1476.2006999376385
Blinkova A.,Greenset,all,0,0,0,0.0,1500.0
Blinkova A.,Greenset,last_year,0,0,0,0.0,1500.0
Blinkova A.,Greenset,last_month,0,0,0,0.0,1500.0
Kalinina A.,Hard,all,102,44,58,0.5686274509803921,1568.9718500058536
Kalinina A.,Hard,last_year,21,7,14,0.6666666666666666,1558.4115510440772
Kalinina A.,Hard,last_month,0,0,0,0.0,1500.0
Kalinina A.,Carpet,all,0,0,0,0.0,1500.0
Kalinina A.,Carpet,last_year,0,0,0,0.0,1500.0
Kalinina A.,Carpet,last_month,0,0,0,0.0,1500.0
Kalinina A.,Clay,all,48,28,20,0.4166666666666667,1528.5893402791805
Kalinina A.,Clay,last_year,8,4,4,0.5,1477.8412255407382
Kalinina A.,Clay,last_month,0,0,0,0.0,1500.0
Kalinina A.,Grass,all,19,8,11,0.5789473684210527,1478.2070313118313
Kalinina A.,Grass,last_year,1,0,1,1.0,1516.0
Kalinina A.,Grass,last_month,0,0,0,0.0,1500.0
Kalinina A.,Greenset,all,0,0,0,0.0,1500.0
Kalinina A.,Greenset,last_year,0,0,0,0.0,1500.0
Kalinina A.,Greenset,last_month,0,0,0,0.0,1500.0
Soler-E. S.,Hard,all,1,0,1,1.0,1484.2464247852106
Soler-E. S.,Hard,last_year,0,0,0,0.0,1500.0
Soler-E. S.,Hard,last_month,0,0,0,0.0,1500.0
Soler-E. S.,Carpet,all,0,0,0,0.0,1500.0
Soler-E. S.,Carpet,last_year,0,0,0,0.0,1500.0
Soler-E. S.,Carpet,last_month,0,0,0,0.0,1500.0
Soler-E. S.,Clay,all,0,0,0,0.0,1500.0
Soler-E. S.,Clay,last_year,0,0,0,0.0,1500.0
Soler-E. S.,Clay,last_month,0,0,0,0.0,1500.0
Soler-E. S.,Grass,all,0,0,0,0.0,1500.0
Soler-E. S.,Grass,last_year,0,0,0,0.0,1500.0
Soler-E. S.,Grass,last_month,0,0,0,0.0,1500.0
Soler-E. S.,Greenset,all,0,0,0,0.0,1500.0
Soler-E. S.,Greenset,last_year,0,0,0,0.0,1500.0
Soler-E. S.,Greenset,last_month,0,0,0,0.0,1500.0
Sun S.,Hard,all,4,0,4,1.0,1474.0205526155007
Sun S.,Hard,last_year,0,0,0,0.0,1500.0
Sun S.,Hard,last_month,0,0,0,0.0,1500.0
Sun S.,Carpet,all,0,0,0,0.0,1500.0
Sun S.,Carpet,last_year,0,0,0,0.0,1500.0
Sun S.,Carpet,last_month,0,0,0,0.0,1500.0
Sun S.,Clay,all,0,0,0,0.0,1500.0
Sun S.,Clay,last_year,0,0,0,0.0,1500.0
Sun S.,Clay,last_month,0,0,0,0.0,1500.0
Sun S.,Grass,all,0,0,0,0.0,1500.0
Sun S.,Grass,last_year,0,0,0,0.0,1500.0
Sun S.,Grass,last_month,0,0,0,0.0,1500.0
Sun S.,Greenset,all,0,0,0,0.0,1500.0
Sun S.,Greenset,last_year,0,0,0,0.0,1500.0
Sun S.,Greenset,last_month,0,0,0,0.0,1500.0
Bychkova E.,Hard,all,33,12,21,0.6363636363636364,1598.0142583029171
Bychkova E.,Hard,last_year,0,0,0,0.0,1500.0
Bychkova E.,Hard,last_month,0,0,0,0.0,1500.0
Bychkova E.,Carpet,all,2,1,1,0.5,1469.4695015289756
Bychkova E.,Carpet,last_year,0,0,0,0.0,1500.0
Bychkova E.,Carpet,last_month,0,0,0,0.0,1500.0
Bychkova E.,Clay,all,10,1,9,0.9,1493.3736759934172
Bychkova E.,Clay,last_year,0,0,0,0.0,1500.0
Bychkova E.,Clay,last_month,0,0,0,0.0,1500.0
Bychkova E.,Grass,all,3,0,3,1.0,1514.5266341219597
Bychkova E.,Grass,last_year,0,0,0,0.0,1500.0
Bychkova E.,Grass,last_month,0,0,0,0.0,1500.0
Bychkova E.,Greenset,all,0,0,0,0.0,1500.0
Bychkova E.,Greenset,last_year,0,0,0,0.0,1500.0
Bychkova E.,Greenset,last_month,0,0,0,0.0,1500.0
Burillo I.,Hard,all,0,0,0,0.0,1500.0
Burillo I.,Hard,last_year,0,0,0,0.0,1500.0
Burillo I.,Hard,last_month,0,0,0,0.0,1500.0
Burillo I.,Carpet,all,0,0,0,0.0,1500.0
Burillo I.,Carpet,last_year,0,0,0,0.0,1500.0
Burillo I.,Carpet,last_month,0,0,0,0.0,1500.0
Burillo I.,Clay,all,4,1,3,0.75,1560.5306483045215
Burillo I.,Clay,last_year,0,0,0,0.0,1500.0
Burillo I.,Clay,last_month,0,0,0,0.0,1500.0
Burillo I.,Grass,all,0,0,0,0.0,1500.0
Burillo I.,Grass,last_year,0,0,0,0.0,1500.0
Burillo I.,Grass,last_month,0,0,0,0.0,1500.0
Burillo I.,Greenset,all,0,0,0,0.0,1500.0
Burillo I.,Greenset,last_year,0,0,0,0.0,1500.0
Burillo I.,Greenset,last_month,0,0,0,0.0,1500.0
Han S.H.,Hard,all,3,0,3,1.0,1491.425746082421
Han S.H.,Hard,last_year,0,0,0,0.0,1500.0
Han S.H.,Hard,last_month,0,0,0,0.0,1500.0
Han S.H.,Carpet,all,0,0,0,0.0,1500.0
Han S.H.,Carpet,last_year,0,0,0,0.0,1500.0
Han S.H.,Carpet,last_month,0,0,0,0.0,1500.0
Han S.H.,Clay,all,0,0,0,0.0,1500.0
Han S.H.,Clay,last_year,0,0,0,0.0,1500.0
Han S.H.,Clay,last_month,0,0,0,0.0,1500.0
Han S.H.,Grass,all,0,0,0,0.0,1500.0
Han S.H.,Grass,last_year,0,0,0,0.0,1500.0
Han S.H.,Grass,last_month,0,0,0,0.0,1500.0
Han S.H.,Greenset,all,0,0,0,0.0,1500.0
Han S.H.,Greenset,last_year,0,0,0,0.0,1500.0
Han S.H.,Greenset,last_month,0,0,0,0.0,1500.0
Harrison C.,Hard,all,2,0,2,1.0,1495.703392691202
Harrison C.,Hard,last_year,0,0,0,0.0,1500.0
Harrison C.,Hard,last_month,0,0,0,0.0,1500.0
Harrison C.,Carpet,all,0,0,0,0.0,1500.0
Harrison C.,Carpet,last_year,0,0,0,0.0,1500.0
Harrison C.,Carpet,last_month,0,0,0,0.0,1500.0
Harrison C.,Clay,all,0,0,0,0.0,1500.0
Harrison C.,Clay,last_year,0,0,0,0.0,1500.0
Harrison C.,Clay,last_month,0,0,0,0.0,1500.0
Harrison C.,Grass,all,0,0,0,0.0,1500.0
Harrison C.,Grass,last_year,0,0,0,0.0,1500.0
Harrison C.,Grass,last_month,0,0,0,0.0,1500.0
Harrison C.,Greenset,all,0,0,0,0.0,1500.0
Harrison C.,Greenset,last_year,0,0,0,0.0,1500.0
Harrison C.,Greenset,last_month,0,0,0,0.0,1500.0
Wolfe J.,Hard,all,1,0,1,1.0,1515.97364666372
Wolfe J.,Hard,last_year,0,0,0,0.0,1500.0
Wolfe J.,Hard,last_month,0,0,0,0.0,1500.0
Wolfe J.,Carpet,all,0,0,0,0.0,1500.0
Wolfe J.,Carpet,last_year,0,0,0,0.0,1500.0
Wolfe J.,Carpet,last_month,0,0,0,0.0,1500.0
Wolfe J.,Clay,all,0,0,0,0.0,1500.0
Wolfe J.,Clay,last_year,0,0,0,0.0,1500.0
Wolfe J.,Clay,last_month,0,0,0,0.0,1500.0
Wolfe J.,Grass,all,0,0,0,0.0,1500.0
Wolfe J.,Grass,last_year,0,0,0,0.0,1500.0
Wolfe J.,Grass,last_month,0,0,0,0.0,1500.0
Wolfe J.,Greenset,all,0,0,0,0.0,1500.0
Wolfe J.,Greenset,last_year,0,0,0,0.0,1500.0
Wolfe J.,Greenset,last_month,0,0,0,0.0,1500.0
Krueger A.,Hard,all,64,29,35,0.546875,1384.515080172902
Krueger A.,Hard,last_year,35,21,14,0.4,1387.450511533382
Krueger A.,Hard,last_month,0,0,0,0.0,1500.0
Krueger A.,Carpet,all,0,0,0,0.0,1500.0
Krueger A.,Carpet,last_year,0,0,0,0.0,1500.0
Krueger A.,Carpet,last_month,0,0,0,0.0,1500.0
Krueger A.,Clay,all,16,7,9,0.5625,1537.9118330082256
Krueger A.,Clay,last_year,9,4,5,0.5555555555555556,1529.9898382276442
Krueger A.,Clay,last_month,0,0,0,0.0,1500.0
Krueger A.,Grass,all,12,5,7,0.5833333333333334,1504.6264007879681
Krueger A.,Grass,last_year,5,1,4,0.8,1479.7371454699614
Krueger A.,Grass,last_month,4,1,3,0.75,1467.9967744510805
Krueger A.,Greenset,all,0,0,0,0.0,1500.0
Krueger A.,Greenset,last_year,0,0,0,0.0,1500.0
Krueger A.,Greenset,last_month,0,0,0,0.0,1500.0
Ji C.M.,Hard,all,2,0,2,1.0,1532.2739064467237
Ji C.M.,Hard,last_year,0,0,0,0.0,1500.0
Ji C.M.,Hard,last_month,0,0,0,0.0,1500.0
Ji C.M.,Carpet,all,0,0,0,0.0,1500.0
Ji C.M.,Carpet,last_year,0,0,0,0.0,1500.0
Ji C.M.,Carpet,last_month,0,0,0,0.0,1500.0
Ji C.M.,Clay,all,0,0,0,0.0,1500.0
Ji C.M.,Clay,last_year,0,0,0,0.0,1500.0
Ji C.M.,Clay,last_month,0,0,0,0.0,1500.0
Ji C.M.,Grass,all,0,0,0,0.0,1500.0
Ji C.M.,Grass,last_year,0,0,0,0.0,1500.0
Ji C.M.,Grass,last_month,0,0,0,0.0,1500.0
Ji C.M.,Greenset,all,0,0,0,0.0,1500.0
Ji C.M.,Greenset,last_year,0,0,0,0.0,1500.0
Ji C.M.,Greenset,last_month,0,0,0,0.0,1500.0
Sanchez Uribe M.J.,Hard,all,0,0,0,0.0,1500.0
Sanchez Uribe M.J.,Hard,last_year,0,0,0,0.0,1500.0
Sanchez Uribe M.J.,Hard,last_month,0,0,0,0.0,1500.0
Sanchez Uribe M.J.,Carpet,all,0,0,0,0.0,1500.0
Sanchez Uribe M.J.,Carpet,last_year,0,0,0,0.0,1500.0
Sanchez Uribe M.J.,Carpet,last_month,0,0,0,0.0,1500.0
Sanchez Uribe M.J.,Clay,all,1,0,1,1.0,1484.0
Sanchez Uribe M.J.,Clay,last_year,1,0,1,1.0,1484.0
Sanchez Uribe M.J.,Clay,last_month,0,0,0,0.0,1500.0
Sanchez Uribe M.J.,Grass,all,0,0,0,0.0,1500.0
Sanchez Uribe M.J.,Grass,last_year,0,0,0,0.0,1500.0
Sanchez Uribe M.J.,Grass,last_month,0,0,0,0.0,1500.0
Sanchez Uribe M.J.,Greenset,all,0,0,0,0.0,1500.0
Sanchez Uribe M.J.,Greenset,last_year,0,0,0,0.0,1500.0
Sanchez Uribe M.J.,Greenset,last_month,0,0,0,0.0,1500.0
Mirza S.,Hard,all,104,56,48,0.46153846153846156,1520.8568355824546
Mirza S.,Hard,last_year,0,0,0,0.0,1500.0
Mirza S.,Hard,last_month,0,0,0,0.0,1500.0
Mirza S.,Carpet,all,1,0,1,1.0,1484.736306793522
Mirza S.,Carpet,last_year,0,0,0,0.0,1500.0
Mirza S.,Carpet,last_month,0,0,0,0.0,1500.0
Mirza S.,Clay,all,17,6,11,0.6470588235294118,1534.5332233268796
Mirza S.,Clay,last_year,0,0,0,0.0,1500.0
Mirza S.,Clay,last_month,0,0,0,0.0,1500.0
Mirza S.,Grass,all,22,10,12,0.5454545454545454,1596.2380339648466
Mirza S.,Grass,last_year,0,0,0,0.0,1500.0
Mirza S.,Grass,last_month,0,0,0,0.0,1500.0
Mirza S.,Greenset,all,0,0,0,0.0,1500.0
Mirza S.,Greenset,last_year,0,0,0,0.0,1500.0
Mirza S.,Greenset,last_month,0,0,0,0.0,1500.0
Dechy N.,Hard,all,43,18,25,0.5813953488372093,1520.6638180858135
Dechy N.,Hard,last_year,0,0,0,0.0,1500.0
Dechy N.,Hard,last_month,0,0,0,0.0,1500.0
Dechy N.,Carpet,all,7,4,3,0.42857142857142855,1541.2721728274169
Dechy N.,Carpet,last_year,0,0,0,0.0,1500.0
Dechy N.,Carpet,last_month,0,0,0,0.0,1500.0
Dechy N.,Clay,all,17,6,11,0.6470588235294118,1435.626352398186
Dechy N.,Clay,last_year,0,0,0,0.0,1500.0
Dechy N.,Clay,last_month,0,0,0,0.0,1500.0
Dechy N.,Grass,all,11,4,7,0.6363636363636364,1514.5769149221096
Dechy N.,Grass,last_year,0,0,0,0.0,1500.0
Dechy N.,Grass,last_month,0,0,0,0.0,1500.0
Dechy N.,Greenset,all,0,0,0,0.0,1500.0
Dechy N.,Greenset,last_year,0,0,0,0.0,1500.0
Dechy N.,Greenset,last_month,0,0,0,0.0,1500.0
Jozami B.,Hard,all,0,0,0,0.0,1500.0
Jozami B.,Hard,last_year,0,0,0,0.0,1500.0
Jozami B.,Hard,last_month,0,0,0,0.0,1500.0
Jozami B.,Carpet,all,0,0,0,0.0,1500.0
Jozami B.,Carpet,last_year,0,0,0,0.0,1500.0
Jozami B.,Carpet,last_month,0,0,0,0.0,1500.0
Jozami B.,Clay,all,5,3,2,0.4,1508.7036419406654
Jozami B.,Clay,last_year,0,0,0,0.0,1500.0
Jozami B.,Clay,last_month,0,0,0,0.0,1500.0
Jozami B.,Grass,all,0,0,0,0.0,1500.0
Jozami B.,Grass,last_year,0,0,0,0.0,1500.0
Jozami B.,Grass,last_month,0,0,0,0.0,1500.0
Jozami B.,Greenset,all,0,0,0,0.0,1500.0
Jozami B.,Greenset,last_year,0,0,0,0.0,1500.0
Jozami B.,Greenset,last_month,0,0,0,0.0,1500.0
Coin J.,Hard,all,31,10,21,0.6774193548387096,1516.2656606092894
Coin J.,Hard,last_year,0,0,0,0.0,1500.0
Coin J.,Hard,last_month,0,0,0,0.0,1500.0
Coin J.,Carpet,all,0,0,0,0.0,1500.0
Coin J.,Carpet,last_year,0,0,0,0.0,1500.0
Coin J.,Carpet,last_month,0,0,0,0.0,1500.0
Coin J.,Clay,all,10,2,8,0.8,1484.2774811847576
Coin J.,Clay,last_year,0,0,0,0.0,1500.0
Coin J.,Clay,last_month,0,0,0,0.0,1500.0
Coin J.,Grass,all,6,0,6,1.0,1552.1915275738702
Coin J.,Grass,last_year,0,0,0,0.0,1500.0
Coin J.,Grass,last_month,0,0,0,0.0,1500.0
Coin J.,Greenset,all,0,0,0,0.0,1500.0
Coin J.,Greenset,last_year,0,0,0,0.0,1500.0
Coin J.,Greenset,last_month,0,0,0,0.0,1500.0
Diatchenko V.,Hard,all,32,7,25,0.78125,1418.946522575756
Diatchenko V.,Hard,last_year,0,0,0,0.0,1500.0
Diatchenko V.,Hard,last_month,0,0,0,0.0,1500.0
Diatchenko V.,Carpet,all,0,0,0,0.0,1500.0
Diatchenko V.,Carpet,last_year,0,0,0,0.0,1500.0
Diatchenko V.,Carpet,last_month,0,0,0,0.0,1500.0
Diatchenko V.,Clay,all,12,3,9,0.75,1450.4785311162796
Diatchenko V.,Clay,last_year,0,0,0,0.0,1500.0
Diatchenko V.,Clay,last_month,0,0,0,0.0,1500.0
Diatchenko V.,Grass,all,9,2,7,0.7777777777777778,1520.0286965446244
Diatchenko V.,Grass,last_year,0,0,0,0.0,1500.0
Diatchenko V.,Grass,last_month,0,0,0,0.0,1500.0
Diatchenko V.,Greenset,all,0,0,0,0.0,1500.0
Diatchenko V.,Greenset,last_year,0,0,0,0.0,1500.0
Diatchenko V.,Greenset,last_month,0,0,0,0.0,1500.0
Allgurin E.,Hard,all,0,0,0,0.0,1500.0
Allgurin E.,Hard,last_year,0,0,0,0.0,1500.0
Allgurin E.,Hard,last_month,0,0,0,0.0,1500.0
Allgurin E.,Carpet,all,0,0,0,0.0,1500.0
Allgurin E.,Carpet,last_year,0,0,0,0.0,1500.0
Allgurin E.,Carpet,last_month,0,0,0,0.0,1500.0
Allgurin E.,Clay,all,3,0,3,1.0,1521.9391960180767
Allgurin E.,Clay,last_year,0,0,0,0.0,1500.0
Allgurin E.,Clay,last_month,0,0,0,0.0,1500.0
Allgurin E.,Grass,all,0,0,0,0.0,1500.0
Allgurin E.,Grass,last_year,0,0,0,0.0,1500.0
Allgurin E.,Grass,last_month,0,0,0,0.0,1500.0
Allgurin E.,Greenset,all,0,0,0,0.0,1500.0
Allgurin E.,Greenset,last_year,0,0,0,0.0,1500.0
Allgurin E.,Greenset,last_month,0,0,0,0.0,1500.0
Potapova A.,Hard,all,149,80,69,0.46308724832214765,1510.0995657316207
Potapova A.,Hard,last_year,30,18,12,0.4,1521.8198959307
Potapova A.,Hard,last_month,0,0,0,0.0,1500.0
Potapova A.,Carpet,all,0,0,0,0.0,1500.0
Potapova A.,Carpet,last_year,0,0,0,0.0,1500.0
Potapova A.,Carpet,last_month,0,0,0,0.0,1500.0
Potapova A.,Clay,all,68,43,25,0.36764705882352944,1485.0581129635946
Potapova A.,Clay,last_year,9,6,3,0.3333333333333333,1489.7381998284254
Potapova A.,Clay,last_month,0,0,0,0.0,1500.0
Potapova A.,Grass,all,20,11,9,0.45,1478.1821537644669
Potapova A.,Grass,last_year,2,0,2,1.0,1500.736306793522
Potapova A.,Grass,last_month,1,0,1,1.0,1516.0
Potapova A.,Greenset,all,0,0,0,0.0,1500.0
Potapova A.,Greenset,last_year,0,0,0,0.0,1500.0
Potapova A.,Greenset,last_month,0,0,0,0.0,1500.0
Vogele S.,Hard,all,1,0,1,1.0,1484.534596951287
Vogele S.,Hard,last_year,0,0,0,0.0,1500.0
Vogele S.,Hard,last_month,0,0,0,0.0,1500.0
Vogele S.,Carpet,all,0,0,0,0.0,1500.0
Vogele S.,Carpet,last_year,0,0,0,0.0,1500.0
Vogele S.,Carpet,last_month,0,0,0,0.0,1500.0
Vogele S.,Clay,all,1,0,1,1.0,1483.7919055679731
Vogele S.,Clay,last_year,0,0,0,0.0,1500.0
Vogele S.,Clay,last_month,0,0,0,0.0,1500.0
Vogele S.,Grass,all,0,0,0,0.0,1500.0
Vogele S.,Grass,last_year,0,0,0,0.0,1500.0
Vogele S.,Grass,last_month,0,0,0,0.0,1500.0
Vogele S.,Greenset,all,0,0,0,0.0,1500.0
Vogele S.,Greenset,last_year,0,0,0,0.0,1500.0
Vogele S.,Greenset,last_month,0,0,0,0.0,1500.0
Davenport L.,Hard,all,34,30,4,0.11764705882352941,1452.5935837656828
Davenport L.,Hard,last_year,0,0,0,0.0,1500.0
Davenport L.,Hard,last_month,0,0,0,0.0,1500.0
Davenport L.,Carpet,all,0,0,0,0.0,1500.0
Davenport L.,Carpet,last_year,0,0,0,0.0,1500.0
Davenport L.,Carpet,last_month,0,0,0,0.0,1500.0
Davenport L.,Clay,all,4,4,0,1.0,1506.9032058331327
Davenport L.,Clay,last_year,0,0,0,0.0,1500.0
Davenport L.,Clay,last_month,0,0,0,0.0,1500.0
Davenport L.,Grass,all,1,1,0,1.0,1516.0
Davenport L.,Grass,last_year,0,0,0,0.0,1500.0
Davenport L.,Grass,last_month,0,0,0,0.0,1500.0
Davenport L.,Greenset,all,0,0,0,0.0,1500.0
Davenport L.,Greenset,last_year,0,0,0,0.0,1500.0
Davenport L.,Greenset,last_month,0,0,0,0.0,1500.0
Tjandramulia O.,Hard,all,1,0,1,1.0,1486.211645675643
Tjandramulia O.,Hard,last_year,0,0,0,0.0,1500.0
Tjandramulia O.,Hard,last_month,0,0,0,0.0,1500.0
Tjandramulia O.,Carpet,all,0,0,0,0.0,1500.0
Tjandramulia O.,Carpet,last_year,0,0,0,0.0,1500.0
Tjandramulia O.,Carpet,last_month,0,0,0,0.0,1500.0
Tjandramulia O.,Clay,all,0,0,0,0.0,1500.0
Tjandramulia O.,Clay,last_year,0,0,0,0.0,1500.0
Tjandramulia O.,Clay,last_month,0,0,0,0.0,1500.0
Tjandramulia O.,Grass,all,0,0,0,0.0,1500.0
Tjandramulia O.,Grass,last_year,0,0,0,0.0,1500.0
Tjandramulia O.,Grass,last_month,0,0,0,0.0,1500.0
Tjandramulia O.,Greenset,all,0,0,0,0.0,1500.0
Tjandramulia O.,Greenset,last_year,0,0,0,0.0,1500.0
Tjandramulia O.,Greenset,last_month,0,0,0,0.0,1500.0
Zec Peskiric M.,Hard,all,4,0,4,1.0,1526.1073308454995
Zec Peskiric M.,Hard,last_year,0,0,0,0.0,1500.0
Zec Peskiric M.,Hard,last_month,0,0,0,0.0,1500.0
Zec Peskiric M.,Carpet,all,0,0,0,0.0,1500.0
Zec Peskiric M.,Carpet,last_year,0,0,0,0.0,1500.0
Zec Peskiric M.,Carpet,last_month,0,0,0,0.0,1500.0
Zec Peskiric M.,Clay,all,19,5,14,0.7368421052631579,1444.8951248101096
Zec Peskiric M.,Clay,last_year,0,0,0,0.0,1500.0
Zec Peskiric M.,Clay,last_month,0,0,0,0.0,1500.0
Zec Peskiric M.,Grass,all,1,0,1,1.0,1483.2113431782516
Zec Peskiric M.,Grass,last_year,0,0,0,0.0,1500.0
Zec Peskiric M.,Grass,last_month,0,0,0,0.0,1500.0
Zec Peskiric M.,Greenset,all,0,0,0,0.0,1500.0
Zec Peskiric M.,Greenset,last_year,0,0,0,0.0,1500.0
Zec Peskiric M.,Greenset,last_month,0,0,0,0.0,1500.0
Lee G.,Hard,all,0,0,0,0.0,1500.0
Lee G.,Hard,last_year,0,0,0,0.0,1500.0
Lee G.,Hard,last_month,0,0,0,0.0,1500.0
Lee G.,Carpet,all,0,0,0,0.0,1500.0
Lee G.,Carpet,last_year,0,0,0,0.0,1500.0
Lee G.,Carpet,last_month,0,0,0,0.0,1500.0
Lee G.,Clay,all,6,1,5,0.8333333333333334,1494.4398115715371
Lee G.,Clay,last_year,0,0,0,0.0,1500.0
Lee G.,Clay,last_month,0,0,0,0.0,1500.0
Lee G.,Grass,all,0,0,0,0.0,1500.0
Lee G.,Grass,last_year,0,0,0,0.0,1500.0
Lee G.,Grass,last_month,0,0,0,0.0,1500.0
Lee G.,Greenset,all,0,0,0,0.0,1500.0
Lee G.,Greenset,last_year,0,0,0,0.0,1500.0
Lee G.,Greenset,last_month,0,0,0,0.0,1500.0
El Allami Zhara F.,Hard,all,0,0,0,0.0,1500.0
El Allami Zhara F.,Hard,last_year,0,0,0,0.0,1500.0
El Allami Zhara F.,Hard,last_month,0,0,0,0.0,1500.0
El Allami Zhara F.,Carpet,all,0,0,0,0.0,1500.0
El Allami Zhara F.,Carpet,last_year,0,0,0,0.0,1500.0
El Allami Zhara F.,Carpet,last_month,0,0,0,0.0,1500.0
El Allami Zhara F.,Clay,all,4,0,4,1.0,1529.3225283332324
El Allami Zhara F.,Clay,last_year,0,0,0,0.0,1500.0
El Allami Zhara F.,Clay,last_month,0,0,0,0.0,1500.0
El Allami Zhara F.,Grass,all,0,0,0,0.0,1500.0
El Allami Zhara F.,Grass,last_year,0,0,0,0.0,1500.0
El Allami Zhara F.,Grass,last_month,0,0,0,0.0,1500.0
El Allami Zhara F.,Greenset,all,0,0,0,0.0,1500.0
El Allami Zhara F.,Greenset,last_year,0,0,0,0.0,1500.0
El Allami Zhara F.,Greenset,last_month,0,0,0,0.0,1500.0
Dzehalevich E.,Hard,all,4,0,4,1.0,1502.3484776437085
Dzehalevich E.,Hard,last_year,0,0,0,0.0,1500.0
Dzehalevich E.,Hard,last_month,0,0,0,0.0,1500.0
Dzehalevich E.,Carpet,all,0,0,0,0.0,1500.0
Dzehalevich E.,Carpet,last_year,0,0,0,0.0,1500.0
Dzehalevich E.,Carpet,last_month,0,0,0,0.0,1500.0
Dzehalevich E.,Clay,all,10,3,7,0.7,1443.814685700206
Dzehalevich E.,Clay,last_year,0,0,0,0.0,1500.0
Dzehalevich E.,Clay,last_month,0,0,0,0.0,1500.0
Dzehalevich E.,Grass,all,1,0,1,1.0,1515.8077781838722
Dzehalevich E.,Grass,last_year,0,0,0,0.0,1500.0
Dzehalevich E.,Grass,last_month,0,0,0,0.0,1500.0
Dzehalevich E.,Greenset,all,0,0,0,0.0,1500.0
Dzehalevich E.,Greenset,last_year,0,0,0,0.0,1500.0
Dzehalevich E.,Greenset,last_month,0,0,0,0.0,1500.0
Beck An.,Hard,all,2,1,1,0.5,1535.4682007825227
Beck An.,Hard,last_year,0,0,0,0.0,1500.0
Beck An.,Hard,last_month,0,0,0,0.0,1500.0
Beck An.,Carpet,all,0,0,0,0.0,1500.0
Beck An.,Carpet,last_year,0,0,0,0.0,1500.0
Beck An.,Carpet,last_month,0,0,0,0.0,1500.0
Beck An.,Clay,all,0,0,0,0.0,1500.0
Beck An.,Clay,last_year,0,0,0,0.0,1500.0
Beck An.,Clay,last_month,0,0,0,0.0,1500.0
Beck An.,Grass,all,0,0,0,0.0,1500.0
Beck An.,Grass,last_year,0,0,0,0.0,1500.0
Beck An.,Grass,last_month,0,0,0,0.0,1500.0
Beck An.,Greenset,all,0,0,0,0.0,1500.0
Beck An.,Greenset,last_year,0,0,0,0.0,1500.0
Beck An.,Greenset,last_month,0,0,0,0.0,1500.0
Medina G. A.,Hard,all,0,0,0,0.0,1500.0
Medina G. A.,Hard,last_year,0,0,0,0.0,1500.0
Medina G. A.,Hard,last_month,0,0,0,0.0,1500.0
Medina G. A.,Carpet,all,0,0,0,0.0,1500.0
Medina G. A.,Carpet,last_year,0,0,0,0.0,1500.0
Medina G. A.,Carpet,last_month,0,0,0,0.0,1500.0
Medina G. A.,Clay,all,0,0,0,0.0,1500.0
Medina G. A.,Clay,last_year,0,0,0,0.0,1500.0
Medina G. A.,Clay,last_month,0,0,0,0.0,1500.0
Medina G. A.,Grass,all,1,0,1,1.0,1517.60396762784
Medina G. A.,Grass,last_year,0,0,0,0.0,1500.0
Medina G. A.,Grass,last_month,0,0,0,0.0,1500.0
Medina G. A.,Greenset,all,0,0,0,0.0,1500.0
Medina G. A.,Greenset,last_year,0,0,0,0.0,1500.0
Medina G. A.,Greenset,last_month,0,0,0,0.0,1500.0
Jidkova A.,Hard,all,10,2,8,0.8,1503.9365692056858
Jidkova A.,Hard,last_year,0,0,0,0.0,1500.0
Jidkova A.,Hard,last_month,0,0,0,0.0,1500.0
Jidkova A.,Carpet,all,0,0,0,0.0,1500.0
Jidkova A.,Carpet,last_year,0,0,0,0.0,1500.0
Jidkova A.,Carpet,last_month,0,0,0,0.0,1500.0
Jidkova A.,Clay,all,4,0,4,1.0,1500.1594420307515
Jidkova A.,Clay,last_year,0,0,0,0.0,1500.0
Jidkova A.,Clay,last_month,0,0,0,0.0,1500.0
Jidkova A.,Grass,all,0,0,0,0.0,1500.0
Jidkova A.,Grass,last_year,0,0,0,0.0,1500.0
Jidkova A.,Grass,last_month,0,0,0,0.0,1500.0
Jidkova A.,Greenset,all,0,0,0,0.0,1500.0
Jidkova A.,Greenset,last_year,0,0,0,0.0,1500.0
Jidkova A.,Greenset,last_month,0,0,0,0.0,1500.0
Baltacha E.,Hard,all,53,23,30,0.5660377358490566,1471.377462765433
Baltacha E.,Hard,last_year,0,0,0,0.0,1500.0
Baltacha E.,Hard,last_month,0,0,0,0.0,1500.0
Baltacha E.,Carpet,all,0,0,0,0.0,1500.0
Baltacha E.,Carpet,last_year,0,0,0,0.0,1500.0
Baltacha E.,Carpet,last_month,0,0,0,0.0,1500.0
Baltacha E.,Clay,all,15,5,10,0.6666666666666666,1479.9843878765541
Baltacha E.,Clay,last_year,0,0,0,0.0,1500.0
Baltacha E.,Clay,last_month,0,0,0,0.0,1500.0
Baltacha E.,Grass,all,26,10,16,0.6153846153846154,1544.0242250403035
Baltacha E.,Grass,last_year,0,0,0,0.0,1500.0
Baltacha E.,Grass,last_month,0,0,0,0.0,1500.0
Baltacha E.,Greenset,all,0,0,0,0.0,1500.0
Baltacha E.,Greenset,last_year,0,0,0,0.0,1500.0
Baltacha E.,Greenset,last_month,0,0,0,0.0,1500.0
Silva N.,Hard,all,3,1,2,0.6666666666666666,1519.0661248453478
Silva N.,Hard,last_year,0,0,0,0.0,1500.0
Silva N.,Hard,last_month,0,0,0,0.0,1500.0
Silva N.,Carpet,all,0,0,0,0.0,1500.0
Silva N.,Carpet,last_year,0,0,0,0.0,1500.0
Silva N.,Carpet,last_month,0,0,0,0.0,1500.0
Silva N.,Clay,all,3,0,3,1.0,1515.3777824485169
Silva N.,Clay,last_year,0,0,0,0.0,1500.0
Silva N.,Clay,last_month,0,0,0,0.0,1500.0
Silva N.,Grass,all,1,0,1,1.0,1514.8446023831257
Silva N.,Grass,last_year,0,0,0,0.0,1500.0
Silva N.,Grass,last_month,0,0,0,0.0,1500.0
Silva N.,Greenset,all,0,0,0,0.0,1500.0
Silva N.,Greenset,last_year,0,0,0,0.0,1500.0
Silva N.,Greenset,last_month,0,0,0,0.0,1500.0
Groth J.,Hard,all,36,18,18,0.5,1584.7210627107495
Groth J.,Hard,last_year,0,0,0,0.0,1500.0
Groth J.,Hard,last_month,0,0,0,0.0,1500.0
Groth J.,Carpet,all,0,0,0,0.0,1500.0
Groth J.,Carpet,last_year,0,0,0,0.0,1500.0
Groth J.,Carpet,last_month,0,0,0,0.0,1500.0
Groth J.,Clay,all,20,13,7,0.35,1481.022719111542
Groth J.,Clay,last_year,0,0,0,0.0,1500.0
Groth J.,Clay,last_month,0,0,0,0.0,1500.0
Groth J.,Grass,all,11,6,5,0.45454545454545453,1483.1980812534823
Groth J.,Grass,last_year,0,0,0,0.0,1500.0
Groth J.,Grass,last_month,0,0,0,0.0,1500.0
Groth J.,Greenset,all,0,0,0,0.0,1500.0
Groth J.,Greenset,last_year,0,0,0,0.0,1500.0
Groth J.,Greenset,last_month,0,0,0,0.0,1500.0
Mitu A.,Hard,all,10,1,9,0.9,1453.6597797032582
Mitu A.,Hard,last_year,0,0,0,0.0,1500.0
Mitu A.,Hard,last_month,0,0,0,0.0,1500.0
Mitu A.,Carpet,all,0,0,0,0.0,1500.0
Mitu A.,Carpet,last_year,0,0,0,0.0,1500.0
Mitu A.,Carpet,last_month,0,0,0,0.0,1500.0
Mitu A.,Clay,all,21,9,12,0.5714285714285714,1504.2402601379797
Mitu A.,Clay,last_year,0,0,0,0.0,1500.0
Mitu A.,Clay,last_month,0,0,0,0.0,1500.0
Mitu A.,Grass,all,3,0,3,1.0,1546.78106108986
Mitu A.,Grass,last_year,0,0,0,0.0,1500.0
Mitu A.,Grass,last_month,0,0,0,0.0,1500.0
Mitu A.,Greenset,all,0,0,0,0.0,1500.0
Mitu A.,Greenset,last_year,0,0,0,0.0,1500.0
Mitu A.,Greenset,last_month,0,0,0,0.0,1500.0
Stojanovic N.,Hard,all,36,16,20,0.5555555555555556,1531.4144463091
Stojanovic N.,Hard,last_year,3,2,1,0.3333333333333333,1514.705688531473
Stojanovic N.,Hard,last_month,0,0,0,0.0,1500.0
Stojanovic N.,Carpet,all,0,0,0,0.0,1500.0
Stojanovic N.,Carpet,last_year,0,0,0,0.0,1500.0
Stojanovic N.,Carpet,last_month,0,0,0,0.0,1500.0
Stojanovic N.,Clay,all,13,4,9,0.6923076923076923,1526.1287071677202
Stojanovic N.,Clay,last_year,0,0,0,0.0,1500.0
Stojanovic N.,Clay,last_month,0,0,0,0.0,1500.0
Stojanovic N.,Grass,all,7,3,4,0.5714285714285714,1482.6285957031378
Stojanovic N.,Grass,last_year,1,0,1,1.0,1483.1317717376537
Stojanovic N.,Grass,last_month,1,0,1,1.0,1484.0
Stojanovic N.,Greenset,all,0,0,0,0.0,1500.0
Stojanovic N.,Greenset,last_year,0,0,0,0.0,1500.0
Stojanovic N.,Greenset,last_month,0,0,0,0.0,1500.0
Bohmova K.,Hard,all,0,0,0,0.0,1500.0
Bohmova K.,Hard,last_year,0,0,0,0.0,1500.0
Bohmova K.,Hard,last_month,0,0,0,0.0,1500.0
Bohmova K.,Carpet,all,0,0,0,0.0,1500.0
Bohmova K.,Carpet,last_year,0,0,0,0.0,1500.0
Bohmova K.,Carpet,last_month,0,0,0,0.0,1500.0
Bohmova K.,Clay,all,1,0,1,1.0,1516.0
Bohmova K.,Clay,last_year,0,0,0,0.0,1500.0
Bohmova K.,Clay,last_month,0,0,0,0.0,1500.0
Bohmova K.,Grass,all,0,0,0,0.0,1500.0
Bohmova K.,Grass,last_year,0,0,0,0.0,1500.0
Bohmova K.,Grass,last_month,0,0,0,0.0,1500.0
Bohmova K.,Greenset,all,0,0,0,0.0,1500.0
Bohmova K.,Greenset,last_year,0,0,0,0.0,1500.0
Bohmova K.,Greenset,last_month,0,0,0,0.0,1500.0
Shymanovich I.,Hard,all,4,1,3,0.75,1525.2771185329584
Shymanovich I.,Hard,last_year,0,0,0,0.0,1500.0
Shymanovich I.,Hard,last_month,0,0,0,0.0,1500.0
Shymanovich I.,Carpet,all,0,0,0,0.0,1500.0
Shymanovich I.,Carpet,last_year,0,0,0,0.0,1500.0
Shymanovich I.,Carpet,last_month,0,0,0,0.0,1500.0
Shymanovich I.,Clay,all,5,2,3,0.6,1521.9387751857957
Shymanovich I.,Clay,last_year,2,1,1,0.5,1499.263693206478
Shymanovich I.,Clay,last_month,0,0,0,0.0,1500.0
Shymanovich I.,Grass,all,0,0,0,0.0,1500.0
Shymanovich I.,Grass,last_year,0,0,0,0.0,1500.0
Shymanovich I.,Grass,last_month,0,0,0,0.0,1500.0
Shymanovich I.,Greenset,all,0,0,0,0.0,1500.0
Shymanovich I.,Greenset,last_year,0,0,0,0.0,1500.0
Shymanovich I.,Greenset,last_month,0,0,0,0.0,1500.0
Schmiedlova A.K.,Hard,all,1,0,1,1.0,1484.5327767064896
Schmiedlova A.K.,Hard,last_year,0,0,0,0.0,1500.0
Schmiedlova A.K.,Hard,last_month,0,0,0,0.0,1500.0
Schmiedlova A.K.,Carpet,all,0,0,0,0.0,1500.0
Schmiedlova A.K.,Carpet,last_year,0,0,0,0.0,1500.0
Schmiedlova A.K.,Carpet,last_month,0,0,0,0.0,1500.0
Schmiedlova A.K.,Clay,all,0,0,0,0.0,1500.0
Schmiedlova A.K.,Clay,last_year,0,0,0,0.0,1500.0
Schmiedlova A.K.,Clay,last_month,0,0,0,0.0,1500.0
Schmiedlova A.K.,Grass,all,0,0,0,0.0,1500.0
Schmiedlova A.K.,Grass,last_year,0,0,0,0.0,1500.0
Schmiedlova A.K.,Grass,last_month,0,0,0,0.0,1500.0
Schmiedlova A.K.,Greenset,all,0,0,0,0.0,1500.0
Schmiedlova A.K.,Greenset,last_year,0,0,0,0.0,1500.0
Schmiedlova A.K.,Greenset,last_month,0,0,0,0.0,1500.0
Zantedeschi A.,Hard,all,0,0,0,0.0,1500.0
Zantedeschi A.,Hard,last_year,0,0,0,0.0,1500.0
Zantedeschi A.,Hard,last_month,0,0,0,0.0,1500.0
Zantedeschi A.,Carpet,all,0,0,0,0.0,1500.0
Zantedeschi A.,Carpet,last_year,0,0,0,0.0,1500.0
Zantedeschi A.,Carpet,last_month,0,0,0,0.0,1500.0
Zantedeschi A.,Clay,all,1,0,1,1.0,1485.1624800703157
Zantedeschi A.,Clay,last_year,0,0,0,0.0,1500.0
Zantedeschi A.,Clay,last_month,0,0,0,0.0,1500.0
Zantedeschi A.,Grass,all,0,0,0,0.0,1500.0
Zantedeschi A.,Grass,last_year,0,0,0,0.0,1500.0
Zantedeschi A.,Grass,last_month,0,0,0,0.0,1500.0
Zantedeschi A.,Greenset,all,0,0,0,0.0,1500.0
Zantedeschi A.,Greenset,last_year,0,0,0,0.0,1500.0
Zantedeschi A.,Greenset,last_month,0,0,0,0.0,1500.0
Iyer T.,Hard,all,1,0,1,1.0,1515.263693206478
Iyer T.,Hard,last_year,0,0,0,0.0,1500.0
Iyer T.,Hard,last_month,0,0,0,0.0,1500.0
Iyer T.,Carpet,all,0,0,0,0.0,1500.0
Iyer T.,Carpet,last_year,0,0,0,0.0,1500.0
Iyer T.,Carpet,last_month,0,0,0,0.0,1500.0
Iyer T.,Clay,all,0,0,0,0.0,1500.0
Iyer T.,Clay,last_year,0,0,0,0.0,1500.0
Iyer T.,Clay,last_month,0,0,0,0.0,1500.0
Iyer T.,Grass,all,0,0,0,0.0,1500.0
Iyer T.,Grass,last_year,0,0,0,0.0,1500.0
Iyer T.,Grass,last_month,0,0,0,0.0,1500.0
Iyer T.,Greenset,all,1,0,1,1.0,1484.0
Iyer T.,Greenset,last_year,0,0,0,0.0,1500.0
Iyer T.,Greenset,last_month,0,0,0,0.0,1500.0
Melichar N.,Hard,all,1,0,1,1.0,1514.554327999135
Melichar N.,Hard,last_year,0,0,0,0.0,1500.0
Melichar N.,Hard,last_month,0,0,0,0.0,1500.0
Melichar N.,Carpet,all,0,0,0,0.0,1500.0
Melichar N.,Carpet,last_year,0,0,0,0.0,1500.0
Melichar N.,Carpet,last_month,0,0,0,0.0,1500.0
Melichar N.,Clay,all,0,0,0,0.0,1500.0
Melichar N.,Clay,last_year,0,0,0,0.0,1500.0
Melichar N.,Clay,last_month,0,0,0,0.0,1500.0
Melichar N.,Grass,all,0,0,0,0.0,1500.0
Melichar N.,Grass,last_year,0,0,0,0.0,1500.0
Melichar N.,Grass,last_month,0,0,0,0.0,1500.0
Melichar N.,Greenset,all,0,0,0,0.0,1500.0
Melichar N.,Greenset,last_year,0,0,0,0.0,1500.0
Melichar N.,Greenset,last_month,0,0,0,0.0,1500.0
Llagostera V.,Hard,all,1,0,1,1.0,1515.9503874968586
Llagostera V.,Hard,last_year,0,0,0,0.0,1500.0
Llagostera V.,Hard,last_month,0,0,0,0.0,1500.0
Llagostera V.,Carpet,all,0,0,0,0.0,1500.0
Llagostera V.,Carpet,last_year,0,0,0,0.0,1500.0
Llagostera V.,Carpet,last_month,0,0,0,0.0,1500.0
Llagostera V.,Clay,all,1,0,1,1.0,1486.7233163966187
Llagostera V.,Clay,last_year,0,0,0,0.0,1500.0
Llagostera V.,Clay,last_month,0,0,0,0.0,1500.0
Llagostera V.,Grass,all,0,0,0,0.0,1500.0
Llagostera V.,Grass,last_year,0,0,0,0.0,1500.0
Llagostera V.,Grass,last_month,0,0,0,0.0,1500.0
Llagostera V.,Greenset,all,0,0,0,0.0,1500.0
Llagostera V.,Greenset,last_year,0,0,0,0.0,1500.0
Llagostera V.,Greenset,last_month,0,0,0,0.0,1500.0
Vogt S.,Hard,all,0,0,0,0.0,1500.0
Vogt S.,Hard,last_year,0,0,0,0.0,1500.0
Vogt S.,Hard,last_month,0,0,0,0.0,1500.0
Vogt S.,Carpet,all,0,0,0,0.0,1500.0
Vogt S.,Carpet,last_year,0,0,0,0.0,1500.0
Vogt S.,Carpet,last_month,0,0,0,0.0,1500.0
Vogt S.,Clay,all,1,0,1,1.0,1486.7064964446747
Vogt S.,Clay,last_year,0,0,0,0.0,1500.0
Vogt S.,Clay,last_month,0,0,0,0.0,1500.0
Vogt S.,Grass,all,0,0,0,0.0,1500.0
Vogt S.,Grass,last_year,0,0,0,0.0,1500.0
Vogt S.,Grass,last_month,0,0,0,0.0,1500.0
Vogt S.,Greenset,all,0,0,0,0.0,1500.0
Vogt S.,Greenset,last_year,0,0,0,0.0,1500.0
Vogt S.,Greenset,last_month,0,0,0,0.0,1500.0
Cengiz B.,Hard,all,0,0,0,0.0,1500.0
Cengiz B.,Hard,last_year,0,0,0,0.0,1500.0
Cengiz B.,Hard,last_month,0,0,0,0.0,1500.0
Cengiz B.,Carpet,all,0,0,0,0.0,1500.0
Cengiz B.,Carpet,last_year,0,0,0,0.0,1500.0
Cengiz B.,Carpet,last_month,0,0,0,0.0,1500.0
Cengiz B.,Clay,all,2,0,2,1.0,1470.397666618757
Cengiz B.,Clay,last_year,0,0,0,0.0,1500.0
Cengiz B.,Clay,last_month,0,0,0,0.0,1500.0
Cengiz B.,Grass,all,0,0,0,0.0,1500.0
Cengiz B.,Grass,last_year,0,0,0,0.0,1500.0
Cengiz B.,Grass,last_month,0,0,0,0.0,1500.0
Cengiz B.,Greenset,all,0,0,0,0.0,1500.0
Cengiz B.,Greenset,last_year,0,0,0,0.0,1500.0
Cengiz B.,Greenset,last_month,0,0,0,0.0,1500.0
Dabrowski G.,Hard,all,7,0,7,1.0,1501.1707158993318
Dabrowski G.,Hard,last_year,0,0,0,0.0,1500.0
Dabrowski G.,Hard,last_month,0,0,0,0.0,1500.0
Dabrowski G.,Carpet,all,0,0,0,0.0,1500.0
Dabrowski G.,Carpet,last_year,0,0,0,0.0,1500.0
Dabrowski G.,Carpet,last_month,0,0,0,0.0,1500.0
Dabrowski G.,Clay,all,4,1,3,0.75,1531.4710355684797
Dabrowski G.,Clay,last_year,0,0,0,0.0,1500.0
Dabrowski G.,Clay,last_month,0,0,0,0.0,1500.0
Dabrowski G.,Grass,all,0,0,0,0.0,1500.0
Dabrowski G.,Grass,last_year,0,0,0,0.0,1500.0
Dabrowski G.,Grass,last_month,0,0,0,0.0,1500.0
Dabrowski G.,Greenset,all,0,0,0,0.0,1500.0
Dabrowski G.,Greenset,last_year,0,0,0,0.0,1500.0
Dabrowski G.,Greenset,last_month,0,0,0,0.0,1500.0
Gervais J.,Hard,all,0,0,0,0.0,1500.0
Gervais J.,Hard,last_year,0,0,0,0.0,1500.0
Gervais J.,Hard,last_month,0,0,0,0.0,1500.0
Gervais J.,Carpet,all,0,0,0,0.0,1500.0
Gervais J.,Carpet,last_year,0,0,0,0.0,1500.0
Gervais J.,Carpet,last_month,0,0,0,0.0,1500.0
Gervais J.,Clay,all,1,0,1,1.0,1519.7176055139632
Gervais J.,Clay,last_year,0,0,0,0.0,1500.0
Gervais J.,Clay,last_month,0,0,0,0.0,1500.0
Gervais J.,Grass,all,0,0,0,0.0,1500.0
Gervais J.,Grass,last_year,0,0,0,0.0,1500.0
Gervais J.,Grass,last_month,0,0,0,0.0,1500.0
Gervais J.,Greenset,all,0,0,0,0.0,1500.0
Gervais J.,Greenset,last_year,0,0,0,0.0,1500.0
Gervais J.,Greenset,last_month,0,0,0,0.0,1500.0
Bukta A.,Hard,all,0,0,0,0.0,1500.0
Bukta A.,Hard,last_year,0,0,0,0.0,1500.0
Bukta A.,Hard,last_month,0,0,0,0.0,1500.0
Bukta A.,Carpet,all,0,0,0,0.0,1500.0
Bukta A.,Carpet,last_year,0,0,0,0.0,1500.0
Bukta A.,Carpet,last_month,0,0,0,0.0,1500.0
Bukta A.,Clay,all,2,1,1,0.5,1468.3898424771144
Bukta A.,Clay,last_year,0,0,0,0.0,1500.0
Bukta A.,Clay,last_month,0,0,0,0.0,1500.0
Bukta A.,Grass,all,0,0,0,0.0,1500.0
Bukta A.,Grass,last_year,0,0,0,0.0,1500.0
Bukta A.,Grass,last_month,0,0,0,0.0,1500.0
Bukta A.,Greenset,all,0,0,0,0.0,1500.0
Bukta A.,Greenset,last_year,0,0,0,0.0,1500.0
Bukta A.,Greenset,last_month,0,0,0,0.0,1500.0
De Vroome I.,Hard,all,4,1,3,0.75,1565.9644152102883
De Vroome I.,Hard,last_year,0,0,0,0.0,1500.0
De Vroome I.,Hard,last_month,0,0,0,0.0,1500.0
De Vroome I.,Carpet,all,0,0,0,0.0,1500.0
De Vroome I.,Carpet,last_year,0,0,0,0.0,1500.0
De Vroome I.,Carpet,last_month,0,0,0,0.0,1500.0
De Vroome I.,Clay,all,1,0,1,1.0,1486.4212185037823
De Vroome I.,Clay,last_year,0,0,0,0.0,1500.0
De Vroome I.,Clay,last_month,0,0,0,0.0,1500.0
De Vroome I.,Grass,all,1,0,1,1.0,1484.0030118002503
De Vroome I.,Grass,last_year,0,0,0,0.0,1500.0
De Vroome I.,Grass,last_month,0,0,0,0.0,1500.0
De Vroome I.,Greenset,all,0,0,0,0.0,1500.0
De Vroome I.,Greenset,last_year,0,0,0,0.0,1500.0
De Vroome I.,Greenset,last_month,0,0,0,0.0,1500.0
